UJAHR;UMONAT;USTUNDE;UWOCHENTAG;UKATEGORIE;UART;UTYP1;ULICHTVERH;IstRad;IstPKW;IstFuss;IstKrad;IstGkfz;IstSonstige;USTRZUSTAND;LINREFX;LINREFY;XGCSWGS84;YGCSWGS84
2020;7;13;6;3;2;6;0;0;1;0;0;0;0;0;796477,815;5822590,107;13,36587252;52,47278082
2020;4;23;1;3;5;2;2;0;1;0;0;0;0;0;801343,2412;5830998,643;13,44490001;52,54548562
2020;10;13;3;3;5;2;0;0;1;0;0;0;0;0;793110,666;5820191,107;13,31433531;52,45309167
2020;8;18;2;3;6;4;0;1;0;1;0;0;0;0;798078,8288;5827663,49;13,39391319;52,51738622
2020;7;5;1;3;0;1;1;0;0;0;0;0;1;0;798895,6698;5828078,134;13,40628797;52,52065584
2020;6;16;4;3;5;2;0;1;1;0;0;0;0;0;803078,8308;5827635,245;13,46734993;52,51437749
2020;11;5;2;3;0;1;2;0;0;0;1;0;0;1;791263,3086;5824601,264;13,29107791;52,49361636
2020;4;15;1;3;5;2;0;0;1;0;1;0;0;0;802589,4702;5827701,802;13,4602211;52,51524574
2020;9;3;4;3;0;1;2;1;0;0;0;0;0;0;797223,1087;5826762,092;13,38053423;52,50977323
2020;11;14;7;3;2;6;0;0;1;0;0;0;0;0;790670,437;5825008,856;13,28272554;52,4975865
2020;6;20;5;2;3;6;0;1;0;0;0;0;0;0;796267,0314;5830144,649;13,36950152;52,54061461
2020;4;14;1;3;4;6;0;1;1;0;0;0;0;0;803971,673;5824574,932;13,4776735;52,48645195
2020;8;18;2;2;8;1;0;1;0;0;1;0;0;0;801872,8585;5826521,777;13,44862254;52,5050662
2020;7;16;4;2;2;6;0;0;1;0;0;0;0;0;796012,9753;5822712,911;13,3591579;52,47413376
2020;4;18;1;2;5;2;0;1;1;0;0;0;0;0;798153,948;5836016,099;13,40251882;52,59221462
2020;10;15;4;3;2;6;0;0;1;0;0;0;0;0;793839,3181;5820843,42;13,32560134;52,45854821
2020;12;19;3;3;2;6;1;0;1;0;0;0;1;1;791070,4272;5834062,704;13,29653196;52,57854009
2020;8;17;4;3;0;5;0;0;1;0;1;0;0;0;793402,5672;5826858,662;13,32448685;52,51270726
2020;7;1;2;3;0;1;2;1;0;0;0;0;0;0;802044,0798;5828031,873;13,45250799;52,51850647
2020;5;21;5;3;5;2;2;0;1;0;0;0;1;0;793298,7697;5826822,901;13,32293018;52,5124425
2020;10;9;2;3;2;6;0;0;1;0;0;0;0;1;803107,8064;5827649,154;13,46778829;52,51448606
2020;4;13;1;3;7;7;0;0;1;0;0;0;0;0;782234,3644;5825039,862;13,15881615;52,50229296
2020;9;16;6;3;5;2;0;1;0;0;0;0;1;0;790946,562;5818773,475;13,28134383;52,44153857
2020;11;6;4;3;5;2;1;1;1;0;0;0;0;1;802580,7007;5825075,569;13,45770576;52,4917118
2020;5;14;5;3;6;4;0;0;1;1;0;0;0;0;789552,552;5817982,139;13,26020684;52,43518383
2020;8;14;3;3;0;6;0;0;1;0;1;0;0;0;796429,9592;5815414,705;13,35880551;52,40848492
2020;6;8;5;3;2;6;0;0;1;0;0;1;0;1;799218,7807;5831416,86;13,41404184;52,5504052
2020;5;18;5;3;2;6;0;0;1;0;0;0;0;0;792537,5792;5832480,319;13,31672631;52,56356798
2020;4;18;7;2;5;2;0;1;1;0;0;0;0;0;804236,0589;5827533,175;13,48425738;52,51281844
2020;10;17;5;2;0;1;0;0;0;0;1;0;0;0;790276,3821;5825477,477;13,2773456;52,5019975
2020;12;14;2;3;3;6;0;0;1;0;0;0;1;0;789291,9496;5826180,737;13,26349438;52,50882524
2020;8;17;5;3;5;2;0;1;1;0;0;0;0;0;795766,4058;5832694,689;13,36441297;52,56374521
2020;6;17;2;3;3;1;0;1;1;0;0;0;0;1;797777,3164;5823508,969;13,38576841;52,48031053
2020;4;19;7;3;0;1;0;1;0;0;0;0;0;0;802032,1136;5828101,201;13,45239512;52,51913448
2020;10;23;2;3;1;5;2;1;0;0;1;0;0;1;799179,7632;5830861,321;13,41296765;52,5454471
2020;4;19;7;3;5;7;0;0;1;0;0;0;1;0;802063,957;5828101,286;13,45286307;52,51911761
2020;11;18;6;3;3;6;2;0;1;0;0;0;0;0;798336,674;5833473,712;13,40291995;52,56932574
2020;9;15;5;3;2;6;0;0;1;0;0;0;0;0;790701,8009;5826177,718;13,28420673;52,50804871
2020;4;17;7;2;2;6;0;0;1;0;0;0;0;0;805535,4163;5818918,073;13,4954539;52,43487933
2020;5;14;5;3;5;2;0;1;1;0;0;0;0;0;794455,9891;5834358,683;13,34661417;52,5793719
2020;8;22;5;3;0;1;2;0;0;0;1;0;0;0;792088,319;5832651,256;13,31026786;52,56534157
2020;7;17;7;3;2;6;0;0;1;0;0;0;0;0;804267,5776;5827530,053;13,48471754;52,51277287
2020;6;13;7;3;4;6;0;1;0;0;0;0;0;0;805546,2395;5822171,783;13,49858878;52,46403488
2020;5;7;5;3;5;2;0;1;0;0;0;1;0;0;802178,5288;5827741,531;13,45421973;52,51582966
2020;8;19;4;3;5;3;1;1;1;0;0;0;0;1;801816,5595;5827765,484;13,44892339;52,51624478
2020;6;12;6;3;5;3;0;0;1;0;0;0;0;0;790942,728;5818771,219;13,28128562;52,44152039
2020;4;14;6;2;1;5;0;1;1;0;0;0;0;0;798256,6651;5834745,938;13,40288736;52,58077322
2020;10;13;6;3;0;7;0;1;1;0;0;0;0;0;797785,0059;5824803,352;13,38703773;52,49190901
2020;12;15;3;3;2;6;0;0;1;0;0;0;0;0;790815,3674;5828925,646;13,28827783;52,53262331
2020;8;0;1;2;0;1;2;1;0;0;0;0;0;0;792505,3022;5819787,725;13,30509893;52,44979968
2020;6;10;2;3;5;2;0;1;1;0;0;0;0;0;791744,7587;5839579,084;13,31131723;52,62763112
2020;4;21;6;3;3;6;2;0;1;0;0;0;0;0;796015,6776;5829360,041;13,3651072;52,53371796
2020;10;9;4;3;0;7;0;1;0;0;0;0;1;1;799221,6515;5831470,468;13,41413236;52,55088414
2020;4;18;6;3;2;6;0;0;1;0;0;0;0;0;796430,3657;5826362,011;13,36853129;52,50661824
2020;9;20;1;3;0;6;2;0;1;0;1;0;0;0;799217,4334;5831384,622;13,41399298;52,55011698
2020;11;10;6;3;0;7;0;0;1;0;0;0;0;0;799133,0666;5816617,418;13,39950108;52,41779567
2020;9;15;6;3;2;3;0;1;1;0;0;0;0;0;787907,8859;5817573,467;13,23572881;52,43238801
2020;4;19;5;3;2;3;0;0;1;0;0;0;0;0;796276,4491;5830298,658;13,36977732;52,54199003
2020;5;15;4;3;5;2;0;1;1;0;0;0;0;0;802576,0683;5827687,261;13,46001098;52,51512284
2020;8;8;6;3;5;2;0;1;1;0;0;0;0;0;797848,686;5822305,299;13,38574131;52,46948207
2020;7;16;3;3;0;1;0;0;0;0;1;0;0;0;800385,869;5829539,511;13,42950534;52,53293574
2020;6;3;1;3;6;7;2;1;0;1;0;0;0;0;791906,8023;5838918,388;13,3131211;52,62162125
2020;4;14;5;3;0;6;0;0;0;0;1;0;1;0;799012,3206;5821809,377;13,4023763;52,46440113
2020;9;11;6;3;0;1;0;0;0;0;1;0;0;1;792380,978;5837729,812;13,31905507;52,61071135
2020;12;18;1;3;0;1;2;0;0;0;1;0;0;1;797292,245;5825592,558;13,38050565;52,49925198
2020;6;14;4;3;2;6;0;0;1;0;0;0;0;0;790694,9074;5826336,16;13,28424382;52,50947282
2020;4;10;5;2;5;2;0;1;1;0;0;0;0;0;795681,592;5832885,339;13,36333529;52,56550027
2020;11;8;5;3;5;2;0;1;1;0;0;0;0;0;795241,9043;5823528,273;13,34856039;52,48186026
2020;9;14;7;3;2;6;0;0;1;0;0;0;0;0;791083,0339;5829201,32;13,29245416;52,53495182
2020;7;14;5;3;2;6;0;0;1;0;0;0;1;0;790428,0902;5827723,185;13,28153415;52,52204971
2020;4;8;5;3;5;2;0;1;1;0;0;0;0;0;802987,1844;5827645,509;13,46601288;52,51452041
2020;10;21;7;2;0;1;2;0;0;0;1;0;0;0;791539,925;5830633,145;13,30042759;52,54754364
2020;8;11;2;2;0;6;0;1;0;0;0;0;1;0;798456,4409;5818180,549;13,39097603;52,43217681
2020;7;14;6;3;0;4;0;0;0;1;0;0;1;0;795243,0042;5823529,745;13,34857785;52,48187286
2020;6;11;3;3;5;3;0;0;1;0;0;0;0;0;797884,0724;5820428,218;13,3845856;52,4526368
2020;10;15;7;3;6;7;0;0;0;1;0;0;1;1;796003,2008;5824574,813;13,36066758;52,49082948
2020;4;22;4;3;3;6;2;0;1;0;0;0;1;0;795399,6961;5823424,016;13,35078483;52,48084033
2020;9;13;3;3;4;6;0;1;0;0;0;0;1;0;799165,0458;5830940,645;13,41282271;52,54616619
2020;11;16;6;3;5;3;2;1;1;0;0;0;0;0;803268,9338;5824397,53;13,46719457;52,48525271
2020;6;7;5;3;5;7;0;0;1;0;1;0;0;0;803724,4793;5834374,441;13,48299705;52,57441929
2020;4;18;4;2;3;6;0;0;1;0;1;0;0;0;803321,222;5833644,665;13,47639728;52,56810347
2020;8;13;2;3;3;6;0;0;1;0;0;0;0;0;808340,0204;5828034,955;13,54500683;52,51501105
2020;7;7;4;3;3;6;0;0;1;0;0;1;0;0;790869,128;5824710,147;13,28538331;52,4948027
2020;6;18;3;3;6;7;0;1;0;1;0;0;0;0;799802,2438;5813900,872;13,40687955;52,39307919
2020;4;10;4;3;5;2;0;0;1;0;0;0;1;0;799984,4071;5830223,911;13,42422234;52,53929135
2020;10;16;2;3;2;6;0;0;1;0;0;0;1;1;806095,1049;5821638,59;13,50615373;52,458949
2020;12;8;2;3;1;5;0;1;0;0;0;1;0;1;781158,349;5815419,302;13,13490246;52,416583
2020;8;9;4;2;5;3;0;1;0;0;0;0;0;0;798701,6594;5827896,885;13,40327432;52,5191375
2020;7;8;1;2;0;7;0;1;0;0;0;0;0;0;799468,9149;5830322,14;13,41673288;52,54045533
2020;5;10;4;3;5;3;0;1;0;0;0;0;1;0;799165,6915;5830372,818;13,41232082;52,54107614
2020;10;5;2;3;5;2;2;0;1;0;1;0;0;0;798004,3966;5819004,887;13,38508144;52,43981258
2020;4;16;4;3;5;2;0;0;1;0;1;0;0;0;793301,222;5826821,011;13,32296455;52,51242424
2020;9;8;5;3;5;2;0;1;1;0;0;0;0;0;798637,7066;5827034,516;13,40156061;52,51144258
2020;11;14;3;3;5;2;0;0;1;0;0;0;0;0;797869,8206;5820428,498;13,38437674;52,45264707
2020;5;14;4;3;5;2;0;0;1;0;0;0;1;0;799816,6255;5830255,23;13,42178414;52,5396644
2020;8;19;3;2;2;6;0;0;1;0;1;0;0;0;809468,7458;5827395,574;13,56099283;52,5086419
2020;6;13;5;3;2;6;0;0;1;0;0;0;0;0;808322,6809;5832066,247;13,54849132;52,55114859
2020;5;16;5;3;1;5;0;0;1;0;0;0;0;0;784739,4784;5815918,779;13,1878422;52,41921014
2020;4;11;3;2;6;2;0;0;0;1;0;0;1;0;795493,9963;5823365,291;13,35211733;52,48026289
2020;9;15;4;3;2;6;0;0;1;0;0;0;0;0;796423,9633;5827372,469;13,3693372;52,51567949
2020;12;10;7;3;5;3;0;0;1;0;0;0;0;0;786189,8159;5816768,274;13,20983761;52,42607022
2020;8;14;5;3;2;6;0;0;1;0;0;0;0;0;790653,9629;5827102,777;13,28431181;52,51636738
2020;6;13;1;3;0;2;0;0;1;0;1;0;0;1;796453,881;5827390,807;13,36979314;52,51582761
2020;10;21;1;3;6;2;2;0;1;1;0;0;0;1;796287,0826;5830281,195;13,36991809;52,54182771
2020;4;11;3;2;3;6;0;0;1;0;0;1;0;0;790462,5492;5828450,171;13,28267563;52,5285488
2020;11;11;4;3;2;6;0;0;1;0;0;0;0;0;797821,463;5820715,309;13,38392301;52,45524437
2020;9;20;3;3;0;1;2;1;0;0;0;0;0;0;802177,8878;5827744,579;13,45421308;52,51585733
2020;4;7;3;3;2;6;0;0;1;0;1;0;0;0;799131,8556;5827676,885;13,4093978;52,51692973
2020;10;9;6;3;5;2;0;1;1;0;0;0;0;0;803767,0845;5827581,92;13,47741242;52,5135167
2020;8;17;4;3;0;7;0;0;1;0;0;0;0;0;796231,7364;5830175,271;13,36900992;52,5409083
2020;7;8;5;3;6;4;0;1;0;1;0;0;0;0;803079,5382;5827651,972;13,46737556;52,51452703
2020;6;15;6;3;5;2;0;0;1;0;1;0;0;0;796180,2591;5825777,959;13,36433752;52,50151857
2020;4;7;3;3;3;6;0;0;1;0;0;1;0;0;808658,5377;5827425,33;13,54912041;52,50936755
2020;9;19;5;3;2;6;2;0;1;0;0;0;0;0;802630,9606;5825131,751;13,4584948;52,4921875
2020;12;6;4;3;2;6;2;0;1;0;0;0;0;1;797845,9615;5822378,276;13,38576647;52,47013771
2020;6;14;3;3;2;6;0;0;1;0;0;0;0;0;796299,4715;5830036,227;13,36988176;52,53962508
2020;4;22;3;3;7;7;2;0;0;0;1;0;0;0;801042,0534;5838445,027;13,44723418;52,61239422
2020;9;20;6;3;5;3;1;0;1;0;0;0;1;0;798780,909;5827996,633;13,40452841;52,51998819
2020;7;19;1;3;0;1;0;0;1;0;0;0;0;1;795363,0194;5833705,363;13,3593792;52,57302394
2020;4;14;3;3;2;6;0;0;1;0;0;0;1;0;788470,2005;5826050,17;13,25130682;52,50808982
2020;10;9;6;3;2;6;0;0;1;0;0;0;0;0;790281,5202;5835683,842;13,2863425;52,59349486
2020;12;14;4;3;2;6;0;0;1;0;0;0;1;0;790761,6891;5824870,33;13,28394504;52,496296
2020;5;12;3;2;3;6;0;1;1;0;0;0;0;1;799501,9227;5830294,046;13,4171928;52,54018538
2020;8;19;1;3;5;2;0;1;1;0;0;0;0;0;800016,3277;5828989,415;13,42357729;52,52820858
2020;7;15;5;3;6;4;0;0;1;1;0;0;0;1;794063,6871;5835081,249;13,34148242;52,58606131
2020;6;13;2;3;2;6;0;0;1;0;0;0;0;0;798192,196;5818900,192;13,38774267;52,43877174
2020;10;14;4;3;2;6;0;0;1;0;0;0;0;0;790695,5904;5818604,131;13,2775146;52,44015384
2020;4;13;1;3;5;2;0;1;1;0;0;0;0;0;791029,0934;5826477,361;13,28927752;52,5105605
2020;9;17;2;3;3;6;0;0;1;0;1;0;0;0;791180,398;5818909,026;13,28489245;52,44262935
2020;11;18;3;3;2;6;2;0;1;0;0;0;1;0;784982,7569;5826322,114;13,20029473;52,51236113
2020;4;16;1;3;0;6;0;0;1;0;1;0;0;0;799771,3692;5830242,146;13,42110704;52,53957202
2020;9;6;5;3;2;6;0;0;1;0;0;0;0;0;808075,3716;5827457,506;13,54058463;52,50998554
2020;12;20;6;3;3;6;2;0;1;0;0;1;0;0;797346,2275;5822340,611;13,3783977;52,47007231
2020;6;17;3;3;5;2;0;1;0;0;0;1;0;0;796608,831;5815997,411;13,3619437;52,41361158
2020;4;14;1;3;2;6;0;0;1;0;0;0;0;0;787892,6623;5825956,738;13,24273997;52,50755724
2020;9;15;6;2;1;5;0;0;1;0;1;0;0;0;795679,8609;5823971,726;13,35538408;52,48559851
2020;7;11;3;3;1;5;0;0;1;0;0;0;0;0;786369,745;5816863,197;13,21255787;52,42682716
2020;4;22;7;3;6;2;2;0;1;1;0;0;0;0;797829,1107;5822373,143;13,38551455;52,47010089
2020;10;16;6;3;2;6;0;0;1;0;0;0;0;0;790723,5053;5826860,77;13,28512231;52,51416072
2020;8;18;1;3;3;6;0;1;1;0;0;0;0;0;797885,713;5825496,206;13,38913618;52,49806467
2020;7;11;6;3;2;1;0;1;1;0;0;0;0;1;795540,2929;5833283,95;13,36161187;52,56915016
2020;6;12;3;3;5;7;0;1;1;0;0;0;0;0;784015,5113;5815895,148;13,17720506;52,41937446
2020;10;10;5;3;0;2;0;1;0;0;0;0;1;1;792372,6009;5826680,211;13,30919604;52,51166055
2020;4;14;7;3;3;6;0;0;1;0;1;0;0;0;791098,9517;5841100,119;13,30314311;52,64161311
2020;9;11;2;3;8;7;0;0;0;0;0;0;1;0;797515,5846;5818151,035;13,37715154;52,43242476
2020;11;16;5;3;2;6;2;0;1;0;1;0;0;1;795883,496;5829597,455;13,36337553;52,53591793
2020;6;14;4;3;2;2;0;0;1;0;1;0;0;0;793360,9208;5836429,386;13,33233326;52,5985259
2020;8;11;1;2;5;2;0;1;1;0;0;0;0;0;790120,8322;5826328,907;13,27580244;52,50971341
2020;6;15;3;3;6;4;0;0;0;1;0;0;1;0;803299,147;5827613,373;13,4705667;52,51405899
2020;4;19;6;3;0;1;1;0;0;0;1;0;0;0;785114,6868;5816159,42;13,19354965;52,42117243
2020;10;16;2;3;3;6;0;0;1;0;1;0;0;1;800513,3896;5829746,429;13,43156674;52,53472011
2020;12;12;7;3;2;6;0;0;1;0;0;0;0;0;806498,7025;5821235,217;13,51170499;52,45510763
2020;8;13;3;3;2;6;0;0;1;0;0;0;0;0;791888,3426;5824041,256;13,2997676;52,48826207
2020;7;9;5;3;0;7;0;1;0;1;0;0;0;0;791359,2845;5826531,544;13,29417657;52,51086998
2020;5;14;3;3;6;7;0;0;0;1;0;0;1;0;803906,7711;5827567,212;13,47945108;52,51330707
2020;10;0;6;2;9;1;2;0;1;0;0;0;0;0;794926,7556;5823123,665;13,34357523;52,4784035
2020;4;17;6;3;2;6;0;0;1;0;0;0;0;0;798863,8858;5828074,895;13,40581801;52,52064422
2020;9;19;4;3;2;6;1;0;1;0;0;0;0;0;790584,4555;5825130,265;13,28156846;52,49872074
2020;11;18;2;3;2;6;2;0;1;0;0;0;0;1;798151,723;5818914,51;13,3871618;52,43892215
2020;5;11;2;3;2;6;0;0;1;0;0;0;0;1;803876,8997;5827570,57;13,47901532;52,5133538
2020;8;14;2;3;1;5;0;1;1;0;0;0;0;0;796006,2553;5825033,303;13,36111978;52,49493779
2020;6;15;4;2;6;4;0;0;1;1;0;0;0;0;801378,9701;5827810,464;13,44253494;52,51688992
2020;5;15;5;3;2;6;0;0;1;0;0;0;0;0;790663,9861;5828845,525;13,28598233;52,53198577
2020;4;15;6;2;5;2;0;0;1;0;0;0;0;0;791033;5818801,4;13,28263625;52,44174293
2020;9;9;4;3;2;6;0;1;1;0;0;0;0;0;800539,9597;5829931,977;13,43212507;52,53636857
2020;12;19;5;3;5;2;2;1;1;0;0;0;0;1;802146,3043;5827747,522;13,45375173;52,51590121
2020;8;8;4;3;5;2;0;1;1;0;0;0;0;0;792368,9851;5837740,45;13,31888786;52,61081317
2020;6;16;6;3;0;5;0;1;1;0;0;0;0;1;782483,3777;5815759,564;13,15462097;52,41895174
2020;10;17;7;3;2;6;0;0;1;0;0;0;0;0;797090,583;5826739,298;13,37856689;52,50964109
2020;4;13;5;2;3;6;0;1;0;0;0;0;0;0;802358,3348;5827709,56;13,45683238;52,51544346
2020;11;12;4;2;3;6;0;1;1;0;0;0;0;0;798130,7746;5819113,443;13,38703199;52,44071678
2020;9;15;3;3;5;3;0;0;1;0;1;0;0;0;792499,0842;5819784,197;13,3050046;52,44977138
2020;8;14;2;2;2;6;0;0;0;0;1;0;1;0;796182,6867;5825783,319;13,36437795;52,50156531
2020;4;17;5;3;2;6;0;0;1;0;0;0;0;0;796207,8096;5829939,111;13,36844761;52,53880436
2020;10;21;6;3;5;2;2;1;1;0;0;0;0;1;802576,2311;5827687,245;13,46001336;52,51512261
2020;8;12;4;3;3;6;0;1;0;0;0;1;0;0;797600,4456;5826824,75;13,38613382;52,51012917
2020;7;12;4;3;3;6;0;0;1;0;1;0;0;1;797293,4515;5822327,918;13,37761173;52,46998726
2020;6;6;6;3;5;2;0;1;0;0;0;0;1;1;802380,2359;5827724,419;13,45716764;52,51556449
2020;11;13;5;3;3;6;0;0;1;0;1;0;0;0;804466,0356;5819686,806;13,48047226;52,4423656
2020;4;16;5;3;5;2;0;1;1;0;0;0;0;0;800973,866;5830486,269;13,43900519;52,54109732
2020;9;14;5;3;5;3;0;1;1;0;0;0;0;0;799326,7992;5827936,222;13,41249547;52,51914733
2020;11;11;2;3;5;3;0;0;1;0;0;0;0;0;796676,764;5826211,163;13,37201659;52,5051321
2020;6;16;2;3;2;6;0;0;1;0;0;0;0;0;797815,25;5822679,143;13,38558429;52,4728514
2020;4;15;5;3;2;2;0;0;1;0;0;0;0;0;809650,084;5827341,153;13,56360558;52,5080513
2020;9;8;5;2;5;2;0;1;0;0;0;0;0;0;800269,8281;5829354,748;13,42763285;52,53134359
2020;7;12;6;3;0;6;0;0;0;0;0;0;1;0;802634,5918;5825167,859;13,45858092;52,49250912
2020;4;12;5;3;0;1;0;1;0;0;0;0;0;0;792227,2171;5838319,969;13,31731205;52,6160845
2020;10;13;5;3;5;2;0;1;1;0;0;0;0;0;800291,0583;5830052,565;13,42857536;52,53758663
2020;12;14;3;3;1;5;0;0;1;0;0;0;1;1;799356,9158;5816020,878;13,40224926;52,41232604
2020;5;9;2;3;5;2;0;1;1;0;0;0;0;0;798250,3928;5835077,053;13,40309303;52,58374461
2020;8;20;6;2;3;6;1;1;0;0;0;0;0;0;802054,9105;5827113,06;13,4518331;52,51026513
2020;7;18;3;3;2;2;0;0;1;0;0;0;0;0;795328,2941;5833730,576;13,35889074;52,5732688
2020;5;15;1;3;0;7;0;1;1;0;0;0;0;0;796072,3835;5831280,272;13,36765213;52,55090012
2020;10;17;4;3;2;6;1;0;1;0;0;0;0;0;792084,8491;5823813,101;13,30245349;52,48611159
2020;4;14;4;3;2;6;0;0;1;0;0;0;1;0;789743,0081;5824732,394;13,26886163;52,49560114
2020;9;16;1;3;3;6;0;0;1;0;1;0;0;0;808117,6425;5827457,156;13,54120519;52,50995853
2020;11;20;2;3;3;6;2;0;1;0;0;1;0;0;790535,1058;5825733,412;13,28136977;52,50415427
2020;5;8;2;3;3;6;0;1;0;0;0;0;1;1;798066,8834;5819387,21;13,386339;52,44320565
2020;8;10;6;2;6;4;0;1;0;1;0;0;0;0;790360,0934;5826367,625;13,27935177;52,50993322
2020;6;13;7;3;5;3;0;1;1;0;0;0;0;0;797749,8282;5818868,293;13,38122572;52,43872681
2020;4;8;4;3;5;3;0;0;1;0;0;1;0;0;802349,183;5821930,503;13,45145471;52,46365066
2020;10;20;7;3;0;1;2;1;0;0;0;0;0;0;800691,9104;5830081,971;13,43449435;52,53762918
2020;12;18;5;3;3;6;2;0;1;0;1;0;0;0;795552,2695;5833252,991;13,36176048;52,56886614
2020;8;9;2;3;5;2;0;0;1;0;0;0;1;0;802043,3189;5828025,584;13,4524911;52,51845052
2020;7;14;4;3;6;4;0;0;0;1;0;0;1;1;803122,3301;5827630,838;13,46798497;52,51431383
2020;4;16;3;3;2;6;0;0;1;0;0;0;0;0;795886,8016;5829547,515;13,36337967;52,53546847
2020;10;11;5;3;2;6;0;0;1;0;0;0;0;0;789060,8138;5826144,572;13,26006681;52,50862354
2020;4;13;3;3;5;3;0;0;1;0;1;0;0;0;798165,7503;5836122,447;13,40278827;52,5931614
2020;9;16;3;3;2;6;0;0;1;0;0;0;0;0;793758,3164;5823001,444;13,3263126;52,4779376
2020;11;14;1;3;0;1;0;1;0;0;0;0;0;0;791842,3566;5839180,645;13,3124033;52,62400688
2020;9;19;6;2;8;1;0;0;1;0;0;0;0;0;804091,7624;5824390,086;13,47926798;52,48472836
2020;5;17;2;3;0;1;0;0;0;0;1;0;0;1;797562,694;5826818,643;13,38557374;52,51009501
2020;8;19;7;3;5;2;0;1;1;0;0;0;0;1;795732,7841;5832788,42;13,36400195;52,56460368
2020;6;16;3;3;2;6;0;0;1;0;0;0;0;0;799317,064;5816170,3;13,4017987;52,41368722
2020;4;19;3;3;5;2;0;1;1;0;0;0;0;0;800295,0826;5830050,664;13,4286328;52,53756737
2020;9;18;2;3;5;2;1;1;1;0;0;0;0;0;794559,1815;5833820,741;13,34765472;52,57449384
2020;12;20;2;3;5;2;2;0;1;0;0;0;0;0;797848,5289;5822307,378;13,38574086;52,46950079
2020;5;15;2;3;2;6;0;0;1;0;0;0;0;1;796272,6777;5822709,172;13,36296698;52,47395944
2020;8;20;7;3;5;3;1;0;1;0;0;0;0;0;794559,322;5833814,317;13,34765108;52,57443618
2020;6;13;2;2;3;6;0;0;0;0;1;1;0;0;806057,5994;5821695,611;13,50565572;52,45948105
2020;4;20;3;2;0;1;2;1;0;0;0;0;0;0;808309,4067;5827600,658;13,54415478;52,51113624
2020;10;14;7;2;0;1;0;1;0;0;0;0;0;0;799251,4581;5830357,694;13,41356807;52,54089349
2020;12;14;6;3;2;6;0;0;1;0;0;0;0;0;797833,1679;5824977,145;13,38790036;52,49344058
2020;8;17;3;2;5;3;0;0;0;0;1;0;1;0;787113,1156;5825830,927;13,23117719;52,5068401
2020;7;16;5;3;3;6;0;1;0;0;0;0;0;0;791712,9516;5826590,977;13,29942522;52,51121376
2020;10;11;6;2;2;6;0;0;1;0;1;0;0;0;794226,1154;5834780,872;13,34360627;52,58328084
2020;4;10;3;3;5;7;0;1;1;0;0;0;0;0;800085,8158;5833969,823;13,42909947;52,57281108
2020;9;15;4;3;5;2;0;0;1;0;1;0;0;0;805149,8214;5822566,832;13,49313301;52,46779706
2020;11;8;2;3;0;6;0;0;1;0;1;0;0;1;804918,3638;5827463,898;13,49421709;52,51181657
2020;5;14;2;3;2;6;0;0;1;0;0;1;0;1;792370,7153;5829393,398;13,31155362;52,53598449
2020;8;22;1;3;3;6;2;0;1;0;0;1;0;0;792107,794;5831889,605;13,30988386;52,55850319
2020;6;11;3;3;5;3;0;1;0;0;0;0;1;0;797861,462;5821608,932;13,38530725;52,46323295
2020;4;11;2;3;5;3;0;1;1;0;0;0;0;0;792115,6621;5837980,951;13,31536966;52,61310535
2020;9;9;2;2;0;2;0;1;0;0;0;0;1;0;795233,6302;5823511,61;13,34842415;52,48171536
2020;12;14;4;3;2;6;0;0;0;0;0;1;1;1;804544,2398;5839617,204;13,49987798;52,62094862
2020;8;14;3;3;0;3;0;1;0;0;1;0;0;0;797140,3808;5825591,659;13,37827427;52,49932662
2020;6;16;5;3;2;6;0;0;1;0;1;0;0;0;792860,2401;5823151,839;13,31325909;52,47976819
2020;4;7;2;3;2;6;0;0;1;0;0;1;0;0;790456,4591;5825311,08;13,27984594;52,5004099
2020;11;15;2;3;5;2;0;1;1;0;0;0;0;0;802125,1005;5828061,45;13,45372528;52,51872669
2020;9;23;2;2;9;1;2;0;1;0;0;0;0;0;797618,4672;5827596,311;13,38708864;52,51703545
2020;8;18;7;3;1;5;0;0;1;0;0;0;1;0;797845,8602;5822072,498;13,38549202;52,46739681
2020;4;15;2;3;3;6;0;1;0;0;0;0;0;0;791898,5128;5826622,168;13,3021791;52,51139412
2020;10;6;5;3;0;6;2;0;0;0;1;0;1;1;797808,569;5824831,829;13,38740921;52,49215141
2020;8;19;3;3;5;2;0;0;1;0;0;0;1;0;798031,9282;5833762,167;13,39869608;52,57207826
2020;7;0;3;3;8;1;2;0;1;0;0;0;0;0;794278,587;5821475,235;13,33260477;52,46397578
2020;6;17;5;3;2;6;0;0;1;0;0;0;0;1;791679,3406;5830979,923;13,30278237;52,55057779
2020;11;0;4;3;5;2;2;0;1;0;0;0;0;0;797848,78;5822303,232;13,38574085;52,46946349
2020;4;15;2;3;2;6;0;0;1;0;0;0;0;0;798767,4221;5827151,987;13,40357178;52,51242451
2020;9;8;5;3;2;6;0;0;1;0;1;0;0;0;799104,8333;5827634,873;13,40896299;52,51656797
2020;11;7;2;3;6;3;0;0;1;1;0;0;0;0;800643,4645;5812139,258;13,41762551;52,37682772
2020;6;1;7;3;0;1;2;1;0;0;0;0;0;1;802180,849;5827729,145;13,45424257;52,51571735