UJAHR;UMONAT;USTUNDE;UWOCHENTAG;UKATEGORIE;UART;UTYP1;ULICHTVERH;IstRad;IstPKW;IstFuss;IstKrad;IstGkfz;IstSonstige;USTRZUSTAND;LINREFX;LINREFY;XGCSWGS84;YGCSWGS84
2020;4;15;7;2;0;1;0;0;0;0;1;0;0;0;802416,68;5821956,132;13,45246843;52,46384301
2020;9;14;4;2;5;3;0;0;1;0;0;0;1;0;795630,8869;5823222,743;13,35400078;52,47891096
2020;7;20;5;3;5;2;1;1;1;0;0;0;0;0;799888,6943;5830243,131;13,42283267;52,5395163
2020;4;11;7;3;0;7;0;1;0;1;0;0;0;0;802128,7444;5827620,652;13,45337855;52,5147738
2020;10;12;4;3;5;3;0;0;1;0;0;0;1;1;808904,0158;5833413,882;13,55829203;52,56289627
2020;12;0;6;3;9;1;2;0;1;0;0;0;0;0;791096,3732;5824656,279;13,28867407;52,49419863
2020;8;8;5;3;5;2;0;1;1;0;0;0;0;0;797029,1577;5825878,536;13,3768965;52,50195873
2020;7;17;3;3;5;2;0;1;1;0;0;0;0;0;798222,0842;5834733,439;13,40236726;52,58068014
2020;5;9;7;3;5;3;0;1;1;0;0;0;0;0;807669,2171;5829997,589;13,53696835;52,53297892
2020;10;14;3;3;0;1;0;1;0;0;0;0;0;1;797796,3316;5825468,817;13,38779892;52,49786794
2020;4;12;6;3;2;6;0;0;1;0;0;0;0;0;802854,35;5833028,576;13,46896761;52,56284156
2020;9;18;1;3;2;6;0;0;1;0;0;0;0;0;790519,154;5825242,498;13,28070711;52,49976168
2020;11;13;2;2;5;3;0;0;1;0;1;0;0;0;799141,7723;5830376,508;13,4119725;52,54112235
2020;5;18;1;2;0;1;0;0;0;0;1;0;0;1;798543,1421;5833170,761;13,40568461;52,56649705
2020;8;15;5;3;0;1;0;1;0;0;0;0;0;0;802742,6708;5825316,786;13,46030328;52,49378402
2020;6;15;6;3;5;7;0;0;0;0;1;0;1;0;791911,3178;5838900,027;13,31317141;52,62145423
2020;4;11;5;3;3;6;0;1;0;0;0;1;0;0;797762,8627;5824066,651;13,38605432;52,48531741
2020;10;16;6;3;2;7;0;0;1;0;0;0;1;0;802466,004;5825981,085;13,45684375;52,4998915
2020;12;17;3;3;1;5;2;1;1;0;0;0;0;0;802006,6651;5827032,411;13,45105119;52,50956898
2020;8;14;1;3;0;6;0;0;1;0;1;0;0;0;790536,2988;5825180,94;13,28090526;52,49920068
2020;6;10;3;3;5;2;0;0;1;0;1;0;0;0;802683,1852;5825207,128;13,45933014;52,49283415
2020;3;5;3;2;6;2;2;0;1;1;0;0;0;1;799997,3959;5830192,605;13,42438501;52,53900358
2020;10;7;4;3;3;6;0;0;1;0;1;0;0;1;791680,0488;5826563,967;13,29891809;52,51098922
2020;3;12;3;3;2;6;0;0;1;0;0;0;1;0;795884,5283;5829550,771;13,36334915;52,53549889
2020;9;15;2;3;5;3;0;1;1;0;0;0;0;0;804510,5505;5827505,12;13,48826407;52,51241383
2020;11;11;7;3;3;6;0;1;1;0;0;0;0;0;799209,4132;5831663,024;13,41412593;52,55261682
2020;9;16;6;2;5;3;0;1;1;0;0;0;0;0;795751,6918;5832690,776;13,36419305;52,56371813
2020;3;12;3;3;2;6;0;0;1;0;0;0;0;0;790675,6816;5828835,548;13,28614554;52,53189009
2020;5;12;7;2;0;7;0;0;1;0;0;0;0;0;787007,2973;5820599,843;13,22511843;52,45999526
2020;8;1;7;3;2;2;2;0;1;0;0;0;1;0;800004,984;5830217,76;13,42451927;52,53922488
2020;7;22;3;2;2;6;2;0;1;0;0;0;0;0;805380,4819;5819038;13,49329145;52,43604071
2020;6;11;2;3;2;6;0;0;1;0;0;0;1;0;783507,4181;5826703,455;13,17893799;52,51654919
2020;3;19;2;3;5;3;2;1;1;0;0;0;0;0;806600,7737;5821135,5;13,51311088;52,45415669
2020;9;19;7;3;2;6;1;0;1;0;0;0;0;1;796161,5049;5831072,384;13,36877727;52,54898818
2020;12;15;2;3;0;2;1;0;1;0;1;0;0;1;796044,7175;5831345,272;13,36730324;52,55149782
2020;6;15;4;3;3;6;0;0;1;0;1;0;0;0;799658,6114;5815335,163;13,40605797;52,40601441
2020;3;9;2;3;2;6;0;0;1;0;0;0;0;0;798208,5725;5834728,532;13,40216403;52,58064356
2020;11;14;6;3;2;6;0;0;1;0;0;0;0;0;790767,48;5824834,789;13,28399908;52,49597429
2020;9;17;7;3;9;1;0;0;1;0;0;0;0;0;807075,0478;5827400,608;13,52583887;52,51003959
2020;7;23;5;2;5;3;2;0;1;0;0;0;0;0;790291,3535;5818366,527;13,27137794;52,43823838
2020;3;16;7;3;0;4;0;0;0;1;1;0;0;0;784026,0782;5815892,53;13,1773578;52,4193455
2020;10;14;2;2;5;3;0;0;1;0;1;0;0;0;797778,9057;5823470,168;13,38575709;52,47996186
2020;8;13;2;3;2;6;0;1;1;0;0;0;0;0;799177,6707;5830361,824;13,41248703;52,54097102
2020;7;1;1;2;2;3;2;0;1;0;0;0;0;0;795880,0291;5832052,049;13,36551135;52,55792286
2020;6;19;3;3;3;6;0;1;1;0;0;0;0;0;801579,7252;5827805,816;13,44548032;52,51673729
2020;11;17;1;3;5;2;2;0;1;0;0;0;0;1;798467,8761;5818152,713;13,39111888;52,43192105
2020;3;13;7;3;2;6;0;1;1;0;0;0;0;0;803920,4879;5824654,232;13,47699432;52,4871912
2020;9;14;3;3;9;1;0;0;0;0;0;0;1;0;800806,2764;5829792,692;13,43591365;52,53497321
2020;11;16;7;3;2;6;2;0;1;0;0;0;0;0;782392,588;5815749,774;13,15328123;52,41891081
2020;6;14;5;2;2;6;0;0;1;0;0;0;0;0;802933,6262;5827650,548;13,46523063;52,51459532
2020;3;18;7;3;5;2;1;0;1;0;0;0;0;0;812048,4426;5827139,696;13,59864041;52,50487957
2020;8;16;2;3;6;4;0;0;1;1;0;0;0;1;797215,3278;5817174,839;13,3718805;52,42383725
2020;7;11;4;3;6;4;0;1;1;1;0;0;0;0;799163,4941;5830565,571;13,41246209;52,54280509
2020;6;11;4;3;0;3;0;1;0;0;0;0;1;0;802149,1902;5827728,655;13,453777;52,5157305
2020;6;12;4;3;2;6;0;0;1;0;0;0;0;0;799174,598;5830362,789;13,41244273;52,54098136
2020;3;14;6;3;3;6;0;0;1;0;1;0;0;0;799858,6185;5828166,59;13,42051756;52,52092005
2020;11;10;2;3;2;6;0;0;1;0;0;0;0;0;809849,5993;5827249,31;13,5664504;52,50711497
2020;9;13;1;3;9;1;0;0;0;0;1;0;0;0;788294,3649;5817720,102;13,24152427;52,43349913
2020;7;8;6;3;5;3;0;1;1;0;0;0;0;0;799862,8331;5828782,152;13,42113451;52,52643525
2020;3;17;6;3;3;6;0;0;1;0;1;0;0;0;790871,7813;5824707,914;13,28542034;52,49478127
2020;10;20;4;3;2;6;2;0;1;0;0;0;1;1;790910,4399;5824693,686;13,28597574;52,49463311
2020;8;13;3;3;5;2;0;1;1;0;0;0;0;1;802179,6053;5827722,84;13,45421857;52,51566153
2020;7;13;2;3;2;6;0;0;1;0;0;0;0;0;812598,975;5827182,681;13,60676547;52,50494965
2020;6;18;4;3;2;6;0;0;1;0;0;0;0;0;802309,4444;5821931,695;13,45087264;52,46368332
2020;11;14;2;3;5;7;0;0;1;0;0;0;1;0;797654,6569;5818647,831;13,37963345;52,43680239
2020;3;15;6;3;5;3;0;0;1;0;1;0;0;0;792121,7674;5838481,004;13,31590119;52,61758479
2020;9;12;4;3;3;6;0;0;1;0;1;0;0;0;788649,4123;5817850,76;13,24684513;52,43448331
2020;11;0;7;3;2;6;2;1;0;0;0;0;0;0;804001,8185;5827542,207;13,48082454;52,51302999
2020;6;14;6;3;6;4;0;1;0;1;0;0;0;0;794494,0222;5834289,288;13,34711218;52,57872925
2020;3;15;5;3;5;3;0;0;1;0;0;0;0;0;792270,8433;5826684,669;13,30770479;52,51175505
2020;9;7;3;2;5;3;0;0;1;0;0;0;0;0;798153,95;5819054,333;13,3873192;52,4401743
2020;7;12;5;3;6;4;0;1;0;1;0;0;0;0;791776,8435;5826601,761;13,30037347;52,51127627
2020;3;19;5;2;5;2;2;0;1;0;0;0;0;0;809041,239;5833329,004;13,56023093;52,56205777
2020;10;16;4;3;2;6;0;0;1;0;0;0;0;1;796215,8117;5830221,943;13,36881741;52,54133532
2020;12;21;4;3;9;1;2;0;1;0;0;0;0;1;797836,4395;5824987,037;13,38795725;52,49352747
2020;8;11;5;2;0;1;0;0;1;0;1;0;0;0;808063,4611;5827457,57;13,54040974;52,50999284
2020;7;14;2;3;5;2;0;1;1;0;0;0;0;0;795562,8194;5833196,053;13,36186495;52,56835001
2020;5;12;6;3;4;7;0;1;0;1;0;0;0;0;801814,3361;5826360,936;13,44761714;52,50365694
2020;10;15;2;2;2;6;1;0;1;0;0;1;0;0;799399,7242;5815918,378;13,4027851;52,41138385
2020;3;19;4;3;5;2;2;1;1;0;0;0;0;0;799993,8231;5830221,194;13,4243583;52,5392618
2020;9;13;6;3;5;3;0;1;0;0;0;1;0;0;805460,8753;5822255,877;13,49741312;52,4648363
2020;11;21;4;3;6;4;2;0;0;1;1;0;0;0;800953,2457;5830453,341;13,43867223;52,54081357
2020;5;12;7;3;1;5;0;0;1;0;0;0;1;0;797126,1878;5816972,422;13,37039367;52,42207116
2020;8;8;4;3;2;6;0;0;1;0;0;0;0;0;796899,627;5827451,313;13,37639671;52,51612752
2020;6;8;6;3;5;3;0;1;1;0;0;0;0;0;800041,477;5828989,918;13,42394736;52,52819924
2020;3;12;4;3;5;2;0;0;1;0;0;0;0;0;786511,831;5816926,317;13,21469592;52,4273187
2020;10;14;5;3;2;6;0;0;1;0;0;0;0;0;797858,1501;5822115,414;13,38571071;52,4677748
2020;12;14;3;3;2;6;0;0;1;0;0;0;0;0;791496,2073;5824409,816;13,29433116;52,49177571
2020;8;20;7;3;5;3;0;1;1;0;0;0;0;0;799763,4005;5828629,872;13,41953595;52,52512499
2020;6;11;2;3;5;2;0;1;1;0;0;0;0;0;802387,8967;5827706,299;13,45726373;52,51539783
2020;3;18;3;2;0;1;1;1;0;0;0;0;0;0;791587,9172;5826548,558;13,29755086;52,51090034
2020;10;19;3;3;2;6;2;0;1;0;0;0;0;0;790497,3028;5828505,81;13,28323511;52,52902909
2020;3;16;3;3;2;6;0;0;1;0;0;1;0;0;800975,9466;5830489,534;13,43903873;52,54112544
2020;9;18;1;3;2;6;0;0;1;0;0;0;0;0;791261,9065;5829862,537;13,29566343;52,54078397
2020;11;8;6;3;5;2;0;1;0;0;0;1;0;0;803685,497;5835335,153;13,48330367;52,58305147
2020;9;9;5;3;2;6;0;0;1;0;1;0;0;0;796157,6305;5825727,989;13,36396069;52,50108293
2020;3;7;3;3;2;6;0;0;1;0;0;0;0;0;809048,162;5833349,062;13,56035141;52,56223359
2020;5;10;7;3;6;4;0;0;1;1;0;0;0;0;800052,708;5829007,857;13,4241286;52,52835386
2020;8;18;5;3;3;6;0;0;1;0;0;1;0;0;801929,6871;5821832,805;13,44521034;52,46300692
2020;7;7;1;2;9;1;0;0;0;0;1;0;0;0;799359,9016;5827978,03;13,4130195;52,51950391
2020;6;18;1;2;5;3;0;0;0;0;1;0;1;0;793992,8987;5826975,133;13,33326368;52,5134335
2020;3;15;2;2;2;6;0;0;1;0;0;0;0;0;790584,4191;5818560,34;13,27584562;52,43982033
2020;9;8;6;3;1;5;0;1;1;0;0;0;0;1;800436,1635;5829668,417;13,43036109;52,53406344
2020;12;14;1;3;2;6;0;0;1;0;0;0;0;0;802852,4094;5825454,129;13,46203958;52,49495413
2020;6;12;4;3;0;6;0;0;0;0;1;0;1;0;796123,7781;5825652,998;13,36339675;52,50042907
2020;3;13;2;3;0;2;0;1;1;0;0;0;0;0;791231,7103;5826510,527;13,29228367;52,51074969
2020;9;13;7;3;5;2;0;1;1;0;0;0;0;0;799762,4411;5828628,19;13,41952034;52,52511044
2020;7;11;4;3;2;6;0;0;1;0;0;0;1;0;798192,196;5818900,192;13,38774267;52,43877174
2020;3;17;1;3;5;3;0;0;1;0;0;0;0;0;794559,3062;5833815,04;13,34765149;52,57444267
2020;10;20;7;3;5;3;2;1;1;0;0;0;0;0;800962,234;5827853,092;13,43645054;52,51750213
2020;8;8;2;3;5;7;0;0;1;0;0;0;0;0;813220,2686;5827192,26;13,61589822;52,50467921
2020;7;14;6;2;5;2;0;1;1;0;0;0;0;1;795766,232;5832695,668;13,36441129;52,56375409
2020;6;10;3;3;5;2;0;1;0;0;0;0;1;0;797880,3873;5820449,327;13,38455036;52,45282802
2020;10;19;6;3;6;2;2;0;1;1;0;0;0;1;791028,4986;5826477,264;13,28926869;52,51055994
2020;3;17;7;2;2;6;0;0;1;0;0;0;0;0;807427,3188;5827459,832;13,5310679;52,51037197
2020;9;16;3;3;2;6;0;0;1;0;0;0;0;0;802784,2877;5827666,38;13,46305105;52,51482014
2020;11;9;5;3;5;2;0;1;1;0;0;0;0;1;795862,1071;5832067,04;13,36526112;52,55806697
2020;6;7;4;2;5;2;0;0;1;0;0;0;1;0;797848,686;5822305,299;13,38574131;52,46948207
2020;8;11;2;3;3;6;0;0;1;0;0;1;0;0;793763,182;5822988,615;13,32637274;52,47781998
2020;6;17;3;3;0;2;0;1;1;0;0;0;0;0;811482,3167;5827127,436;13,59031509;52,50509317
2020;3;10;6;3;2;6;0;0;1;0;0;0;0;0;803637,1323;5827577,823;13,47549959;52,51355233
2020;10;18;2;2;2;6;1;0;1;0;0;0;0;1;787751,2652;5821756,058;13,23703511;52,46997025
2020;12;17;7;3;5;3;2;1;1;0;0;0;0;1;797856,9888;5825503,342;13,38872068;52,49814432
2020;8;0;3;3;5;3;2;0;0;0;1;0;1;0;802141,9378;5827763,599;13,45370218;52,51604772
2020;7;15;6;3;2;7;0;1;1;0;0;0;0;0;786083,4569;5816689,736;13,20821048;52,42542167
2020;5;13;3;2;5;2;0;0;1;0;0;0;0;0;795336,5269;5833744,859;13,35902459;52,57339236
2020;10;19;1;3;2;6;2;0;1;0;0;0;0;0;801342,6352;5829335,751;13,44338312;52,53058132
2020;3;16;4;3;2;6;0;0;1;0;0;0;0;0;790680,136;5826115,005;13,28383365;52,50749802
2020;9;13;5;3;6;4;0;1;0;1;0;0;0;0;799215,2698;5831332,817;13,41391449;52,54965382
2020;11;7;3;3;2;6;2;0;1;0;0;0;0;1;791725,8289;5833267,448;13,30547706;52,57105991
2020;5;16;7;3;2;6;0;0;1;0;0;0;0;0;790678,9267;5828867,108;13,28622084;52,5321713
2020;8;17;3;3;2;6;0;0;1;0;1;0;0;0;785242,341;5826252,871;13,20405014;52,51160461
2020;6;8;4;3;0;1;0;1;0;0;0;0;0;0;797689,8588;5825559,076;13,38631579;52,4987351
2020;5;9;5;3;0;2;0;0;1;0;1;0;0;0;802180,2986;5827726,355;13,45423195;52,51569265
2020;3;20;4;3;3;6;2;1;0;0;0;0;0;0;801871,7092;5826518,022;13,44860225;52,50503317
2020;9;6;4;3;5;2;1;1;1;0;0;0;0;0;800018,6726;5828992,582;13,42361461;52,52823567
2020;12;18;6;3;2;5;2;0;1;0;0;0;1;0;796742,8711;5816080,7;13,36398254;52,41428555
2020;8;15;4;3;2;6;0;0;0;0;0;0;1;0;802665,8989;5821711,32;13,45590363;52,46151077
2020;6;18;7;3;1;1;0;1;1;0;0;0;0;0;791644,2145;5819189,791;13,29194208;52,44489924
2020;3;16;4;3;2;6;0;0;1;0;0;0;0;0;790470,8588;5828475,319;13,28281975;52,52876983
2020;10;13;3;3;2;6;0;0;1;0;0;0;0;0;795665,5678;5832925,98;13,36313579;52,56587328
2020;12;12;3;3;5;3;0;1;1;0;0;0;0;1;795625,0117;5823228,937;13,35392001;52,47896967
2020;8;16;4;3;5;3;0;1;1;0;0;0;0;0;798254,5318;5818709,699;13,38848701;52,43703019
2020;7;19;1;3;8;1;0;1;0;0;0;0;0;1;783513,9903;5816018,877;13,16995493;52,42074393
2020;5;5;5;3;5;2;1;1;1;0;0;0;0;0;800294,4596;5830050,958;13,42862391;52,53757035
2020;10;8;2;3;2;6;0;0;1;0;0;0;1;1;793395,5021;5826857,496;13,32438201;52,51270061
2020;3;8;4;3;6;2;0;0;1;1;0;0;0;0;799954,5303;5813355,39;13,40862271;52,38810627
2020;9;13;5;3;3;6;0;1;0;0;0;0;0;0;792136,1005;5826640,813;13,30568644;52,51143408
2020;11;17;3;3;2;2;2;0;1;0;0;0;0;1;796683,7223;5826213,568;13,37212095;52,50514988
2020;5;16;7;3;0;7;0;1;0;0;0;0;0;0;785119,3211;5826286,152;13,20227083;52,51196733
2020;8;14;3;3;5;3;0;1;1;0;0;0;0;0;792817,1102;5820000,843;13,30986088;52,45154332
2020;6;18;5;3;5;5;0;0;1;0;1;0;0;1;798052,0947;5834056,436;13,39925726;52,57470493
2020;5;18;5;3;0;3;0;1;0;0;0;0;1;0;802891,5189;5825793,621;13,46292259;52,49797527
2020;3;15;3;3;5;2;0;0;1;0;0;0;1;0;799985,4857;5830223,66;13,42423797;52,5392885
2020;10;5;5;2;5;2;2;0;1;0;1;0;0;0;797832,147;5822304,915;13,38549821;52,46948764
2020;12;5;7;3;3;6;2;0;1;0;0;0;0;0;785987,4972;5819138,193;13,20889791;52,44742478
2020;8;17;5;3;2;6;0;0;1;0;0;0;0;0;790516,8416;5825626,018;13,28100774;52,5032012
2020;6;13;1;3;0;1;0;0;0;0;1;0;0;1;794558,8443;5833836,157;13,34766345;52,57463222
2020;3;18;3;2;5;7;1;0;1;0;1;0;0;0;799188,5199;5816482,563;13,40019349;52,41655655
2020;10;16;2;3;0;3;0;0;1;0;1;0;0;0;795798,2838;5832425,552;13,36464196;52,56131535
2020;3;16;3;2;0;1;0;1;0;0;0;0;0;0;786755,8688;5817035,522;13,21836888;52,42816997
2020;11;14;5;3;6;4;0;1;0;1;0;0;0;0;795225,438;5823516,568;13,34830826;52,48176423
2020;9;10;4;3;3;6;0;1;1;0;0;0;0;0;799363,1747;5828007,154;13,4130938;52,51976316
2020;3;9;3;3;5;3;0;0;1;0;0;1;0;0;790655,6435;5825027,395;13,28252441;52,49776059
2020;10;16;7;3;2;6;0;0;1;0;0;0;0;0;789032,0204;5826140,458;13,25964016;52,5086019
2020;8;14;5;3;2;6;0;0;1;0;0;0;0;0;801634,2608;5827784,223;13,446262;52,51651358
2020;7;16;6;3;2;6;0;0;1;0;0;0;1;1;790177,3122;5818303,864;13,26965058;52,43773711
2020;6;8;6;3;2;6;0;0;1;0;0;0;0;0;799225,4524;5816338,779;13,40060638;52,41524751
2020;3;5;3;3;2;6;1;0;1;0;0;0;0;0;790817,5152;5826888,055;13,2865276;52,51435521
2020;9;17;5;2;2;6;0;0;1;0;0;0;0;0;795925,4475;5824398,251;13,35936894;52,4892889
2020;12;16;6;3;2;6;2;0;1;0;0;0;0;0;799851,1849;5821460,522;13,41437379;52,46081446
2020;6;17;3;3;2;6;0;0;1;0;0;0;0;0;796196,345;5830204,339;13,36851551;52,5411881
2020;3;14;3;3;5;2;0;1;1;0;0;0;0;0;792758,6973;5826766,759;13,31494522;52,51222935
2020;9;9;6;3;0;6;0;0;1;0;1;0;0;1;791443,1333;5826545,357;13,29542069;52,51094902
2020;7;23;2;2;1;5;2;1;1;0;0;0;0;1;799164,7186;5830455,02;13,41238054;52,5418135
2020;3;12;2;3;2;6;0;0;1;0;0;0;0;0;802020,3683;5827761,395;13,45191407;52,5160953
2020;10;19;6;3;6;7;2;1;0;1;0;0;0;1;801874,6782;5826527,725;13,44865466;52,5051185
2020;12;11;5;2;5;3;0;0;1;0;0;0;1;0;799049,284;5832404,896;13,41243957;52,55935448
2020;8;12;1;2;5;2;0;0;1;0;0;0;0;0;796187,1139;5830196,959;13,36837322;52,54112697
2020;7;17;5;2;0;6;0;0;0;0;1;0;1;1;795755,9863;5832667,488;13,36423546;52,56350704
2020;5;16;2;3;5;2;0;0;1;0;0;0;0;1;797948,1958;5820051,818;13,38519066;52,44922783
2020;6;16;2;3;3;2;0;0;1;0;1;0;0;0;797829,5236;5822365,307;13,38551362;52,47003042
2020;10;9;5;3;0;1;0;1;1;0;0;0;0;1;805162,7091;5822576,49;13,49333097;52,46787643
2020;3;11;2;2;2;6;0;0;1;0;1;0;0;0;798768,3728;5817492,3;13,39493575;52,42583719
2020;9;9;2;3;2;6;0;0;1;0;0;0;0;0;793412,1195;5822974,432;13,321206;52,47788156
2020;11;19;4;3;2;6;2;0;1;0;0;0;0;0;796219,9323;5829952,071;13,36863738;52,53891395
2020;6;12;4;3;0;2;0;1;1;0;0;0;0;0;798430,7914;5818242,896;13,39065551;52,43274967
2020;8;15;7;3;1;5;0;1;0;0;0;0;1;0;806343,7355;5821386,349;13,50957018;52,45654901
2020;6;7;3;3;5;2;0;0;1;0;1;0;0;0;791798,7421;5839360,805;13,31191984;52,62564536
2020;3;18;2;3;2;6;2;0;1;0;0;0;0;0;794794,6074;5827097,579;13,34515195;52,51409843
2020;10;18;2;2;0;1;2;0;0;0;1;0;0;1;795762,9844;5832709,67;13,364376;52,56388136
2020;12;7;6;3;1;5;1;0;1;0;0;0;0;1;798246,3968;5818692,859;13,38835267;52,43688367
2020;8;8;3;3;5;3;0;0;1;0;0;0;0;0;786183,8856;5816793,014;13,2097718;52,42629515
2020;7;17;5;3;5;2;0;1;1;0;0;0;0;0;792370,672;5837738,954;13,31891138;52,61079885
2020;10;19;6;3;5;2;2;1;1;0;0;0;0;1;799219,3103;5831429,53;13,41406105;52,55051848
2020;3;13;2;3;3;6;0;1;0;0;0;0;0;0;792714,8746;5819930,24;13,30829885;52,45096513
2020;9;9;4;3;2;6;0;0;1;0;0;0;0;0;784328,2519;5826498,107;13,19082659;52,51428068
2020;11;6;2;2;6;4;1;0;1;1;0;0;0;1;790685,5264;5826403,201;13,28416454;52,51007884
2020;5;14;7;3;6;7;0;1;0;1;0;0;0;0;801830,4663;5826400,033;13,4478895;52,50399845
2020;8;8;2;2;6;7;0;1;0;1;0;0;0;0;803457,9122;5827597,199;13,47288437;52,51382573
2020;6;18;4;3;5;2;0;1;1;0;0;0;0;0;782718,3493;5815827,749;13,15812455;52,41944179
2020;5;23;4;3;5;2;2;1;1;0;0;0;0;0;802178,9333;5827719,434;13,45420561;52,51563137
2020;3;17;1;3;0;4;1;0;0;1;0;0;1;0;799625,271;5830292,559;13,41900477;52,54010424
2020;9;5;3;3;2;6;2;0;1;0;0;0;0;0;791565,2712;5830711,502;13,30086912;52,54823253
2020;12;20;5;3;2;6;2;0;1;0;1;0;0;1;802683,7818;5825234,869;13,4593641;52,49308246
2020;8;18;3;3;5;2;0;1;1;0;0;0;0;0;800046,9688;5828998,688;13,42403598;52,52827483
2020;6;12;6;3;2;6;0;0;1;0;0;0;0;0;796532,0158;5822536,615;13,3666206;52,47227189
2020;10;13;7;3;2;6;0;0;1;0;0;0;0;0;790723,4039;5824939,208;13,28344279;52,49693389
2020;3;16;1;3;2;6;0;0;1;0;1;0;0;0;806699,7592;5818276,797;13,51193956;52,42848038
2020;11;5;4;2;0;6;2;0;1;0;1;0;0;0;802865,2233;5821342,539;13,4584939;52,45809494
2020;9;15;2;3;3;6;0;1;1;0;0;0;0;0;799173,8358;5830797,374;13,4128229;52,54487716
2020;8;12;1;3;5;2;0;0;1;0;1;0;0;1;795336,5269;5833744,859;13,35902459;52,57339236
2020;3;15;1;3;3;6;0;0;1;0;0;0;0;0;802580,269;5825073,445;13,4576975;52,491693
2020;10;19;5;3;2;6;2;0;1;0;0;0;0;1;790500,097;5826372,339;13,28141301;52,50990095
2020;8;11;4;3;1;5;0;1;1;0;0;0;0;0;797811,4113;5821000,893;13,38403025;52,4578098
2020;7;15;3;3;5;2;0;1;1;0;0;0;0;0;801540,6894;5831165,736;13,44795459;52,54687403
2020;5;15;2;3;2;6;0;0;1;0;1;0;0;1;792775,206;5837356,278;13,32453008;52,60715063
2020;6;14;5;3;2;6;0;1;1;0;0;0;0;0;800231,1892;5829293,015;13,4270092;52,53081155
2020;11;12;4;3;3;6;0;1;0;0;0;0;0;0;802926,702;5824730,496;13,46247268;52,48842705
2020;3;18;1;3;5;2;2;0;1;0;0;0;0;0;794559,2206;5833818,954;13,34765371;52,5744778
2020;9;6;5;2;2;6;2;0;1;0;0;0;1;0;807853,1692;5830964,695;13,54056759;52,54154216
2020;11;9;2;3;6;4;0;1;1;1;0;0;0;0;800832,1188;5827883,871;13,43456661;52,51784979
2020;6;12;1;3;5;3;0;0;1;0;0;0;0;0;796438,4076;5826319,87;13,36861191;52,50623611
2020;3;16;7;3;2;6;0;0;1;0;0;0;0;0;797783,3196;5823714,098;13,38603976;52,48214601
2020;9;21;4;3;6;2;2;0;1;1;0;0;0;0;797829,2129;5822371,157;13,38551428;52,47008303
2020;7;7;6;3;3;6;0;1;0;0;0;0;1;0;789166,4265;5826160,368;13,26163233;52,50870918
2020;3;17;6;3;2;6;0;0;1;0;0;0;0;0;797907,133;5825155,775;13,38914633;52,49500143
2020;10;17;5;3;2;6;1;0;1;0;0;0;0;1;801014,9199;5821648,618;13,43162024;52,46186067
2020;12;20;2;3;9;1;2;0;1;0;0;0;0;2;799978,2159;5821444,726;13,4162237;52,46060315
2020;10;14;1;3;3;6;0;0;1;0;0;0;0;1;791328,3472;5826506,544;13,29370011;52,51066238
2020;3;13;6;3;2;6;0;0;1;0;1;0;0;0;799195,6058;5816409,738;13,40023227;52,41589989
2020;11;17;4;3;3;6;2;0;1;0;1;0;0;0;800009,6328;5830266,721;13,42463182;52,53966118
2020;9;18;3;3;5;2;0;0;1;0;0;0;0;0;796423,3627;5826270,059;13,36834654;52,50579778
2020;8;8;2;3;1;5;0;1;1;0;0;0;0;0;796270,8345;5830435,107;13,36981647;52,5432162
2020;3;14;6;3;6;4;0;0;1;1;0;0;0;1;808799,6372;5833130,785;13,55649365;52,56041847
2020;10;13;6;3;2;2;0;0;1;1;0;0;0;0;791054,4653;5818813,518;13,28296171;52,44184014
2020;8;17;4;3;2;6;0;0;1;0;0;0;1;0;790745,0243;5824901,428;13,2837274;52,49658367
2020;7;18;4;3;0;1;0;0;0;0;1;0;0;1;797086,3099;5826738,563;13,37850345;52,50963683
2020;5;14;2;2;0;7;0;1;0;0;0;0;0;1;793135,518;5826836,391;13,32054333;52,5126512
2020;6;14;6;3;5;3;0;0;1;0;0;0;0;0;782482,1336;5815771,194;13,15461255;52,41905667
2020;3;12;5;3;2;6;0;0;1;0;0;0;0;0;788986,6656;5826133,685;13,25896787;52,50856521
2020;9;15;5;3;2;6;0;0;1;0;0;0;0;0;791305,7933;5840659,981;13,30580316;52,63755653
2020;12;18;3;2;5;2;2;0;1;0;0;0;0;0;791024,9246;5826458,023;13,28919935;52,51038935
2020;6;14;2;3;2;6;0;0;1;0;1;0;0;0;808327,882;5828003,616;13,54479948;52,51473705
2020;3;12;5;3;0;6;0;0;1;0;1;0;0;1;797826,786;5820683,716;13,38397294;52,45495828
2020;9;21;5;3;1;5;1;1;1;0;0;0;0;0;795808,487;5824189,001;13,35746564;52,48747654
2020;7;12;7;3;2;6;0;0;1;0;0;0;1;0;787945,9115;5822004,643;13,24010726;52,4720964
2020;3;10;5;3;5;3;0;0;1;0;0;0;0;1;795878,8312;5832058,483;13,36549947;52,55798118
2020;10;16;5;3;1;7;0;0;1;0;0;0;0;1;799806,607;5813854,206;13,40690173;52,39265849
2020;12;13;4;3;5;3;0;0;1;0;0;0;1;0;804103,2535;5824372,042;13,47942022;52,48456024
2020;5;19;7;3;0;1;0;1;0;0;0;0;0;0;802176,046;5827751,82;13,4541926;52,51592325
2020;8;21;7;3;2;6;2;0;1;0;0;0;0;0;797844,7499;5820661,628;13,38421683;52,45475049