UJAHR;UMONAT;USTUNDE;UWOCHENTAG;UKATEGORIE;UART;UTYP1;ULICHTVERH;IstRad;IstPKW;IstFuss;IstKrad;IstGkfz;IstSonstige;USTRZUSTAND;LINREFX;LINREFY;XGCSWGS84;YGCSWGS84
2020;2;12;6;3;3;6;0;0;1;0;0;1;0;0;790468,8517;5828469,63;13,28278527;52,5287199
2020;10;16;2;3;2;6;0;0;1;0;0;0;1;1;785929,7361;5826070,082;13,21399455;52,50960585
2020;12;13;7;2;0;1;0;0;0;0;1;0;0;1;808676,5492;5832816,74;13,55439159;52,55767388
2020;8;19;3;3;0;4;0;0;1;1;0;0;0;0;790635,5078;5825027,453;13,28222869;52,49777183
2020;7;6;6;3;5;2;0;0;0;0;1;0;1;0;797840,0419;5818948,551;13,38262047;52,43939712
2020;5;14;3;3;5;2;0;1;0;0;0;0;1;0;791751,2225;5826597,445;13,29999322;52,51125128
2020;10;15;7;2;2;6;0;1;1;0;0;0;0;0;802118,3661;5827419,871;13,45304379;52,51297994
2020;2;9;6;2;6;7;0;0;1;1;0;0;0;0;790825,1256;5826425,505;13,28623521;52,51020439
2020;9;10;4;3;1;5;0;1;1;0;0;0;0;0;795835,487;5824210,502;13,3578812;52,48765464
2020;11;14;2;3;1;5;0;1;1;0;0;0;0;0;787198,5409;5825844,921;13,23244444;52,5069206
2020;5;16;4;3;2;6;0;0;1;0;0;0;0;0;790680,136;5826115,005;13,28383365;52,50749802
2020;8;7;3;3;5;2;0;1;0;0;0;0;1;0;792275,7456;5826685,437;13,30777749;52,51175932
2020;6;15;4;3;2;6;0;0;1;0;0;0;0;0;796446,2113;5822593,33;13,36541146;52,47282686
2020;5;8;3;3;5;2;0;0;1;1;0;0;0;0;791840,4714;5826612,481;13,30131778;52,51133833
2020;2;8;6;3;5;3;0;1;1;0;0;0;0;0;798153,948;5836016,099;13,40251882;52,59221462
2020;9;13;4;3;0;1;0;1;0;0;0;0;0;0;812425,0065;5827173,531;13,60420211;52,50496729
2020;12;18;6;3;6;7;2;0;1;1;0;0;0;0;799074,9554;5816695,334;13,39871878;52,41852586
2020;8;9;4;2;5;2;0;1;1;0;0;0;0;0;804235,0844;5827518,748;13,48422987;52,51268968
2020;6;8;6;3;3;6;0;0;1;0;0;1;0;0;790533,9186;5825820,824;13,28142861;52,50493857
2020;10;14;7;3;5;7;0;0;1;0;0;0;0;0;796213,0496;5829944,713;13,36852964;52,53885173
2020;2;11;5;3;2;6;0;0;1;0;0;1;0;1;797817,4205;5822632,151;13,38557419;52,47242898
2020;11;16;4;2;1;5;2;1;1;0;0;0;0;0;799636,3278;5828412,173;13,41747238;52,5232435
2020;9;16;3;3;5;3;0;0;1;0;1;0;0;0;796405,6911;5826273,091;13,36808964;52,50583456
2020;8;15;2;3;5;2;0;1;0;0;0;0;1;0;803685,497;5835335,153;13,48330367;52,58305147
2020;2;17;4;3;4;6;0;1;0;0;0;0;1;0;796362,4347;5826164,231;13,36735728;52,50488224
2020;10;10;6;3;0;6;0;0;0;0;0;0;1;0;791181,16;5829468,456;13,29413083;52,53729424
2020;8;15;4;2;2;2;0;1;0;0;0;0;0;0;802996,8352;5827660,373;13,46616819;52,51464826
2020;7;12;4;3;2;6;0;0;1;0;0;0;0;1;795898,0848;5822672,702;13,35743564;52,47383557
2020;6;9;6;3;5;3;0;1;1;0;0;0;0;0;799781,125;5828660,425;13,41982397;52,5253891
2020;11;13;5;3;2;7;0;0;1;0;0;0;1;0;799141,102;5830416,296;13,41199847;52,54147936
2020;2;18;4;3;6;2;2;0;1;1;0;0;0;1;796213,3788;5830201,449;13,36876337;52,54115293
2020;9;22;5;3;6;4;2;1;0;1;0;0;0;0;790971,5804;5826449,339;13,28840795;52,51033996
2020;12;10;3;3;2;6;0;0;1;0;0;0;1;0;794558,8726;5833834,861;13,34766272;52,57462059
2020;6;17;2;3;8;1;0;1;0;0;0;0;0;0;782539,069;5815784,582;13,15545884;52,41914731
2020;2;15;4;3;0;2;0;1;0;0;0;0;1;0;796316,7184;5830075,734;13,37017055;52,53996984
2020;9;17;5;3;5;3;0;0;1;0;0;0;0;0;785301,195;5826237,338;13,20490171;52,51143456
2020;7;16;6;3;5;3;0;1;1;0;0;0;0;0;792228,7783;5838308,859;13,31732523;52,61598406
2020;2;14;4;2;5;3;0;1;1;0;0;0;0;0;805152,8011;5822563,919;13,49317407;52,46776929
2020;10;13;5;3;3;6;0;1;0;0;0;0;1;0;800780,6479;5829810,508;13,43555306;52,53514704
2020;12;14;3;3;0;5;0;1;1;0;0;0;0;0;783126,1752;5815920,142;13,16418371;52,4200594
2020;5;18;4;3;5;3;0;1;1;0;0;0;0;0;796682,9175;5826209,937;13,37210589;52,50511777
2020;8;15;7;3;5;3;0;0;1;0;0;0;1;0;800014,1872;5828986,525;13,42354322;52,52818385
2020;7;14;4;3;3;1;0;0;1;0;0;1;0;0;805513,23;5827401,32;13,50289804;52,51092289
2020;5;23;1;2;0;1;2;1;0;0;0;0;0;0;791928,9798;5824014,492;13,30034095;52,4880004
2020;10;8;4;3;8;1;0;0;0;0;1;0;0;1;807233,0059;5827431,918;13,52818794;52,51023126
2020;2;21;4;3;9;1;2;0;1;0;0;0;0;1;797755,2445;5824470,756;13,38630348;52,4889439
2020;9;13;1;3;8;1;0;0;1;0;0;0;0;0;791653,0322;5830951,275;13,3023703;52,55033506
2020;11;7;2;3;6;4;0;0;1;1;0;0;0;0;799245,5134;5831883,958;13,41485593;52,55457731
2020;5;17;4;2;5;3;0;1;1;0;0;0;0;0;798646,1727;5827021,723;13,40167351;52,51132327
2020;8;20;6;3;6;7;1;0;1;1;0;0;0;0;797853,0239;5821967,741;13,38550366;52,46645387
2020;6;18;7;3;5;3;1;1;1;0;0;0;0;1;803379,8583;5824289,227;13,46872454;52,48422039
2020;2;20;4;3;5;3;2;0;1;0;0;0;0;0;797778,2711;5823485,424;13,3857614;52,48009897
2020;10;22;7;3;4;6;2;1;0;0;0;0;1;0;801639,1862;5827783,716;13,44633391;52,51650632
2020;12;6;5;3;2;6;2;0;1;0;0;0;0;0;791724,2904;5833234,005;13,30542501;52,57076092
2020;8;10;2;3;5;2;0;1;0;0;0;0;1;0;797899,0648;5825429,151;13,38927231;52,49745632
2020;7;8;5;3;0;6;0;0;0;0;1;0;1;1;796139,9204;5829179,077;13,3667723;52,53202831
2020;2;19;4;3;2;6;2;0;1;0;0;0;0;1;796690,8341;5826201,909;13,37221503;52,5050415
2020;10;0;5;3;2;6;2;0;1;0;0;0;1;0;793138,1879;5820207,459;13,31475351;52,4532235
2020;2;18;4;3;5;2;2;1;1;0;0;0;0;1;808945,3427;5827441,082;13,55334756;52,50934638
2020;9;12;3;2;5;3;0;0;1;0;0;1;0;0;808903,356;5833412,582;13,55828112;52,562885
2020;11;13;1;3;2;6;0;1;1;0;0;0;0;0;799868,9054;5830247,062;13,42254531;52,53956242
2020;9;0;6;3;3;2;2;0;1;0;0;0;0;0;797773,184;5818919,567;13,38161398;52,43917372
2020;5;17;4;3;2;6;0;0;1;0;0;0;0;0;796555,052;5822539,267;13,36696111;52,47228315
2020;8;1;7;3;2;6;2;1;1;0;0;0;0;0;801322,5889;5829320,695;13,44307485;52,53045746
2020;6;16;3;3;5;2;0;1;1;0;0;0;0;0;796320,9005;5830071,95;13,37022866;52,53993364
2020;2;22;3;3;2;6;2;0;1;0;0;0;0;0;797908,6525;5827613,147;13,39136759;52,51702793
2020;9;20;2;3;5;2;2;0;1;0;0;0;1;0;795339,492;5833743,79;13,35906727;52,57338117
2020;12;9;3;3;2;6;0;0;1;0;0;0;1;0;792230,1654;5823674,5;13,30446595;52,4847913
2020;6;12;4;3;5;3;0;1;1;1;0;0;0;0;801654,0281;5828872,732;13,44753959;52,52625903
2020;2;21;3;3;2;6;2;0;1;0;0;0;0;0;802661,0833;5824995,697;13,45881354;52,49095135
2020;11;18;2;2;5;2;2;1;1;0;0;0;0;0;802146,06;5827748,796;13,4537493;52,51591276
2020;9;17;1;3;1;5;0;1;1;0;0;0;0;0;783410,0167;5816003,735;13,16841724;52,42066201
2020;7;11;6;3;2;6;0;0;1;0;0;0;0;0;797869,6102;5820511,727;13,38444789;52,45339325
2020;2;11;3;2;6;7;0;0;1;1;0;0;0;1;797903,7552;5825113,091;13,38905855;52,49462065
2020;10;14;4;3;5;3;0;0;1;0;0;0;0;1;793293,9872;5836637,325;13,33153206;52,60042605
2020;8;14;3;2;1;5;0;1;1;0;0;0;0;0;797863,6466;5821803,909;13,38551333;52,4649795
2020;7;15;2;3;2;6;0;0;1;0;0;0;0;0;790481,4354;5828460,96;13,28296267;52,52863546
2020;5;23;7;3;5;3;2;1;1;0;0;0;0;0;801933,6122;5827769,975;13,45064723;52,51622024
2020;6;19;4;3;5;3;0;1;0;0;0;0;0;0;789577,61;5817961,573;13,26055659;52,43498619
2020;11;20;2;2;3;6;2;0;1;0;1;0;0;0;790466,389;5828462,65;13,28274297;52,52865863
2020;2;18;3;3;6;4;2;1;0;1;0;0;0;0;800572,3221;5829917,009;13,43258724;52,53621656
2020;9;13;4;3;1;5;0;1;1;0;0;0;0;0;791916,3333;5819376,893;13,29609794;52,44643139
2020;11;12;7;3;3;6;0;0;1;0;0;0;0;0;797830,9599;5822333,226;13,38550606;52,46974207
2020;5;16;4;3;3;6;0;1;0;0;0;0;0;0;800153,6158;5829169,076;13,42575716;52,52974337
2020;8;16;2;3;0;2;0;1;1;0;0;0;0;0;808924,1716;5827407,719;13,55300565;52,50905938
2020;6;11;4;3;3;6;0;0;1;0;1;0;0;0;799195,5488;5816465,577;13,40028135;52,41640045
2020;2;17;3;3;5;2;1;1;1;0;0;0;0;1;806103,7585;5821629,73;13,50627257;52,45886474
2020;9;8;3;3;2;6;0;0;1;0;0;0;1;0;800072,4366;5832754,369;13,42780316;52,56192406
2020;12;17;4;3;5;2;1;0;1;0;0;0;0;1;793298,1982;5826820,752;13,32291989;52,51242355
2020;8;16;3;3;0;1;0;0;1;0;1;0;0;0;796797,4006;5822401,79;13,37039626;52,47091918
2020;6;16;5;3;6;7;0;1;0;1;0;0;0;0;801183,4584;5830869,287;13,44243358;52,54441454
2020;10;17;7;3;2;6;0;0;1;0;0;0;0;0;798181,752;5818924,81;13,38761144;52,4389981
2020;2;5;2;2;6;6;1;0;1;1;0;0;0;1;807669,4635;5829957,151;13,53693454;52,53261638
2020;11;10;3;2;0;2;0;0;0;0;0;1;1;0;801347,6459;5831002,413;13,44496819;52,54551697
2020;9;14;2;3;3;6;0;1;1;0;0;0;0;0;801549,9786;5831173,576;13,44809828;52,54693916
2020;8;1;1;3;2;6;2;0;1;0;1;0;0;0;797760,152;5824110,59;13,38605377;52,48571275
2020;2;7;2;3;5;2;0;0;0;0;1;0;1;0;797838,327;5818947,963;13,38259479;52,43939278
2020;10;15;5;3;2;6;0;0;1;0;0;1;0;1;800657,1246;5829977,86;13,43388882;52,53671521
2020;8;14;3;3;2;6;0;1;0;0;0;0;1;0;799490,6339;5830296,202;13,41702878;52,5402109
2020;7;13;3;3;1;5;0;1;1;0;0;0;0;0;801626,9249;5828957,003;13,44721773;52,52702935
2020;6;18;5;3;1;1;0;0;1;0;0;0;0;1;797937,4307;5820116,662;13,38509056;52,44981495
2020;11;6;4;3;6;4;2;0;1;1;0;0;0;0;796869,1494;5816382,674;13,36610162;52,41692405
2020;2;20;2;3;5;3;1;1;1;0;0;0;0;1;802584,8438;5827702,294;13,46015358;52,51525271
2020;9;11;5;3;5;2;0;1;1;0;0;0;0;0;797850,612;5825505,469;13,38862893;52,49816686
2020;11;8;2;3;3;6;0;0;1;0;0;1;0;0;791643,4671;5833574,434;13,30453523;52,57385609
2020;6;9;1;2;4;6;0;1;0;0;0;0;0;0;785570,6561;5816300,955;13,20035745;52,4222037
2020;2;19;2;3;2;6;2;0;1;0;0;0;0;1;784945,4833;5817253,936;13,19200066;52,43107425
2020;9;15;4;3;1;5;0;1;1;0;0;0;0;1;799164,6309;5830694,843;13,41259523;52,54396318
2020;7;21;5;3;1;5;1;0;1;0;1;0;0;0;803281,1339;5827631,546;13,47031863;52,5142319
2020;2;15;2;3;3;6;0;0;1;0;0;1;0;0;790887,4181;5824694,754;13,28563852;52,49465496
2020;10;10;4;3;0;7;0;0;1;0;0;0;1;0;781746,0285;5824440,37;13,1511337;52,49716995
2020;12;17;6;3;6;4;2;1;0;1;0;0;0;1;803738,829;5827584,971;13,47700011;52,51355977
2020;8;11;5;3;2;6;0;0;1;0;0;0;0;0;792722,246;5837431,684;13,32381694;52,60785512
2020;7;18;3;2;2;6;0;0;1;0;0;0;0;0;811692,3051;5827137,18;13,59340801;52,50506058
2020;5;13;7;3;8;1;0;0;1;0;0;0;0;0;795684,4417;5822631,171;13,35426256;52,47357897
2020;10;17;3;3;3;6;2;0;1;0;0;0;1;0;790509,9654;5825605,642;13,28088894;52,50302219
2020;2;16;1;3;2;6;2;0;1;0;0;0;0;1;797854,1512;5825450,778;13,388632;52,49767469
2020;9;20;1;3;2;6;1;0;1;0;0;0;0;0;798796,7611;5827189,428;13,40403644;52,51274405
2020;11;15;2;3;2;6;0;0;1;0;0;0;0;0;806045,9329;5821707,093;13,50549508;52,45959049
2020;5;15;4;2;1;1;0;1;0;0;0;1;0;0;786767,3872;5825846,509;13,22611069;52,50716165
2020;8;16;5;3;2;6;0;0;1;0;0;0;0;0;794906,0532;5827116,807;13,34680652;52,51421055
2020;6;10;6;3;2;6;0;0;1;0;0;1;0;0;809897,3554;5827216,94;13,56712165;52,50679776
2020;2;17;1;3;5;3;2;0;1;0;0;0;0;1;799119,1189;5827657,048;13,40919283;52,5167589
2020;10;16;6;3;5;3;0;1;1;0;0;0;0;0;798959,7037;5817033,558;13,3973313;52,4216206
2020;12;0;3;3;2;6;2;0;1;0;0;0;0;0;796313,9511;5830050,474;13,37010734;52,53974491
2020;8;0;1;3;6;7;2;1;0;1;0;0;0;0;795546,5426;5833267,795;13,36168942;52,56900195
2020;6;22;3;3;5;3;2;0;1;0;0;0;0;0;799119,1777;5827657,139;13,40919377;52,51675969
2020;2;20;7;3;3;6;2;0;1;0;0;0;0;0;801001,1841;5830529,684;13,43944611;52,54147136
2020;10;14;5;3;1;5;0;1;1;0;0;0;0;0;796025,1469;5825235,798;13,36157719;52,49674274
2020;2;19;7;3;6;4;2;0;0;1;0;0;1;1;801826,0645;5831385,439;13,45234995;52,5486852
2020;9;17;2;3;5;2;0;0;1;0;1;0;0;0;793301,6403;5826821,66;13,32297127;52,51242983
2020;11;23;7;2;6;7;2;0;1;1;0;0;0;0;795973,605;5829421,321;13,36454332;52,53429013
2020;9;12;6;2;2;6;0;0;0;0;0;1;1;0;790533,1696;5827369,192;13,28276935;52,51882016
2020;2;19;7;3;6;2;2;0;1;1;0;0;0;1;795752,4036;5832686,916;13,36420008;52,56368314
2020;5;13;3;3;3;6;0;0;1;0;0;0;0;0;796180,5359;5831027,83;13,36901738;52,54857845
2020;8;10;7;3;2;6;0;0;1;0;0;0;0;1;790498,7092;5826372,108;13,28139242;52,50989961
2020;7;19;3;3;2;6;0;0;1;0;0;0;0;0;790685,8072;5828877,047;13,28633068;52,53225673
2020;6;15;2;3;2;6;0;1;0;0;0;0;0;0;802791,8977;5832852,201;13,46788816;52,56129549
2020;2;20;6;2;1;5;2;0;1;0;0;0;0;0;794740,4431;5833779,613;13,35028517;52,57402703
2020;9;10;7;3;8;1;0;0;1;0;0;0;0;1;787751,5425;5838272,58;13,25134755;52,61804814
2020;12;2;2;3;3;6;2;1;0;0;0;0;0;0;797758,9812;5825536,025;13,38731043;52,49849077
2020;6;11;4;3;2;6;0;1;0;0;0;0;0;0;802449,2352;5827716,958;13,45817459;52,51545936
2020;2;18;6;3;5;5;0;0;1;0;0;0;0;0;798700,4517;5827911,345;13,40326956;52,51926778
2020;11;13;6;3;0;7;0;0;0;0;1;0;0;1;796315,137;5830077,165;13,37014858;52,53998353
2020;9;18;7;3;5;2;0;0;1;0;1;0;0;0;793299,5852;5826825,966;13,32294487;52,51246954
2020;7;12;6;2;3;6;0;1;0;0;0;0;0;0;802034,4726;5828096,355;13,45242538;52,51908975
2020;2;13;6;3;2;6;0;0;1;0;0;0;0;0;790527,6;5835238,853;13,28957478;52,58937421
2020;10;22;2;3;3;6;2;0;1;0;1;0;0;0;802602,4304;5825052,124;13,45800355;52,49148962
2020;8;15;2;3;2;6;0;0;1;0;0;0;0;0;783295,694;5826442,667;13,1756041;52,51432092
2020;7;21;1;3;5;2;0;1;1;0;0;0;0;0;801681,43;5828880,887;13,44794967;52,52631697
2020;6;13;4;3;3;6;0;1;1;0;0;0;0;0;803085,262;5827634,511;13,46744374;52,51436734
2020;11;13;1;3;5;3;0;0;1;0;0;0;0;1;795861,8959;5832068,217;13,36525906;52,55807764
2020;2;10;6;3;5;3;0;0;1;0;0;1;0;1;795695,3591;5832850,422;13,36350669;52,5651798
2020;9;17;3;3;2;7;0;1;0;0;1;0;0;0;797166,885;5838894,688;13,39057506;52,61855745
2020;11;20;7;3;2;6;2;0;1;0;0;0;1;0;799090,4461;5832360,832;13,41300525;52,55893691
2020;6;15;5;3;4;6;0;0;1;0;0;0;1;0;789016,667;5826138,264;13,25941266;52,50859037
2020;2;12;6;3;0;6;0;1;1;0;0;0;0;0;798837,3288;5817269,976;13,39574825;52,42380666
2020;8;18;2;3;2;6;0;0;1;0;0;0;0;0;798181,3363;5826924,266;13,394757;52,51070399
2020;7;14;4;3;3;6;0;1;0;0;1;0;0;0;791549,2244;5826541,988;13,29697658;52,51086212
2020;2;6;6;3;5;3;2;1;1;0;0;0;0;1;801829,6762;5826229,845;13,44772363;52,50247348
2020;10;9;3;3;3;6;0;0;1;0;0;0;0;0;791297,1082;5826501,699;13,29323686;52,51063562
2020;12;12;3;3;5;7;0;0;1;0;0;0;0;0;792258,991;5826682,982;13,30752915;52,51174628
2020;8;16;4;3;5;2;0;1;1;0;0;0;0;0;780171,3534;5822272,634;13,12617614;52,47854284
2020;7;9;2;3;5;2;0;1;1;0;0;0;0;0;803483,9341;5827594,541;13,47326423;52,51378742
2020;5;7;5;3;0;5;0;0;0;0;1;0;1;0;797835,1883;5822247,233;13,38549136;52,46896893
2020;10;8;2;3;2;6;0;0;1;0;0;0;1;1;797826,0562;5822437,133;13,38552685;52,47067615
2020;2;23;5;3;5;2;2;0;1;0;0;0;0;1;799118,5335;5827656,139;13,40918341;52,51675108
2020;9;2;5;3;2;6;2;1;1;0;0;0;0;0;801391,4923;5829229,51;13,44400486;52,52960206
2020;11;16;4;2;6;7;0;0;0;1;0;0;1;0;796163,637;5831089,953;13,3688243;52,54914451
2020;5;21;3;3;0;1;1;1;0;0;0;0;0;0;797789,9112;5825525,711;13,38775549;52,49838143
2020;8;14;3;3;5;2;0;1;1;0;0;0;0;0;811523,2763;5827129,606;13,59091864;52,50508923
2020;6;17;5;3;0;2;0;1;1;0;0;0;0;0;795870,3788;5829571,033;13,36315918;52,5356882
2020;6;15;6;3;2;6;0;0;1;0;0;0;0;0;797990,5187;5819810,735;13,38559653;52,44704371
2020;2;0;5;3;3;6;2;0;1;0;0;0;0;1;792160,8967;5837901,551;13,31596572;52,61236925
2020;9;15;3;2;2;6;0;0;1;0;0;0;1;0;790164,7848;5825345,028;13,27559073;52,50086943
2020;7;13;5;3;1;7;0;0;1;0;0;0;0;0;779169,5786;5814994,663;13,10538185;52,41379324
2020;2;21;5;3;2;6;2;0;1;0;0;0;0;0;801629,2842;5828911,472;13,4472111;52,52661995
2020;10;16;4;2;3;6;0;0;1;0;1;0;0;1;786884,0046;5825817,378;13,2277991;52,50683915
2020;12;16;4;3;5;3;2;0;1;0;0;0;0;1;799107,7404;5827694,722;13,40905951;52,51710283
2020;8;13;5;3;5;3;0;1;1;0;0;0;0;0;785696,313;5816404,226;13,20228849;52,42306405
2020;7;17;2;3;2;6;0;0;1;0;0;0;0;0;813235,7406;5827203,662;13,61613615;52,5047725
2020;5;16;6;3;3;2;0;0;1;0;0;1;0;0;797831,6904;5822312,263;13,38549807;52,46955376
2020;10;20;2;2;8;1;2;0;1;0;0;1;0;1;803109,9766;5840249,414;13,47933584;52,62741682
2020;2;18;5;2;6;4;1;1;0;1;0;0;0;1;796175,3047;5825767,018;13,36425501;52,50142319
2020;9;0;7;3;1;5;2;0;1;0;0;0;1;0;796015,0204;5825183,857;13,3613823;52,49628263
2020;11;18;5;3;2;6;2;0;1;0;0;1;0;1;802070,6003;5821844,774;13,447289;52,46303633
2020;5;19;3;3;1;5;1;1;1;0;0;0;0;0;797915,4596;5820251,62;13,38488859;52,45103668
2020;8;18;4;3;2;6;0;0;1;0;0;0;0;1;796224,2399;5830181,775;13,36890551;52,54097067
2020;6;10;6;3;3;6;0;1;0;0;0;0;0;0;799249,8171;5830357,973;13,4135442;52,54089689
2020;2;18;5;3;5;3;2;1;1;0;0;0;0;1;791832,3402;5839223,651;13,31229371;52,62439779
2020;10;14;5;2;0;6;0;0;0;0;1;0;1;0;802399,677;5826011,14;13,45589692;52,50019765
2020;12;14;3;3;6;4;0;1;0;1;0;0;0;0;799984,6554;5828112,114;13,42232046;52,52036244
2020;8;14;7;3;5;2;0;0;1;0;1;0;0;0;791846,2593;5826613,456;13,30140368;52,51134398
2020;6;19;2;3;5;2;0;1;1;0;0;0;0;0;798147,1552;5835956,484;13,40236519;52,59168399
2020;2;19;4;3;5;5;2;0;1;0;0;0;0;1;796261,3623;5829996,364;13,36928595;52,53928847
2020;10;4;4;2;5;2;2;0;1;0;0;0;0;1;802586,285;5827702,138;13,46017461;52,51525052
2020;2;18;4;3;2;6;2;0;1;0;0;0;0;1;812807,8568;5827178,837;13,60982932;52,5047955
2020;9;19;1;2;2;6;1;0;1;0;1;0;0;0;808980,9767;5827441,049;13,55387092;52,5093259
2020;11;8;6;2;5;2;0;1;1;0;0;0;0;0;806599,8034;5821136,452;13,51309752;52,45416576
2020;9;11;5;3;6;4;0;0;1;1;0;0;0;0;791567,6122;5826545,135;13,29724952;52,51088051
2020;2;16;4;3;5;2;0;1;0;0;0;0;1;0;799315,2223;5827966,539;13,41235264;52,51942544
2020;5;18;3;3;5;3;0;0;1;0;0;0;0;0;795879,062;5832057,243;13,36550176;52,55796995
2020;8;15;6;1;5;2;0;1;0;0;0;1;0;0;794559,1815;5833820,741;13,34765472;52,57449384
2020;7;6;2;3;8;1;0;0;0;0;0;1;0;0;800973,616;5840752,485;13,44832687;52,63311366
2020;6;0;1;3;0;1;2;1;0;0;0;0;0;0;799610,0398;5815473,027;13,40546943;52,40727677
2020;2;16;4;3;2;6;0;0;1;0;0;0;0;0;790748,9759;5826314,926;13,28501971;52,50925364
2020;9;9;6;3;5;2;0;0;1;0;0;0;0;1;796675,0824;5826208,741;13,37198973;52,50511131
2020;12;10;1;3;5;2;0;1;1;0;0;0;0;0;796418,9866;5826323,368;13,36832972;52,50627802
2020;6;13;4;3;2;6;0;0;1;0;1;0;0;0;795954,2319;5822693,576;13,35827839;52,47399227
2020;2;7;4;3;2;6;0;0;1;0;0;0;0;1;792283,3499;5826665,293;13,30787154;52,51157466
2020;11;7;5;3;0;2;0;1;1;0;0;0;0;0;797164,8828;5838899,872;13,39055023;52,61860501
2020;9;14;7;3;5;7;0;0;1;0;0;0;0;0;783659,0868;5816033,842;13,17209557;52,42080292
2020;7;17;4;3;2;6;0;0;1;0;1;0;0;0;795657,5336;5823216,435;13,3543864;52,47883999
2020;2;12;4;3;2;6;0;0;1;0;0;0;1;1;790278,3845;5818358,515;13,27118073;52,43817344
2020;10;0;7;3;5;3;2;1;1;0;0;0;0;1;799990,4408;5830222,278;13,42430956;52,53927339
2020;8;10;2;3;2;6;0;0;1;0;0;0;0;0;789033,6875;5826140,696;13,25966486;52,50860316
2020;7;20;6;3;2;6;1;0;1;0;0;0;0;0;802128,3831;5821880,885;13,44816963;52,46332805
2020;5;22;7;3;2;6;2;0;1;0;0;0;0;0;793558,4463;5822991,317;13,32336922;52,47795429
2020;6;11;3;3;3;6;0;0;1;0;0;0;0;0;793370,5403;5836382,989;13,33243377;52,59810479
2020;10;13;7;3;0;6;0;0;1;0;1;0;0;1;793337,1598;5826864,269;13,32353073;52,5127927
2020;2;9;4;3;6;7;0;0;1;1;0;0;0;1;798176,0539;5836298,475;13,4030984;52,59473358
2020;9;11;3;3;6;7;0;0;1;1;0;0;0;0;799188,5158;5831264,054;13,41345914;52,54905215
2020;11;17;6;3;2;6;2;0;1;0;0;0;0;1;793626,3439;5822994,757;13,32436911;52,47794863
2020;6;4;5;3;2;6;0;0;1;0;1;0;0;0;798627,6177;5827029,784;13,40140814;52,51140568
2020;8;12;2;3;2;6;0;0;1;0;0;1;0;0;801633,4547;5828905,791;13,44726724;52,52656673
2020;6;17;3;3;2;6;0;1;0;0;0;0;0;0;796064,5171;5825437,894;13,36233507;52,498533
2020;2;19;3;2;6;7;2;1;0;1;0;0;0;0;800053,5192;5832772,314;13,42754115;52,56209533
2020;10;17;2;3;5;2;0;1;1;0;0;0;0;0;792443,58;5819762,086;13,30417084;52,44960285
2020;12;7;2;3;5;3;0;1;1;0;0;0;0;1;795440,9192;5833540,902;13,36037881;52,57150743
2020;8;8;4;2;5;2;0;1;1;0;0;0;0;0;799149,8202;5832223,185;13,41375441;52,55767052
2020;7;22;1;3;0;1;2;0;0;0;1;0;0;1;801972,337;5826177,49;13,44977149;52,50192528
2020;5;19;3;3;2;6;0;0;1;0;0;0;0;0;799232,7664;5830360,863;13,41329614;52,54093216
2020;10;20;1;2;9;1;2;0;0;0;1;0;0;0;782874,1933;5825835,995;13,16889364;52,50910006
2020;2;14;3;3;2;6;0;0;1;0;0;0;0;1;795501,4879;5823360,626;13,35222318;52,48021701
2020;9;15;5;3;3;6;0;0;0;0;1;0;0;0;793137,8129;5820207,237;13,31474781;52,45322171
2020;11;13;3;3;2;6;0;0;1;0;0;0;0;0;789155,1731;5826158,542;13,26146539;52,50869877
2020;5;17;3;3;5;3;0;1;1;0;0;0;0;0;800963,6086;5827852,948;13,43647061;52,51750008
2020;8;18;3;3;3;6;0;0;1;0;1;0;0;0;792128,2374;5826660,841;13,30558849;52,51161784
2020;6;11;5;2;2;3;0;0;1;0;0;0;1;1;795850,5156;5822653,121;13,35671996;52,4736858
2020;5;11;2;3;5;3;0;1;1;0;0;0;0;0;795751,5544;5832691,521;13,36419169;52,56372488
2020;2;8;3;3;5;2;0;0;1;0;0;0;0;1;795641,247;5823232,978;13,35416196;52,4789971
2020;9;15;4;3;0;7;0;0;1;0;0;0;0;0;785368,1069;5815751,456;13,19691824;52,41738245
2020;12;12;6;3;1;7;0;0;1;0;0;0;0;0;801014,5214;5830551,299;13,43966177;52,54165774
2020;8;12;4;2;3;6;0;0;1;0;0;1;0;0;791707,6406;5833419,327;13,30534305;52,57243121
2020;6;10;7;3;0;1;0;0;0;0;1;0;0;0;795547,7034;5833264,795;13,36170382;52,56897442
2020;10;12;1;3;6;4;0;0;1;1;0;0;0;1;796369,11;5815266,775;13,35778264;52,40719177
2020;2;8;3;2;2;2;0;0;1;0;0;1;0;1;794616,8686;5823115,435;13,33901828;52,47849699
2020;11;18;4;3;2;6;2;0;1;0;0;0;0;0;791455,3516;5830452,38;13,29902526;52,54596837
2020;9;18;3;3;2;6;0;1;1;0;0;0;0;0;802831,7393;5825421,682;13,46170655;52,49467478
2020;8;16;2;3;2;6;0;0;1;0;0;0;1;0;790539,3168;5827389,434;13,28287737;52,51899836
2020;2;22;3;2;6;2;2;0;1;1;0;0;0;0;783503,8366;5826699,168;13,1788817;52,51651261