UJAHR;UMONAT;USTUNDE;UWOCHENTAG;UKATEGORIE;UART;UTYP1;ULICHTVERH;IstRad;IstPKW;IstFuss;IstKrad;IstGkfz;IstSonstige;USTRZUSTAND;LINREFX;LINREFY;XGCSWGS84;YGCSWGS84
2020;9;15;6;3;0;6;0;1;0;0;0;0;0;0;802347,2142;5827710,788;13,45667011;52,51546062
2020;7;14;3;3;5;2;0;0;1;0;0;0;0;0;802584,4144;5827702,34;13,46014731;52,51525337
2020;2;20;4;2;5;2;2;1;1;0;0;0;0;0;804509,3945;5827505,235;13,48824719;52,5124155
2020;10;13;6;3;5;3;0;1;0;0;0;0;1;0;796272,1631;5830254,398;13,36967484;52,5415956
2020;8;8;2;3;2;6;0;0;1;0;0;0;0;0;798183,1228;5818974,615;13,38767599;52,43944381
2020;7;14;6;3;2;6;0;0;1;0;0;0;0;1;791083,298;5829202,063;13,29245869;52,53495834
2020;6;10;3;3;4;6;0;1;0;0;0;0;0;0;789827,6942;5826250,958;13,27142735;52,50917041
2020;10;9;6;3;5;3;0;0;1;0;0;0;0;1;792365,1173;5837743,881;13,31883393;52,610846
2020;2;17;4;3;2;6;1;0;1;0;0;1;0;0;801532,956;5827794,636;13,44478303;52,51666293
2020;9;18;3;3;0;1;0;1;1;0;0;0;0;0;797961,1846;5834625,478;13,39843115;52,57985536
2020;11;19;5;3;2;6;2;1;0;0;0;0;1;1;796078,2235;5831266,448;13,36772568;52,55077303
2020;6;16;4;3;1;1;0;1;1;0;0;0;0;0;791796,3365;5819328,684;13,29429524;52,44606325
2020;8;17;1;3;5;2;1;1;1;0;0;0;0;1;783517,187;5826715,15;13,17909154;52,51664897
2020;6;16;3;3;5;3;0;1;1;0;0;0;0;0;804234,7474;5827533,31;13,48423823;52,51282038
2020;2;10;4;3;2;2;0;1;0;0;0;1;0;0;797898,7256;5825430,732;13,38926875;52,49747068
2020;10;14;2;3;5;3;0;1;0;0;1;0;0;0;803365,9677;5824302,803;13,46853296;52,48434978
2020;12;14;7;3;2;6;0;0;1;0;0;0;1;0;790696,8215;5826341,294;13,28427643;52,50951783
2020;8;19;3;3;0;4;0;1;0;1;0;0;0;0;795719,9281;5832788,106;13,36381256;52,56460785
2020;7;13;6;3;2;6;0;0;1;0;0;0;0;0;790787,6775;5824828,243;13,28429004;52,49590485
2020;5;11;3;3;5;2;0;1;1;0;0;0;0;0;797766,6571;5824009,731;13,38605918;52,48480511
2020;2;6;4;3;0;7;2;1;0;0;0;0;0;1;796342,3335;5828861,678;13,36946465;52,52907314
2020;10;11;1;3;5;3;0;0;1;0;0;0;0;1;798180,5311;5818924,391;13,38759316;52,43899502
2020;8;7;2;3;0;1;0;1;0;0;0;0;0;0;798298,5211;5834946,965;13,40368418;52,58255218
2020;7;16;7;3;2;6;0;0;1;0;0;0;0;0;801437,184;5821746,619;13,43790518;52,46250632
2020;6;18;3;3;2;6;0;0;1;0;1;0;0;0;785277,9733;5816278,933;13,19604624;52,42215891
2020;11;12;1;3;2;6;0;0;1;0;0;0;0;0;800479,9979;5827931,523;13,42943589;52,51847103
2020;2;6;4;3;0;1;1;0;0;0;1;0;0;1;797867,4354;5820441,986;13,38435378;52,45276928
2020;9;14;3;3;0;6;0;0;1;0;1;0;0;0;792170,5746;5826668,036;13,30621689;52,51165966
2020;11;21;6;3;5;3;2;0;1;0;0;0;0;0;797858,9566;5825502,686;13,388749;52,49813736
2020;6;15;5;3;2;6;0;0;1;0;0;0;0;0;796190,5324;5825800,644;13,3645086;52,50171635
2020;2;5;4;3;2;6;2;0;1;0;0;0;0;1;797607,1003;5822356,951;13,38224141;52,47007673
2020;8;15;2;3;2;6;0;0;1;0;0;0;0;0;796007,3343;5824856,638;13,36097866;52,49335356
2020;7;11;4;2;5;5;0;1;0;0;0;0;1;0;792432,4516;5819756,104;13,30400231;52,44955517
2020;6;22;3;3;3;6;1;0;1;0;0;0;0;0;784951,2952;5817461,446;13,19226276;52,4329318
2020;2;15;3;3;2;6;0;0;1;0;0;0;1;1;797833,1696;5822637,226;13,3858099;52,47246588
2020;10;14;3;3;2;6;0;0;1;0;0;0;0;0;791905,837;5824022,713;13,30000828;52,48808647
2020;12;18;3;3;1;5;2;0;1;0;0;0;0;1;790652,195;5818578,468;13,27685566;52,43994683
2020;8;6;4;3;2;6;0;0;1;0;0;0;1;0;798626,9428;5827029,467;13,40139794;52,51140321
2020;7;14;1;3;4;6;0;1;0;0;0;0;0;0;799151,6475;5830812,179;13,41251001;52,54502205
2020;5;13;5;3;2;6;0;0;1;0;1;0;0;0;799337,1806;5827958,131;13,41266773;52,51933802
2020;10;7;2;3;0;5;0;1;0;0;0;0;1;1;802774,499;5825363,329;13,46081296;52,49418352
2020;2;18;3;2;6;4;2;0;1;1;0;0;0;1;790146,7213;5826312,946;13,27616893;52,50955655
2020;9;18;5;3;5;2;0;1;1;0;0;0;0;0;808948,2401;5827441,17;13,5533902;52,50934552
2020;11;16;3;3;0;1;1;0;0;0;1;0;0;1;796593,3637;5822514,127;13,36750114;52,472037
2020;4;13;5;2;6;7;0;1;0;1;0;0;0;0;798136,2134;5833533,477;13,40002472;52,56997128
2020;8;22;3;2;6;4;2;0;1;1;0;0;0;0;808383,1703;5832162,35;13,54946988;52,5519756
2020;6;17;5;3;2;3;0;0;1;0;0;0;0;1;791564,5093;5826544,604;13,29720346;52,5108774
2020;5;17;1;3;5;2;0;1;1;0;0;0;0;0;801354,3753;5831008,106;13,44507229;52,54556428
2020;2;7;2;3;2;6;1;0;1;0;0;0;0;1;803721,9183;5834304,096;13,48289495;52,57379026
2020;9;23;4;3;3;6;2;0;1;0;0;1;0;0;801082,7556;5821681,712;13,43264554;52,46211993
2020;12;13;7;3;1;5;0;1;1;0;0;0;0;0;795955,2236;5824460,505;13,35986149;52,48983082
2020;8;16;5;3;2;6;0;0;1;0;1;0;0;0;792037,7833;5826645,36;13,30424582;52,51152749
2020;6;15;1;3;2;6;0;0;1;0;0;0;0;1;790877,5162;5824717,992;13,28551337;52,49486857
2020;10;16;2;3;0;7;0;1;0;0;0;0;0;0;799797,837;5813702,568;13,40663759;52,39130405
2020;2;11;2;3;2;7;0;0;1;0;0;0;0;1;794559,2233;5833801,451;13,3476382;52,5743209
2020;11;11;5;3;2;6;0;0;1;0;0;0;1;0;794924,311;5827119,957;13,34707758;52,51422892
2020;9;9;4;3;3;6;0;0;1;0;1;0;0;0;797628,254;5826829,25;13,38654639;52,51015433
2020;2;23;2;3;5;3;2;0;1;0;0;0;0;1;795879,0131;5832057,506;13,36550127;52,55797233
2020;10;10;7;3;3;6;0;0;1;0;0;1;0;1;790554,7849;5828682,347;13,28423437;52,53058111
2020;8;14;5;3;2;6;0;0;1;0;0;0;1;0;795407,8162;5833597,668;13,35994235;52,57203425
2020;7;14;5;3;2;6;0;0;1;0;0;0;0;0;799792,8707;5828678,848;13,42001319;52,52554777
2020;5;12;7;3;0;7;0;1;0;0;0;0;0;0;797781,5952;5818928,601;13,3817454;52,43925011
2020;6;13;6;3;5;3;0;1;1;0;0;0;0;1;808393,0949;5832184,52;13,54963639;52,55216867
2020;2;21;2;3;0;6;2;0;1;0;0;0;0;1;799358,6651;5821536,626;13,40721454;52,46176665
2020;9;16;5;2;2;6;0;0;1;0;0;0;0;0;798181,752;5818924,81;13,38761144;52,4389981
2020;12;8;5;3;2;6;0;0;1;0;0;0;0;0;796423,3916;5826338,466;13,36840787;52,50641097
2020;6;15;3;2;5;3;0;1;1;0;0;0;0;0;796367,8401;5815263,718;13,35776132;52,40716506
2020;2;18;2;2;0;6;2;0;1;0;1;0;0;1;795277,0708;5822464,107;13,34813448;52,47230172
2020;9;8;6;3;5;2;0;1;1;0;0;0;0;1;799220,6468;5831452,765;13,41410164;52,55072601
2020;7;19;2;3;0;1;0;0;0;0;1;0;0;1;809586,5456;5827356,392;13,56268656;52,50822393
2020;2;17;2;3;5;2;2;0;1;0;0;0;0;1;802149,2652;5827729,723;13,45377907;52,51574004
2020;10;19;6;3;5;3;2;0;1;0;1;0;0;1;795338,478;5833744,156;13,35905267;52,573385
2020;12;13;4;3;5;3;0;0;1;0;0;0;0;0;795337,7656;5833744,413;13,35904242;52,57338769
2020;8;21;1;2;0;1;2;1;0;0;0;0;0;0;796241,4174;5830245,098;13,36921452;52,54152896
2020;7;18;5;3;5;2;0;1;1;0;0;0;0;1;795242,2032;5823528,673;13,34856514;52,48186368
2020;5;17;6;2;6;2;0;0;1;1;0;0;0;0;786912,2364;5825812,397;13,22820963;52,50677964
2020;6;14;2;2;0;7;0;1;0;0;0;0;0;0;789557,6091;5826223,502;13,267435;52,50906769
2020;10;21;4;3;3;6;2;0;0;0;1;0;1;0;786174,488;5816756,933;13,20960309;52,42597656
2020;2;17;2;3;2;6;2;0;1;0;0;0;0;1;791740,5618;5839595,826;13,31127018;52,62778346
2020;9;16;2;3;5;7;0;0;1;0;1;0;0;0;794044,6095;5835115,755;13,34123226;52,58638094
2020;11;13;4;3;5;3;0;0;1;0;0;0;1;0;792738,7715;5826741,83;13,31463051;52,51201656
2020;6;10;4;3;2;6;0;0;1;0;0;0;0;0;787021,3993;5817178,488;13,2223862;52,42931254
2020;8;13;7;3;3;5;0;0;1;0;0;0;0;0;805510,0894;5822222,223;13,49810449;52,46450716
2020;6;10;3;3;5;2;0;1;1;0;0;0;0;0;806172,4542;5821581,029;13,50723581;52,45838978
2020;2;13;2;3;2;6;0;0;1;0;0;0;0;1;790461,9977;5828448,242;13,28266584;52,52853181
2020;10;15;1;3;1;5;0;1;1;0;0;0;0;0;789577,467;5826226,69;13,26772955;52,50908573
2020;12;9;6;3;0;6;0;1;1;0;0;0;0;0;799321,3535;5827971,732;13,41244741;52,51946862
2020;8;10;3;3;6;7;0;1;0;1;0;0;0;0;795638,3236;5833034,078;13,36283135;52,56685707
2020;7;16;5;3;2;6;0;0;1;0;0;0;0;0;797353,8468;5822327,451;13,37849781;52,46995021
2020;10;19;6;3;2;2;2;1;1;0;0;0;0;1;795342,8182;5823459,437;13,3499811;52,48118862
2020;2;12;2;3;2;6;0;0;1;0;0;0;0;1;793332,7363;5826863,522;13,32346507;52,51278839
2020;9;7;4;3;2;6;0;0;1;0;0;0;0;0;790534,4491;5825724,656;13,28135248;52,50407613
2020;11;5;2;3;3;6;2;0;1;0;1;0;0;1;790514,2054;5827426,214;13,28254045;52,51934148
2020;4;17;5;3;2;6;0;0;1;0;0;0;1;0;796309,4843;5828822,677;13,36894707;52,52874139
2020;8;17;2;3;2;6;0;0;1;0;1;0;0;1;790552,2891;5826399,701;13,28220377;52,51011845
2020;6;7;4;3;5;3;0;1;1;0;0;0;0;0;804106,561;5824366,79;13,47946399;52,48451132
2020;2;22;7;3;2;6;2;0;1;0;0;0;0;0;790572,3012;5825150,353;13,28140745;52,4989073
2020;9;16;3;3;5;3;0;1;1;0;0;0;0;0;802149,209;5827728,922;13,45377752;52,51573288
2020;12;18;5;3;6;2;2;0;1;1;0;0;0;0;788944,745;5826126,751;13,25834589;52,50852526
2020;8;17;3;3;3;6;0;1;0;0;0;0;0;0;799188,5827;5831268,203;13,41346386;52,54908931
2020;6;19;5;3;0;6;0;1;0;0;0;0;0;0;801765,1983;5827770,763;13,44817357;52,51632051
2020;10;12;7;3;2;2;0;0;1;0;0;0;0;0;795843,382;5824264,568;13,35804513;52,48813502
2020;2;17;7;3;5;3;2;0;1;0;0;0;0;1;812565,6565;5827167,065;13,60626152;52,5048288
2020;11;6;3;3;7;7;2;1;0;0;0;0;0;0;797763,3073;5824684,451;13,38661282;52,49085504
2020;2;12;7;3;2;6;0;0;1;0;0;0;0;1;785377,5745;5815877,384;13,19716447;52,41850661
2020;9;15;2;3;5;2;0;1;1;0;0;0;0;0;799792,1473;5828612,473;13,41994272;52,52495323
2020;8;1;1;3;6;4;2;1;0;1;0;0;0;0;799215,814;5831345,847;13,41393423;52,54977031
2020;10;16;5;3;3;6;0;0;1;0;0;1;0;1;790822,0257;5828970,763;13,28841519;52,53302423
2020;1;17;2;3;0;3;2;0;1;0;1;0;0;1;793524,4099;5821563,565;13,32161321;52,4651733
2020;1;15;3;3;2;6;0;0;1;0;0;0;0;1;792766,5415;5837456,155;13,32449086;52,60805063
2020;1;16;2;3;6;4;2;0;1;1;0;0;0;0;804924,1997;5832959,849;13,49934546;52,56107042
2020;1;13;4;3;6;4;0;0;1;1;0;0;0;1;792251,4489;5820900,22;13,30234785;52,45990886
2020;1;11;2;2;5;3;0;1;1;0;0;0;0;0;800556,3019;5825147,631;13,42804383;52,4934761
2020;1;9;2;3;0;5;0;1;1;0;0;0;0;0;800808,0187;5822107,184;13,42899738;52,4660849
2020;1;16;2;3;2;6;0;0;1;0;0;0;0;1;790719,2567;5837601,769;13,29447081;52,61045484
2020;1;17;2;3;6;7;2;1;0;1;0;0;0;0;801136,2378;5824078,346;13,43559394;52,4835722
2020;1;15;2;3;5;7;0;0;1;0;0;0;0;0;802490,4374;5823144,147;13,45462786;52,47445045
2020;1;9;4;2;0;7;0;0;1;0;0;0;0;1;790577,9879;5825065,937;13,28141733;52,49814748
2020;1;15;2;3;1;5;1;1;1;0;0;0;0;1;797524,623;5831282,019;13,38900893;52,55012451
2020;1;12;4;3;0;2;0;0;0;0;0;1;1;1;806287,1484;5820685,11;13,50809686;52,45029592
2020;1;15;2;3;5;2;0;0;1;0;0;0;0;0;803638,4592;5838997,091;13,48596975;52,61589783
2020;1;14;2;3;5;3;0;1;1;0;0;0;0;1;809638,4843;5828928,408;13,56491218;52,52228229
2020;1;14;2;3;0;6;0;0;1;0;0;0;1;0;791906,0562;5826103,825;13,30183536;52,50674323
2020;1;14;2;3;6;4;0;0;1;1;0;0;0;0;806489,0148;5829470,911;13,51913818;52,52892362
2020;1;14;2;3;5;3;0;0;1;0;0;0;0;0;809512,2422;5831408,743;13,56536699;52,54458174
2020;1;20;3;3;5;2;2;1;1;0;0;0;0;1;799584,3804;5828041,414;13,41637506;52,51994877
2020;1;12;2;3;2;6;0;0;1;0;0;0;0;1;793814,7599;5828491,555;13,33198564;52,52712339
2020;1;12;2;3;0;7;0;1;0;0;0;0;0;1;800363,892;5830255,116;13,42982909;52,53936201
2020;1;14;3;3;5;2;0;1;1;0;0;0;0;1;794736,452;5819893,244;13,33792833;52,44954729
2020;1;10;2;3;5;3;0;0;1;0;0;0;0;0;801116,217;5819585,725;13,43124676;52,44331442
2020;1;9;2;3;2;2;0;0;1;0;0;0;0;0;795353,4373;5818446,57;13,34570208;52,43624574
2020;1;9;2;2;5;2;0;1;1;0;0;0;0;1;787064,3837;5837764,214;13,24078429;52,61385391
2020;1;8;2;3;5;2;0;1;1;0;0;0;0;0;791183,6666;5826476,677;13,29154812;52,51047188
2020;1;8;2;3;6;2;1;0;1;1;0;0;0;0;791638,3098;5819636,553;13,29224547;52,44890762
2020;1;8;3;3;2;6;0;0;1;0;0;0;0;1;798309,959;5825486,366;13,39535837;52,49774474
2020;1;7;2;3;1;5;0;0;1;0;0;0;0;1;789905,0652;5816457,54;13,26405618;52,42132849
2020;1;19;1;3;4;7;2;0;1;0;0;0;1;1;797583,5959;5824019,429;13,38337995;52,48499184
2020;1;14;3;3;6;4;0;0;1;1;0;0;0;0;806432,5567;5821495,429;13,51097339;52,45747683
2020;1;23;1;3;0;1;2;1;0;0;0;0;0;1;798567,3088;5828386,852;13,40173997;52,52360296
2020;1;16;4;2;0;3;2;1;1;0;0;0;0;1;797047,1777;5826539,363;13,37775078;52,50787253
2020;1;12;1;2;0;1;0;1;0;0;0;0;0;1;798478,6565;5819036,329;13,39206592;52,43983579
2020;1;5;1;2;6;2;1;0;1;1;0;0;0;0;797837,9376;5824900,711;13,38790208;52,49275283
2020;1;2;1;3;5;3;2;0;1;0;0;0;0;1;797753,8523;5827446,858;13,3889442;52,51562189
2020;1;20;4;2;5;7;2;0;1;0;1;0;0;1;791874,9102;5826442,716;13,30167493;52,50979799
2020;1;0;1;3;5;3;2;0;1;0;0;0;0;0;794375,0942;5831806,539;13,34315883;52,55653765
2020;1;23;1;3;5;3;2;0;1;0;0;0;0;1;797545,738;5828727,833;13,38703224;52,52721788
2020;1;20;1;3;2;6;2;0;1;0;0;0;0;1;794667,9957;5830853,761;13,34662112;52,54783832
2020;1;18;1;3;5;3;1;1;1;0;0;0;0;0;801637,7356;5822641,53;13,4416571;52,47041694
2020;1;15;1;3;2;6;2;0;1;0;0;0;0;1;793093,7295;5830242,562;13,32293196;52,5432085
2020;1;13;3;3;6;7;0;0;1;1;0;0;0;0;784661,7819;5830711,042;13,19933651;52,5518799
2020;1;22;7;3;6;7;2;0;1;1;0;0;0;0;794317,5983;5826061,138;13,33722646;52,50506496
2020;1;6;4;3;5;2;2;0;1;0;0;0;1;1;808461,3969;5819063,976;13,53849359;52,43454484
2020;1;18;7;3;2;2;2;0;1;0;0;0;0;0;785957,4825;5828011,63;13,21607124;52,52699888
2020;1;18;7;3;2;6;2;0;1;0;0;0;0;1;803536,9935;5829748,635;13,47600965;52,53306446
2020;1;17;7;3;5;3;2;0;1;0;0;0;0;1;795874,8985;5818149,348;13,35308756;52,43329951
2020;1;17;7;3;5;3;2;1;1;0;0;0;0;1;796791,7665;5831445,735;13,37837871;52,55199183
2020;1;17;7;3;5;2;2;0;1;0;0;0;0;1;793814,8632;5826695,908;13,33040118;52,51102632
2020;1;16;7;3;6;2;2;0;1;1;0;0;0;1;793403,5558;5833188,578;13,3300916;52,56945112
2020;1;16;7;3;2;6;2;0;1;0;0;0;0;1;797446,749;5829211,685;13,38601028;52,53160905
2020;1;11;4;3;5;2;0;0;1;0;0;0;0;1;794403,3426;5836235,91;13,34750754;52,59622818
2020;1;14;7;3;2;6;0;0;1;0;0;0;0;1;799290,7807;5833423,253;13,41690993;52,56834972
2020;1;13;7;3;5;2;0;1;1;0;0;0;0;1;796861,9547;5828111,81;13,37643259;52,52206867
2020;1;13;7;3;5;2;0;0;1;0;0;0;0;1;800620,8601;5833656,705;13,43668688;52,56970931
2020;1;13;7;2;5;2;0;1;1;0;0;0;0;1;792741,964;5828277,876;13,31602915;52,52578496
2020;1;10;3;3;5;2;0;0;1;0;0;0;0;0;797986,4167;5815145,759;13,38138041;52,40522918
2020;1;11;7;3;0;4;0;1;0;1;0;0;0;1;793453,2439;5823892,525;13,32261791;52,48608982
2020;1;14;3;3;2;6;0;0;1;0;0;0;0;1;797299,9018;5815555,119;13,37168176;52,40927192
2020;1;7;7;3;0;2;1;0;1;0;1;0;0;1;789404,7597;5828682,434;13,26732852;52,53119369
2020;1;3;7;3;5;3;2;0;1;0;0;0;0;1;799503,9356;5828831,548;13,41590455;52,52707528
2020;1;0;7;2;5;2;2;0;1;0;0;0;1;1;792295,0628;5825364,356;13,30690143;52,49990578
2020;1;12;5;3;5;3;0;1;0;0;0;0;1;1;809603,3418;5825667,561;13,56136328;52,49307963
2020;1;13;6;3;2;6;0;0;1;0;0;0;0;1;794199,3142;5820914,39;13,33094695;52,45899075
2020;1;19;6;3;2;6;2;0;1;0;0;0;0;1;803936,7867;5822005,527;13,47481993;52,46344235
2020;1;12;6;3;0;1;0;1;0;0;0;0;0;1;793800,9423;5818453,863;13,32293653;52,43714727
2020;1;16;6;3;0;3;2;0;1;0;1;0;0;1;794828,6646;5831329,215;13,34940586;52,55201347
2020;1;14;3;3;1;5;0;1;1;0;0;0;0;1;798971,639;5832602,469;13,41147561;52,56116805
2020;1;15;6;3;5;3;1;0;1;0;0;0;0;1;801175,9623;5823929,034;13,43604226;52,48221197
2020;1;15;6;3;1;5;1;0;1;0;1;0;0;1;796518,086;5836937,007;13,37926536;52,60136373
2020;1;14;3;3;2;6;0;0;1;0;0;0;1;1;800497,4472;5832614,415;13,43392739;52,56043525
2020;1;15;6;3;5;2;0;0;1;0;0;0;1;1;810754,6052;5821389,62;13,57428085;52,45408851
2020;1;17;4;3;0;3;2;1;0;0;1;0;0;1;793134,3237;5827447,474;13,32106415;52,51812994
2020;1;14;6;3;5;3;0;0;1;0;0;0;0;1;796355,7063;5825090,36;13,36630284;52,49525963
2020;1;7;3;3;5;3;1;0;1;0;0;0;0;0;784832,6751;5830264,447;13,20146706;52,54778642
2020;1;13;6;2;2;6;0;0;1;0;0;0;0;1;783235,7987;5830277,76;13,17799172;52,54873843
2020;1;14;6;3;2;6;0;0;1;0;0;0;0;0;792471,613;5827178,727;13,31108903;52,51607653
2020;1;20;6;2;6;2;2;0;0;1;0;0;1;1;806317,2315;5820957,859;13,50878829;52,45272356
2020;1;19;6;2;6;2;2;0;1;1;0;0;0;1;792282,5712;5826503,087;13,30771764;52,51012094
2020;1;12;3;2;6;4;0;0;1;1;0;0;0;1;795051,9623;5819627,632;13,34232293;52,44699603
2020;1;20;6;2;5;3;2;0;1;0;0;0;1;1;792335,6222;5833919,748;13,31502415;52,57658034
2020;1;19;3;2;5;3;2;0;1;0;1;0;0;1;793501,7607;5822495,25;13,3221004;52,47353769
2020;1;5;4;3;5;3;2;0;1;0;0;0;0;1;789699,6057;5826756,691;13,26998554;52,51377245
2020;1;18;6;3;5;3;2;1;1;0;0;0;0;1;799574,9589;5825633,971;13,41406992;52,49837489
2020;1;18;6;3;5;3;2;1;1;0;0;0;0;1;790852,6642;5823648,673;13,28421498;52,4852953
2020;1;19;3;2;5;3;2;0;1;0;1;0;0;0;782546,4312;5827711,65;13,16567014;52,5260878
2020;1;14;4;3;2;6;0;0;1;0;0;0;0;1;792836,5727;5824337,555;13,31395329;52,49041049
2020;1;16;6;3;6;2;1;0;1;1;0;0;0;1;801808,5402;5821970,111;13,44355672;52,46430454
2020;1;17;6;3;2;2;2;0;1;0;0;0;0;1;795349,841;5818442,785;13,34564598;52,43621375
2020;1;17;6;3;6;2;2;0;1;1;0;0;0;1;789195,1732;5827534,69;13,26324921;52,52101512
2020;1;17;6;2;6;2;2;0;1;1;0;0;0;1;801155,4762;5825945,326;13,43756381;52,50029578
2020;1;17;6;3;6;4;2;0;1;1;0;0;0;1;782610,6427;5831004,979;13,1694157;52,5555836
2020;1;16;6;3;2;2;2;1;1;0;0;0;0;1;803410,4884;5826629,225;13,47130533;52,50517636
2020;1;18;3;3;0;1;2;1;0;0;0;0;0;1;797565,0545;5828635,257;13,38723329;52,52637751
2020;1;7;4;3;5;3;1;1;1;0;0;0;0;1;799130,3326;5827128,65;13,40888259;52,51201644
2020;1;23;6;3;5;2;2;0;1;0;0;0;0;1;805620,2672;5831776,594;13,50849248;52,55007556
2020;1;22;6;3;6;4;2;1;0;1;0;0;0;1;801227,0844;5822527,678;13,4355271;52,46962304
2020;1;22;6;2;6;4;2;0;1;1;0;0;0;1;792026,9163;5832941,126;13,30961972;52,56797309
2020;1;21;6;3;0;2;2;0;1;1;0;0;0;1;801548,2891;5820665,824;13,43855944;52,45275757
2020;1;20;6;2;5;3;2;1;1;0;0;0;0;1;791479,2838;5816159,202;13,28688045;52,41781763
2020;1;20;6;2;5;3;2;1;1;0;0;0;0;1;797416,7572;5831914,516;13,38798941;52,55585295
2020;1;17;3;3;5;3;2;1;1;0;0;0;0;1;794754,8266;5822325,191;13,34034536;52,47133847
2020;1;21;3;3;6;4;2;0;1;1;0;0;0;1;802509,9019;5827230,74;13,4586239;52,51106778
2020;1;13;6;3;5;2;0;0;1;0;0;0;0;0;793340,8062;5823072,392;13,32024515;52,47879804
2020;1;13;6;3;5;3;0;0;1;0;0;0;0;0;802655,8191;5829608,088;13,46293064;52,53229475
2020;1;15;2;3;5;2;0;0;1;0;0;0;0;1;796160,2119;5832270,463;13,3698271;52,5597284
2020;1;12;6;3;2;6;0;0;1;0;0;0;0;1;782756,8546;5828563,323;13,16948797;52,53361509
2020;1;18;4;3;5;7;2;0;1;0;1;0;0;1;793330,9425;5832799,935;13,32867961;52,5660063
2020;1;12;6;3;2;1;0;0;1;0;1;0;0;0;799330,3295;5831097,361;13,4153941;52,54748012
2020;1;11;6;3;5;2;0;1;1;0;0;0;0;1;814202,7274;5821333,061;13,62480513;52,45161072
2020;1;10;6;3;5;3;0;1;1;0;0;0;0;1;797971,2527;5833203,942;13,39730193;52,56710778
2020;1;8;3;3;6;2;0;0;1;1;0;0;0;1;797315,1229;5821550,368;13,37723705;52,46300552
2020;1;1;6;3;0;1;2;1;0;0;0;0;0;0;794162,8009;5822098,505;13,33145482;52,46962546
2020;1;15;5;3;6;4;1;0;1;1;0;0;0;0;791558,958;5820644,59;13,29196126;52,45798703
2020;1;18;2;3;0;1;2;0;0;0;1;0;0;1;798664,7952;5831793,72;13,40623481;52,55408722
2020;1;3;5;2;5;3;2;0;1;0;0;0;0;2;800439,8294;5823729,365;13,42505495;52,48082777
2020;1;17;3;3;5;3;2;1;1;0;0;0;0;1;798311,2811;5825326,64;13,39523474;52,49631228
2020;1;16;4;3;2;6;2;0;1;0;0;0;0;1;793820,9915;5817565,975;13,32245034;52,42917686
2020;1;14;5;2;3;6;0;0;1;0;1;1;0;0;792891,8214;5827366,141;13,31742888;52,51753112
2020;1;16;3;3;5;3;1;1;1;0;0;0;0;1;812641,2466;5825270,688;13,60559185;52,48779182
2020;1;13;5;3;5;2;0;0;1;0;0;0;0;0;796160,2119;5832270,463;13,3698271;52,5597284
2020;1;13;5;3;2;6;0;1;1;0;0;0;0;0;816867,7964;5811956,379;13,65501965;52,36605197
2020;1;12;5;3;6;2;0;0;1;1;0;0;0;0;792043,7518;5822453,91;13,30065945;52,4739486
2020;1;12;5;3;0;7;0;1;1;0;0;0;0;0;799960,5046;5838381,371;13,43125103;52,61242163
2020;1;11;5;3;3;2;0;1;1;0;0;0;0;0;801921,8004;5828874,732;13,45147645;52,52612874
2020;1;11;5;3;5;2;0;0;1;0;0;0;0;0;792285,3249;5825459,621;13,306842;52,50076503
2020;1;8;5;3;0;7;0;0;1;0;0;0;0;0;793426,2185;5833335,292;13,33055482;52,57075411
2020;1;8;5;3;5;3;0;0;1;0;0;0;0;0;798889,4013;5813352,802;13,39301555;52,38866514
2020;1;21;2;3;8;1;2;0;0;0;1;0;0;0;798785,6901;5830200,828;13,40657964;52,539743
2020;1;6;5;3;5;3;2;0;1;0;0;0;0;2;796838,3559;5822802,99;13,37135445;52,47449331
2020;1;7;4;3;2;6;0;0;1;0;0;0;0;1;785097,34;5830319,76;13,2054071;52,54814389
2020;1;3;5;3;5;3;2;0;1;0;0;0;0;1;801547,338;5820659,248;13,43853955;52,45269914
2020;1;22;5;2;0;1;2;0;1;0;0;0;0;1;797841,4059;5822205,097;13,38554501;52,46858784
2020;1;19;5;2;1;5;2;0;1;0;0;0;0;0;800451,3016;5815906,739;13,41818868;52,41070341
2020;1;18;5;2;6;4;2;0;1;1;0;0;0;0;800244,091;5828415,186;13,42640619;52,52293619
2020;1;18;5;3;5;3;2;0;1;0;0;0;1;0;805038,8293;5826225,467;13,49485202;52,50064978
2020;1;15;3;3;5;3;1;1;1;0;0;0;0;1;795683,0819;5816891,395;13,34916213;52,42212646
2020;1;17;5;2;0;6;2;0;1;0;0;0;1;0;793527,8876;5820672,535;13,3208807;52,45718363
2020;1;11;4;3;5;3;0;0;1;0;0;0;0;1;800030,692;5834667,93;13,42892024;52,57909874
2020;1;17;5;3;5;2;2;1;1;0;0;0;0;0;796635,518;5826670,283;13,37181979;52,50927008
2020;1;15;5;3;5;3;1;1;1;0;0;0;0;0;797176,5206;5831922,721;13,38446367;52,55605764
2020;1;15;5;3;2;2;0;0;1;0;0;0;0;0;793533,2148;5828161,605;13,32755617;52,52431722
2020;1;7;5;1;6;4;1;0;0;1;0;0;1;0;799933,6153;5826044,674;13,41970733;52,50185921
2020;1;13;4;3;6;4;0;0;1;1;0;0;0;0;800387,6409;5829060,801;13,42909883;52,52864396