UJAHR;UMONAT;USTUNDE;UWOCHENTAG;UKATEGORIE;UART;UTYP1;ULICHTVERH;IstRad;IstPKW;IstFuss;IstKrad;IstGkfz;IstSonstige;USTRZUSTAND;LINREFX;LINREFY;XGCSWGS84;YGCSWGS84
2020;1;11;3;2;5;3;0;1;1;0;0;0;0;1;795720,354;5834977,34;13,36577131;52,58423188
2020;1;18;4;2;5;2;2;0;1;0;1;0;0;0;803688,9436;5828633,703;13,47722457;52,52298703
2020;1;21;4;3;5;2;2;1;1;0;0;0;0;0;789038,304;5819709,176;13,25415726;52,45093957
2020;1;13;4;1;5;2;0;1;0;0;0;1;0;1;799880,5362;5825708,867;13,41862533;52,4988784
2020;1;11;4;2;5;3;0;0;1;0;0;0;0;0;800445,2321;5823706,936;13,42511406;52,48062375
2020;1;3;4;3;5;2;2;0;1;0;0;0;0;1;794021,9633;5830177,867;13,33652295;52,54212844
2020;1;3;4;3;5;3;2;0;1;0;0;0;0;0;800440,3061;5823727,283;13,42506007;52,48080885
2020;1;2;4;3;5;3;2;0;1;0;0;0;0;0;801549,2591;5820662,845;13,43857098;52,45273033
2020;1;15;3;3;6;4;1;1;0;1;0;0;0;1;792678,673;5825314,625;13,31249276;52,49925435
2020;1;1;4;2;0;1;2;1;0;0;0;0;0;0;799283,2427;5830570,509;13,41422706;52,54278359
2020;1;7;3;3;1;5;0;1;1;0;0;0;0;1;794437,6929;5825791,426;13,33875222;52,50258237
2020;1;20;2;3;6;2;2;0;1;1;0;0;0;0;798654,8063;5828509,754;13,40313616;52,52465668
2020;1;19;2;3;1;5;2;1;1;0;0;0;0;0;800829,4615;5824291,893;13,43128267;52,48565539
2020;1;19;4;3;5;2;2;1;1;0;0;0;0;1;789520,39;5817749,822;13,25953386;52,43311804
2020;1;18;2;2;6;4;2;0;1;1;0;0;0;1;795476,6805;5817669,862;13,34682336;52,42921645
2020;1;6;4;3;5;2;2;1;1;0;0;0;0;1;797842,0201;5824926,67;13,38798524;52,49298331
2020;1;15;4;3;6;4;0;0;1;1;0;0;0;0;796462,2699;5821140,583;13,36435654;52,45979551
2020;1;8;4;3;0;5;0;0;0;0;0;0;1;1;784805,4172;5828910,932;13,19990576;52,53566511
2020;1;8;3;3;1;5;1;1;0;0;0;0;1;1;798765,6993;5829638,008;13,40577975;52,5347091
2020;1;21;5;2;9;1;2;0;0;0;0;0;1;1;808882,1525;5830203,666;13,55498479;52,53413976
2020;1;9;3;2;5;2;0;0;1;0;0;0;0;1;793162,5634;5818217,988;13,3133656;52,43537526
2020;1;18;2;2;5;2;2;0;1;0;1;0;0;1;804513,3181;5816073,297;13,47787614;52,40995205
2020;1;15;3;3;3;6;1;0;1;0;0;0;1;1;805535,0167;5818534,205;13,49509726;52,4314391
2020;1;17;4;3;1;5;2;1;1;0;0;0;0;1;794982,8128;5825966,883;13,34691531;52,5038608
2020;1;15;3;3;5;2;0;0;1;0;0;0;0;0;795782,2648;5832578,061;13,36454229;52,56269115
2020;1;7;3;3;6;2;2;0;1;1;0;0;0;1;790430,9832;5829171,923;13,28284224;52,53503614
2020;1;18;7;3;6;2;2;0;1;1;0;0;0;0;795619,638;5830518,501;13,36031619;52,54431746
2020;1;16;2;3;2;3;2;0;1;0;0;0;0;0;796376,9872;5832568,252;13,37328144;52,56227981
2020;1;12;6;3;1;5;0;0;1;0;0;0;0;1;807576,8675;5820205,128;13,52657352;52,44527016
2020;1;15;7;3;5;3;0;0;1;0;0;0;0;0;791788,6071;5817352,728;13,29245694;52,42835286
2020;1;10;6;3;5;2;0;1;1;0;0;0;0;0;803026,08;5829186,293;13,46798797;52,52830857
2020;1;7;5;3;5;2;2;1;1;0;0;0;0;0;800368,1483;5823327,176;13,42364032;52,47726221
2020;1;7;2;3;5;3;2;1;1;0;0;0;0;0;808401,501;5820867,075;13,53927934;52,4507381
2020;1;10;6;3;5;3;0;0;1;0;0;1;0;1;802790,3932;5827227,091;13,46274106;52,51087945
2020;1;18;3;3;1;5;2;1;1;0;0;0;0;0;800370,0857;5825520,382;13,42564532;52,49691971
2020;1;10;6;3;5;3;0;0;1;0;0;1;0;1;794328,9374;5816907,203;13,32931998;52,42299819
2020;1;18;7;3;8;1;2;0;1;0;0;0;0;0;793112,1776;5822994,043;13,31681949;52,47821843
2020;1;13;2;3;5;3;0;1;1;0;0;0;0;1;800392,9347;5826406,275;13,42677997;52,50484771
2020;1;10;6;2;0;1;0;1;0;0;0;0;0;1;792364,3482;5823728,465;13,30648369;52,48520324
2020;1;10;5;3;6;4;0;0;1;1;0;0;0;0;784786,7277;5828828,907;13,19956066;52,53493944
2020;1;18;4;3;6;4;2;1;0;1;0;0;0;0;794032,6535;5824450,598;13,33161864;52,49078094
2020;1;14;1;3;5;2;0;0;1;0;1;0;0;0;792582,617;5818208,848;13,3048509;52,43560385
2020;1;9;4;3;5;2;0;1;1;0;0;0;0;0;799171,1548;5830744,106;13,41273551;52,54440117
2020;1;15;2;2;5;2;0;0;1;0;1;0;0;0;798162,78;5827665,14;13,39514822;52,51735511
2020;1;7;3;3;5;2;2;0;1;0;0;0;0;0;780873,2543;5828322,877;13,14158863;52,53243309
2020;1;9;6;2;5;3;0;1;1;0;0;0;0;1;809600,4707;5820547,71;13,55657019;52,44719834
2020;1;8;6;3;3;6;1;1;0;0;0;0;1;0;812028,5193;5820707,623;13,59233039;52,44725121
2020;1;9;2;3;2;2;0;0;1;0;0;0;1;0;800363,8701;5824348,563;13,42449771;52,48641968
2020;1;8;6;2;5;2;0;1;1;0;0;0;0;1;793249,8608;5820259,403;13,31643779;52,45362927
2020;1;18;5;3;1;5;2;1;1;0;0;0;0;0;798311,1345;5830927,066;13,40025536;52,5465127
2020;1;16;4;3;5;2;2;0;1;0;1;0;0;0;792990,1186;5822304,455;13,3144216;52,47210196
2020;1;12;1;1;5;2;0;1;0;0;0;0;1;0;806625,6971;5820411,017;13,51281143;52,44764962
2020;1;12;2;3;5;3;0;1;1;0;0;0;0;1;800500,1081;5824564,783;13,426693;52,48828277
2020;1;8;6;3;0;1;1;0;0;0;0;0;1;1;797326,5962;5826146,106;13,38150444;52,50419521
2020;1;5;7;3;0;1;2;0;0;0;0;0;1;1;794078,464;5825725,577;13,33341703;52,50218579
2020;1;14;6;3;0;7;0;0;1;0;0;0;1;0;809026,4291;5830230,719;13,55713023;52,53430042
2020;1;15;1;3;2;6;0;0;1;0;0;0;1;0;792832,4337;5824314,382;13,31387214;52,49020498
2020;1;8;6;3;5;3;0;0;1;0;0;0;0;0;797884,3063;5828175,692;13,3915136;52,52208375
2020;1;10;3;3;4;7;0;0;1;0;0;0;0;0;802111,6357;5838881;13,46338099;52,61570827
2020;1;8;6;2;5;2;0;1;1;0;0;0;0;1;793857,2465;5826829,121;13,33114153;52,51219768
2020;1;7;6;2;6;2;1;0;1;1;0;0;0;2;802256,3365;5818945,269;13,44739085;52,4369449
2020;1;7;2;3;6;2;2;0;1;1;0;0;0;0;804023,4275;5821200,635;13,47535829;52,45618006
2020;1;7;6;2;6;2;0;0;1;1;0;0;0;1;787586,1851;5818055,882;13,23142494;52,43688245
2020;1;18;5;3;6;4;1;1;0;1;0;0;0;0;794563,462;5828297,32;13,34281798;52,52497819
2020;1;13;4;3;5;5;0;1;1;0;0;0;0;0;794924,5642;5823594,408;13,34395946;52,48262461
2020;1;18;7;3;5;3;2;1;1;0;0;0;0;0;793964,6671;5824920,625;13,3310349;52,49503112
2020;1;17;2;3;5;3;2;1;1;0;0;0;0;0;799993,567;5833017,497;13,42688105;52,564326
2020;1;7;6;3;5;3;2;1;1;0;0;0;0;1;806115,7098;5820081,818;13,50502921;52,44498496
2020;1;3;7;3;5;2;2;0;1;0;0;0;0;1;797366,4373;5831201,912;13,38661112;52,54949283
2020;1;13;6;3;2;6;0;0;1;0;0;0;1;0;796510,4633;5830919,441;13,37377203;52,54742738
2020;1;10;5;3;2;6;0;0;1;0;0;0;0;0;806153,6139;5823335,015;13,50856853;52,47412027
2020;1;9;2;3;5;3;0;1;1;0;0;0;0;0;807493,2277;5819514,65;13,52471144;52,43912898
2020;1;20;6;3;5;3;2;1;1;0;0;0;0;1;801251,573;5824241,068;13,43743429;52,4849671
2020;1;17;5;3;6;4;2;0;1;1;0;0;0;0;784977,8936;5830028,054;13,20340001;52,54559098
2020;1;11;2;2;0;2;0;0;1;0;0;0;1;0;791885,6043;5833393,523;13,30793885;52,57210447
2020;1;7;4;2;5;3;2;1;1;0;0;0;0;0;805842,3047;5831853,978;13,5118282;52,55064448
2020;1;13;7;3;5;3;0;1;1;0;0;0;0;0;794255,7361;5819376,404;13,33041987;52,44517299
2020;1;16;2;2;3;6;0;0;1;0;0;0;0;0;796376,7248;5825232,341;13,36673786;52,49652095
2020;1;19;6;3;5;3;1;1;1;0;0;0;0;1;800678,7425;5825793,301;13,43042467;52,49919601
2020;1;1;7;2;1;1;2;0;1;0;0;0;0;1;794274,9137;5816381,751;13,32806566;52,41831674
2020;1;11;6;3;0;2;0;1;1;0;0;0;0;0;791563,1785;5829736,048;13,29998213;52,5394889
2020;1;7;5;3;5;3;1;1;1;0;0;0;0;0;812810,9413;5821337,579;13,6043954;52,45244934
2020;1;17;2;3;1;5;2;0;1;0;0;0;0;0;812181,3231;5818247,635;13,59227432;52,42511909
2020;1;19;6;3;3;6;2;1;1;0;0;0;0;1;800588,2032;5827034,371;13,43021537;52,51036998
2020;1;17;3;3;2;2;2;0;1;0;0;0;0;0;806235,4627;5823199,34;13,50964526;52,47285843
2020;1;19;6;2;6;2;2;0;1;1;0;0;0;0;795369,8398;5818454,923;13,34595004;52,43631176
2020;1;18;7;3;2;2;2;0;1;0;0;0;0;0;798674,6269;5828137,506;13,40309315;52,52130914
2020;1;11;2;3;5;3;0;0;1;0;0;0;0;0;793032,7203;5833869,127;13,3252371;52,57575163
2020;1;18;6;3;6;4;2;0;1;1;0;0;0;1;791476,625;5824361,952;13,29400168;52,49135707
2020;1;20;3;3;2;6;2;0;1;0;0;0;0;0;802583,2057;5829304,524;13,46158711;52,52961425
2020;1;17;6;3;5;3;2;0;1;0;0;0;0;1;796245,6984;5818262,04;13,35862571;52,43410903
2020;1;10;7;3;5;2;0;1;1;0;0;0;0;1;793305,2417;5816955,203;13,31435083;52,42397816
2020;1;15;2;3;5;7;0;0;1;0;1;0;0;1;799216,4929;5833730,875;13,41609465;52,57114789
2020;1;17;6;3;2;2;2;0;1;0;0;0;0;1;796460,955;5831928,059;13,37394465;52,55649548
2020;1;8;5;3;2;7;0;0;1;0;0;0;0;0;798464,0065;5831646,883;13,40315005;52,5528811
2020;1;8;4;3;5;3;0;0;1;0;0;0;0;0;801967,8834;5828239,785;13,45157718;52,52041218
2020;1;19;1;3;6;2;2;0;1;1;0;0;0;0;803061,1402;5825880,023;13,46549222;52,49865552
2020;1;16;3;3;5;2;0;1;1;0;0;0;0;0;798843,5331;5825088,206;13,40283777;52,49388386
2020;1;17;6;3;5;2;2;0;0;0;1;0;1;1;800435,5519;5826709,838;13,42767991;52,50754518
2020;1;7;6;3;1;5;0;1;1;0;0;0;0;0;800462,5901;5828369,996;13,42957617;52,52241078
2020;1;8;2;3;5;2;0;1;1;0;0;0;0;0;800465,2899;5836192,497;13,43669709;52,59252381
2020;1;16;6;3;0;1;2;0;0;0;1;0;0;1;799728,5248;5830567,24;13,42077049;52,54250952
2020;1;16;5;2;6;4;2;0;1;1;0;0;0;0;799049,6506;5826308,016;13,40696;52,50470486
2020;1;16;4;3;5;2;0;1;1;0;0;0;0;0;810385,8703;5819843,046;13,567435;52,44043809
2020;1;10;7;3;6;4;0;0;1;1;0;0;0;0;804233,6332;5824169,466;13,48114945;52,48267198
2020;1;21;5;2;8;1;2;0;1;0;0;0;0;0;789778,1601;5826392,399;13,27082267;52,51046477
2020;1;17;4;2;5;3;2;0;1;0;1;0;0;0;794324,7905;5819194,066;13,33127234;52,44350124
2020;1;5;1;3;0;7;2;0;1;0;0;0;0;0;800340,8922;5824353,607;13,42416487;52,48647752
2020;1;8;3;3;0;2;0;1;0;0;0;1;0;1;796952,5644;5824408,38;13,37446091;52,48882197
2020;1;15;6;2;0;3;1;1;0;0;0;0;1;1;794662,6116;5825731,763;13,34200343;52,50192611
2020;1;18;6;3;6;2;1;0;1;1;0;0;0;0;794086,3175;5821511,762;13,329815;52,46440675
2020;1;0;2;3;1;1;2;0;1;0;0;0;0;1;796733,2271;5830178,076;13,37638529;52,54066058
2020;1;15;6;3;6;2;1;0;1;1;0;0;0;1;791308,6539;5822786,417;13,29015778;52,47732207
2020;1;17;5;3;5;2;2;0;1;0;1;0;0;0;794602,8566;5817724,394;13,33405637;52,43017655
2020;1;13;4;2;2;6;0;0;1;0;0;0;0;0;787094,262;5828151,607;13,23290284;52,52765638
2020;1;16;2;3;5;2;2;0;1;0;0;0;0;1;802340,4991;5829200,996;13,45792604;52,528821
2020;1;15;6;3;6;7;0;1;0;1;0;0;0;0;797155,8697;5820588,895;13,37404404;52,45447345
2020;1;17;6;3;6;7;2;1;0;1;0;0;0;0;799054,6495;5825612,719;13,40640902;52,49846977
2020;1;23;2;3;0;3;2;1;1;0;0;0;0;0;786812,2934;5829822,078;13,23019949;52,54278164
2020;1;14;6;3;5;7;0;0;1;0;1;0;0;1;795506,9158;5824806,629;13,35358494;52,49317642
2020;1;12;6;3;1;5;0;0;1;0;1;0;0;1;792827,1092;5824377,125;13,31384908;52,49077031
2020;1;14;6;3;2;2;0;0;1;0;0;0;0;0;798400,949;5815916,793;13,38814316;52,41191495
2020;1;13;1;2;4;1;0;0;1;0;0;0;0;0;811047,8635;5821228,618;13,57843267;52,45247889
2020;1;17;5;3;6;4;2;0;1;1;0;0;0;0;789888,6312;5835039,993;13,2799952;52,58793234
2020;1;8;2;3;5;3;0;0;1;0;0;1;0;0;785812,1559;5831736,054;13,21713961;52,56046746
2020;1;9;1;2;6;2;0;0;1;1;0;0;0;0;795413,8103;5817968,747;13,3461654;52,43192974
2020;1;5;4;3;6;2;2;0;1;1;0;0;0;0;809379,8149;5830478,201;13,56255394;52,53631779
2020;1;23;7;3;5;2;2;1;1;0;0;0;0;1;797919,5382;5825262,968;13,38942438;52,49595551
2020;1;15;2;3;6;5;0;0;1;1;0;0;0;0;798651,935;5813760,035;13,38989929;52,39244506
2020;1;5;6;3;6;2;2;0;1;1;0;0;0;0;798736,6701;5823954,346;13,400252;52,4837788
2020;1;14;6;3;0;3;0;0;1;0;0;0;1;0;797856,7805;5819621,784;13,38346607;52,44542284
2020;1;10;6;2;5;2;0;1;1;0;0;0;0;0;790271,5977;5827896,794;13,27938564;52,52368945
2020;1;9;1;3;5;2;0;0;1;0;0;0;0;1;791165,8241;5834026,556;13,29790407;52,578165
2020;1;11;4;3;6;4;0;0;1;1;0;0;0;0;801840,5851;5823067,363;13,44501963;52,47412171
2020;1;15;2;3;2;6;1;0;1;0;0;0;0;1;788064,1649;5831084,439;13,24970333;52,55343876
2020;1;12;6;3;0;1;0;0;0;0;1;0;0;1;803874,8608;5826396,989;13,47791407;52,50283647
2020;1;14;7;3;5;3;0;0;1;0;0;0;0;0;800991,5392;5834481,403;13,4428882;52,57689629
2020;1;8;5;2;1;7;0;0;1;0;0;1;0;0;795563,5912;5834514,54;13,36305157;52,58016852
2020;1;7;2;3;5;5;1;1;1;0;0;0;0;0;797806,3876;5820416,268;13,38343513;52,452572
2020;1;4;6;3;6;2;2;0;0;1;0;1;0;1;803136,0604;5818434,848;13,45982977;52,43188312
2020;1;19;3;3;2;6;2;0;1;0;0;0;0;1;805215,6323;5828207,916;13,49926633;52,51831855
2020;1;7;6;3;6;2;2;0;1;1;0;0;0;1;794634,948;5836270,01;13,35094732;52,59640843
2020;1;10;7;3;2;6;0;0;1;0;0;0;0;0;795756,1675;5830568,063;13,36236775;52,54468764
2020;1;14;2;3;2;6;0;0;1;0;0;1;0;1;793796,9675;5832176,797;13,33498357;52,56016897
2020;1;7;6;3;4;6;2;0;1;0;0;0;1;1;806987,9076;5829860,308;13,52682892;52,53213273
2020;1;12;5;3;5;3;0;1;1;0;0;0;0;0;798050,8638;5824556,298;13,39072094;52,48954937
2020;1;14;7;3;2;6;0;0;1;0;0;0;0;0;807854,1635;5818113,842;13,52871483;52,42637163
2020;1;18;4;2;2;6;2;0;1;0;0;0;0;0;785818,8744;5829269,511;13,21511533;52,53834949
2020;1;17;1;2;5;5;0;0;1;0;1;0;0;0;788541,0633;5826923,084;13,25310489;52,51587836
2020;1;11;3;3;0;6;0;0;0;1;0;0;1;0;797893,8766;5823969,172;13,38789089;52,48437216
2020;1;7;6;2;6;2;2;0;1;1;0;0;0;1;781553,8063;5830707,693;13,15361643;52,55346541
2020;1;7;6;3;0;1;0;1;0;0;0;0;0;1;800176,6034;5814055,565;13,41250323;52,3942608
2020;1;7;3;3;2;6;1;0;1;0;0;0;0;0;781738,3826;5829623,469;13,1554117;52,54364832
2020;1;6;6;3;6;2;2;0;1;1;0;0;0;1;812169,203;5821695,365;13,59531686;52,45602241
2020;1;18;7;3;0;2;2;0;1;0;0;0;1;0;798225,2328;5833454,859;13,40126361;52,56921782
2020;1;9;2;3;6;2;0;0;0;1;0;0;1;0;790158,941;5815449,692;13,26690523;52,4121582
2020;1;6;6;3;6;2;2;0;1;1;0;0;0;1;786983,4755;5829586,869;13,23251359;52,54058271
2020;1;16;5;2;6;4;1;0;1;1;0;0;0;0;813585,4896;5831224,746;13,62506314;52,54060406
2020;1;15;7;3;5;2;0;0;1;0;0;0;0;0;798894,931;5821213,993;13,40012036;52,4591285
2020;1;18;4;3;1;5;2;0;1;0;0;0;0;0;798196,2527;5829354,534;13,39715493;52,53248
2020;1;1;1;3;0;1;2;1;0;0;0;0;0;1;798695,7;5829495,683;13,40462291;52,53347173
2020;1;9;2;3;3;6;0;0;1;0;0;0;0;0;795077,6226;5827224,642;13,3494231;52,51508442
2020;1;7;5;3;5;2;1;1;1;0;0;0;0;1;797597,05;5815556,108;13,37603827;52,40911934
2020;1;13;6;3;5;2;0;1;1;0;0;0;0;0;807090,7417;5825836,071;13,52462655;52,49600917
2020;1;15;6;3;0;7;0;1;0;0;0;0;0;0;796693,2404;5824321,015;13,37057507;52,48817982
2020;1;16;1;3;5;3;2;0;1;0;0;0;1;0;799111,1945;5819836,732;13,4020603;52,44666481
2020;1;14;5;3;4;6;0;1;1;0;0;0;0;0;800213,0226;5821775,104;13,41996646;52,46343555
2020;1;13;5;3;2;6;0;0;0;0;1;0;1;0;785333,0908;5830089,269;13,20867638;52,54595392
2020;1;12;2;3;5;2;0;0;1;0;0;0;0;0;781546,9549;5830700,132;13,15350924;52,55340116
2020;1;7;2;3;2;6;0;0;1;0;0;0;0;0;803881,8203;5829567,773;13,4809123;52,53125132
2020;1;17;5;3;0;1;2;0;1;0;1;0;0;1;801146,1901;5833194,919;13,44399536;52,56527994
2020;1;16;5;3;2;6;0;0;1;0;0;0;0;0;791334,3098;5828695,025;13,29570452;52,5302787
2020;1;15;4;3;5;3;0;1;1;0;0;0;0;0;796201,0721;5830765,617;13,3690855;52,54621681
2020;1;18;7;3;3;2;2;1;1;0;0;0;0;0;799812,324;5829573,699;13,42110605;52,53355796
2020;1;18;2;3;1;1;2;1;1;0;0;0;0;0;789620,3324;5834578,626;13,27564269;52,58393909
2020;1;21;5;3;6;4;2;0;1;1;0;0;0;1;794234,4398;5831183,405;13,34053783;52,55102771
2020;1;13;6;3;5;3;0;0;1;0;0;0;0;1;795050,5368;5827188,868;13,34899339;52,51477839
2020;1;14;6;3;2;7;0;1;1;0;0;0;0;0;798826,1601;5830362,167;13,40731969;52,54116697
2020;1;15;7;3;5;3;0;1;1;0;0;0;0;0;797593,2916;5819553,856;13,37954019;52,4449574
2020;1;11;5;2;2;6;0;0;1;0;0;0;1;0;784210,8821;5828728,452;13,19100786;52,53433936
2020;1;9;2;3;0;6;0;1;0;0;0;0;1;0;790139,5385;5835309,759;13,28392467;52,590217
2020;1;15;7;3;5;2;0;1;1;0;0;0;0;0;787067,7071;5817276,23;13,22314934;52,43016459
2020;1;11;3;3;5;3;0;1;1;0;0;0;0;0;800085,204;5831661,07;13,42700252;52,55211751
2020;1;23;7;3;5;2;2;0;1;0;0;0;1;0;799492,9518;5831755,402;13,41837869;52,55328901
2020;1;8;4;3;5;3;0;1;1;0;0;0;0;0;796957,9387;5826728,578;13,37660859;52,50961722
2020;1;17;7;2;6;2;2;0;1;1;0;0;0;0;793384,3713;5833150,693;13,32977584;52,56912185
2020;1;16;2;3;5;3;2;0;1;0;0;0;0;1;804212,2582;5829085,58;13,48532739;52,52674532
2020;1;20;5;2;6;2;2;0;1;1;0;0;0;1;794518,0799;5831557,676;13,34504102;52,55422947
2020;1;13;6;3;2;6;0;0;1;0;0;0;1;0;790711,0807;5834292,764;13,29144555;52,58079465
2020;1;10;6;2;5;3;0;1;1;0;0;0;0;0;804133,0014;5842099,595;13,49610655;52,64342693
2020;1;7;5;3;5;2;2;1;1;0;0;0;0;0;805625,1711;5824264,921;13,50166478;52,48275046
2020;1;5;2;3;5;3;2;0;1;0;0;0;0;0;804116,7749;5826326,352;13,48140258;52,50206861
2020;1;20;5;3;6;4;2;0;1;1;0;0;0;1;797983,3047;5820842,923;13,38641163;52,45630009
2020;1;18;3;3;5;2;2;1;1;0;0;0;0;0;798295,5895;5825329,038;13,39500643;52,49634235
2020;1;19;5;2;6;4;2;0;1;1;0;0;0;1;801184,0429;5822690,1;13,43504201;52,4711026
2020;1;5;7;3;5;3;2;0;1;0;0;0;0;0;791732,7787;5826094,986;13,29928183;52,50675667
2020;1;12;2;3;2;6;0;0;1;0;0;0;1;0;793395,4517;5820344,215;13,3186487;52,45431145
2020;1;19;5;3;5;3;2;0;1;0;0;0;0;1;798855,1466;5826652,387;13,40441202;52,50789824
2020;1;22;5;3;5;2;2;0;1;0;0;0;0;0;809936,9981;5821612,131;13,56249375;52,45654678
2020;1;12;7;3;2;2;0;0;1;0;0;0;0;0;800764,4126;5822750,798;13,4289376;52,47187786
2020;1;15;2;3;6;4;1;0;1;1;0;0;0;1;797320,7342;5832319,716;13,38694021;52,55953749
2020;1;9;5;3;5;3;0;0;1;0;0;0;0;1;793331,9233;5836936,804;13,33235595;52,60309021
2020;1;18;6;3;6;2;2;0;1;1;0;0;0;0;784739,451;5827473,367;13,19770454;52,52281037
2020;1;8;4;3;5;3;0;1;1;0;0;0;0;0;799635,2837;5832787,967;13,42140386;52,56246595
2020;1;12;1;3;6;7;0;1;0;1;0;0;0;0;800937,1148;5824090,532;13,43268149;52,4837912
2020;1;16;3;3;5;2;2;1;1;0;0;0;0;0;793789,8323;5832730,662;13,33536903;52,56513786
2020;1;10;5;3;2;7;0;1;1;0;0;0;0;0;800304,9319;5821958,469;13,42148024;52,46502864
2020;1;10;6;3;6;7;0;0;1;1;0;0;0;0;797001,7484;5831123,371;13,38117826;52,54898776
2020;1;8;2;3;5;3;0;0;1;0;0;0;1;0;798545,1648;5828975,799;13,40194331;52,52889417
2020;1;9;5;3;6;2;0;0;0;1;0;0;1;1;784115,8612;5829153,934;13,18997452;52,53820382
2020;1;16;5;3;5;2;0;1;1;0;0;0;0;0;790360,1852;5827277,389;13,28014698;52,51808928
2020;1;16;4;3;1;5;1;0;1;0;0;0;0;0;803620,9719;5826550,588;13,47432521;52,50435448
2020;1;13;7;3;1;5;0;1;0;0;0;0;1;0;798045,2508;5824263,437;13,39037661;52,48692728
2020;1;16;2;3;3;6;1;1;0;0;1;0;0;0;803891,7627;5839593,642;13,49024771;52,62110277
2020;1;7;5;3;5;2;1;0;1;0;0;1;0;1;792893,7759;5832164,54;13,32168741;52,56054567
2020;1;18;4;3;5;2;2;1;1;0;0;0;0;0;800452,7714;5828446,372;13,42950089;52,52310078
2020;1;10;1;3;2;6;0;0;1;0;0;0;0;1;790395,0537;5825625,079;13,27921771;52,50325761
2020;1;10;3;3;2;6;0;0;1;0;0;0;0;0;806345,9245;5820913,051;13,50916811;52,45230589
2020;1;7;5;3;6;4;1;0;1;1;0;0;0;1;787315,6923;5837836,947;13,24454895;52,61437318
2020;1;6;6;3;5;3;1;0;1;0;0;0;0;0;801739,5829;5829153,989;13,4490521;52,52873261
2020;1;3;2;3;5;3;2;0;1;0;0;0;1;0;795285,2908;5824141,129;13,34974032;52,48733062
2020;1;7;5;2;6;4;2;0;1;1;0;0;0;1;804216,4262;5840138,935;13,49553054;52,62580819
2020;1;15;5;3;2;6;0;0;1;0;0;0;0;0;809552,482;5826707,686;13,56158314;52,50242976
2020;1;11;7;2;0;6;0;0;1;0;0;0;1;1;794540,2763;5833109,747;13,34674509;52,56813059
2020;1;13;4;3;2;6;0;0;1;0;0;0;0;0;804888,143;5820631,917;13,48752574;52,45060117
2020;1;16;2;3;5;2;2;0;1;0;0;0;0;0;783641,9548;5825880,493;13,18021387;52,50910037
2020;1;6;5;3;5;3;2;1;1;0;0;0;0;1;799474,0357;5826561,679;13,413422;52,50674581
2020;1;12;6;2;6;4;0;0;1;1;0;0;0;0;791709,797;5834535,693;13,30635711;52,58243791
2020;1;12;6;3;6;2;0;0;1;1;0;0;0;0;801032,3776;5817056,126;13,42773962;52,42068671
2020;1;12;6;3;2;6;0;0;1;0;0;0;1;0;791250,3297;5828963,759;13,29470548;52,53273274
2020;1;14;6;3;2;6;0;0;1;0;1;0;0;0;800960,551;5822263,555;13,43137695;52,46740251
2020;1;14;1;3;5;2;0;1;1;0;0;0;0;0;795869,4749;5818142,534;13,35300198;52,43324136
2020;1;17;5;3;2;6;2;0;1;0;0;0;0;0;801936,4188;5823537,863;13,44685226;52,4782859
2020;1;10;2;3;5;3;0;0;1;0;0;0;0;0;806678,2557;5829128,093;13,52160289;52,52574481
2020;1;5;4;2;5;3;2;0;1;0;1;0;0;0;805212,2276;5828386,571;13,49938022;52,51992164
2020;1;13;7;3;5;3;0;0;1;0;0;0;0;0;811990,4124;5830702,916;13,60113012;52,53684342
2020;1;16;2;3;6;7;0;0;1;1;0;0;0;0;802514,5914;5823755,609;13,45553706;52,47991763
2020;1;19;5;3;5;2;2;1;1;0;0;0;0;1;790348,2216;5827301,289;13,27999202;52,51830992
2020;1;12;6;3;5;3;0;0;1;0;0;0;0;0;792053,4399;5822457,807;13,3008051;52,47397834
2020;1;10;6;3;5;3;0;1;1;0;0;0;0;0;809906,7322;5829665,554;13,56954016;52,52873587
2020;1;6;4;1;5;3;2;0;1;0;1;0;0;0;797683,6525;5819327,605;13,3806642;52,4428801
2020;1;16;2;3;2;6;0;0;1;0;0;0;0;0;799058,7141;5825577,883;13,40643744;52,49815529
2020;1;17;3;3;5;2;2;0;1;0;0;0;0;0;797376,6936;5826179,935;13,38227056;52,50447115
2020;1;19;5;2;6;4;2;0;1;1;0;0;0;1;785599,6305;5831994,002;13,21423506;52,56289168
2020;1;9;5;3;1;5;0;1;1;0;0;0;0;0;797921,4333;5827074,28;13,39107292;52,51219068
2020;1;7;2;3;5;2;0;1;1;0;0;0;0;0;793474,2094;5817728,162;13,31750684;52,43081696
2020;1;18;5;3;1;5;2;1;1;0;0;0;0;1;794960,0946;5819491,137;13,3408546;52,445822
2020;1;19;3;2;0;6;2;0;1;0;1;0;0;1;795312,0358;5827353,936;13,35298226;52,51611656
2020;1;18;5;3;5;3;2;1;0;0;0;0;1;1;800433,2982;5826715,147;13,4276516;52,507594
2020;1;10;7;2;0;1;0;1;0;0;0;0;0;2;781873,4693;5813347,647;13,14364568;52,39763905
2020;1;15;2;3;5;2;1;0;1;0;0;0;0;0;789903,6446;5835694,006;13,28078857;52,59378754
2020;1;17;5;3;2;6;2;0;1;0;0;0;0;1;790858,6323;5824494,382;13,28504077;52,49287396