UJAHR;UMONAT;USTUNDE;UWOCHENTAG;UKATEGORIE;UART;UTYP1;ULICHTVERH;IstRad;IstPKW;IstFuss;IstKrad;IstGkfz;IstSonstige;USTRZUSTAND;LINREFX;LINREFY;XGCSWGS84;YGCSWGS84
2020;2;23;1;3;5;2;2;0;1;0;1;0;0;1;803233,6471;5826799,942;13,46886336;52,50680478
2020;2;13;6;3;5;2;0;0;1;0;0;0;0;0;791660,9183;5830679,191;13,3022473;52,54789166
2020;1;23;6;3;1;5;2;1;1;0;0;0;0;0;791166,5499;5835495,131;13,29920514;52,59133002
2020;2;15;2;2;5;3;0;1;1;0;0;0;0;1;807841,8572;5829091,13;13,5386662;52,52475783
2020;2;12;6;3;0;3;0;0;1;0;1;0;0;0;791379,1737;5825908,147;13,29392311;52,50527065
2020;1;21;6;3;5;3;2;1;1;0;0;0;0;0;797540,515;5819898,226;13,37907267;52,44807306
2020;2;7;4;3;5;2;0;1;0;0;0;0;1;1;803583,7872;5828338,443;13,47540993;52,52039926
2020;1;19;6;3;5;2;0;0;1;0;0;0;0;0;791390,2083;5828586,634;13,29643122;52,52927711
2020;2;17;2;3;5;3;2;1;1;0;0;0;0;1;804568,7515;5832750,517;13,49392604;52,55939323
2020;2;12;6;3;5;7;0;0;1;0;0;0;1;0;806666,393;5822041,966;13,51490613;52,46224393
2020;2;15;3;3;5;3;0;0;1;0;0;0;0;1;797843,0045;5831342,824;13,39374515;52,55049556
2020;1;18;6;3;5;7;2;0;1;0;0;0;0;0;794083,4513;5824090,503;13,33204688;52,48752551
2020;2;12;6;3;5;3;0;0;1;0;0;0;0;0;796930,0226;5818524,543;13,3688955;52,4360911
2020;2;19;5;3;5;2;2;1;1;0;0;0;0;0;797263,9266;5825187,826;13,3797285;52,49563942
2020;1;17;6;3;5;3;2;1;1;0;0;0;0;0;793506,4923;5825218,408;13,32456783;52,4979472
2020;2;10;3;3;5;2;0;0;1;0;0;1;0;0;794497,9342;5829896,33;13,34327157;52,53934761
2020;2;10;2;3;0;7;0;0;0;0;0;1;0;1;798699,3274;5825586,329;13,40116667;52,49842781
2020;2;6;6;3;1;5;1;0;1;0;0;0;0;0;805839,2754;5819669,01;13,5005968;52,44143983
2020;2;15;3;2;0;6;0;0;1;0;0;0;1;0;785168,1794;5828946,591;13,20527021;52,53579512
2020;2;12;2;3;2;6;0;0;1;0;0;0;0;1;803525,2128;5829764,873;13,47585134;52,53321655
2020;2;15;6;1;3;1;0;1;1;0;0;0;0;0;793325,5639;5826091,078;13,32267896;52,50586761
2020;2;14;3;3;5;5;0;1;1;0;0;0;0;0;799347,0595;5813158,673;13,39954727;52,38667515
2020;1;15;6;3;6;4;0;0;1;1;0;0;0;0;793355,3692;5822858,356;13,32027068;52,47687146
2020;2;15;5;3;6;2;0;0;1;1;0;0;0;0;792958,2281;5823358,287;13,31487921;52,48156637
2020;2;14;4;3;2;2;0;0;1;0;0;0;0;0;794830,4752;5830304,995;13,34852322;52,54283116
2020;1;12;6;3;1;5;0;1;1;0;0;0;1;0;787388,8037;5837426,696;13,24526942;52,61065649
2020;2;14;2;3;2;6;0;0;1;0;0;0;0;1;799164,372;5826955,726;13,40922725;52,51044776
2020;2;18;3;3;6;2;2;0;1;1;0;0;0;1;796152,3564;5832262,349;13,36970432;52,55965994
2020;2;7;2;3;5;3;0;1;1;0;0;0;0;1;799793,3994;5823671,116;13,41551232;52,48066091
2020;2;20;5;3;5;2;2;0;1;0;0;0;1;0;810273,7896;5820375,226;13,5662855;52,44527094
2020;2;9;1;3;2;6;0;1;1;0;0;0;0;0;797654,6887;5828093,501;13,38806574;52,5214724
2020;2;7;2;3;2;6;1;0;1;0;0;0;0;1;790205,6547;5835859,996;13,28538002;52,59511454
2020;1;12;6;3;5;3;0;1;1;0;0;0;0;1;815342,685;5814647,609;13,63522428;52,3910471
2020;2;16;4;3;2;6;0;0;1;0;0;0;0;0;792823,3921;5825513,766;13,31479366;52,50096195
2020;2;4;1;2;9;1;2;0;0;0;1;0;0;0;800301,7963;5831590,779;13,43012384;52,5513681
2020;2;13;3;3;6;4;0;0;1;1;0;0;0;0;781816,1636;5831683,325;13,15830423;52,56207765
2020;1;14;6;3;0;1;0;1;0;0;0;0;0;0;805829,3329;5821881,626;13,50247696;52,46127599
2020;2;18;4;3;3;6;2;0;1;0;0;0;0;0;790129,4571;5825369,678;13,27509323;52,5011092
2020;1;12;6;3;0;1;0;1;0;0;0;0;0;0;784797,3564;5826499,032;13,19772155;52,51404422
2020;2;18;2;2;6;2;2;0;1;1;0;0;0;1;800315,8401;5816727,453;13,41693948;52,41813429
2020;2;17;3;3;6;4;2;0;1;1;0;0;0;1;794693,6044;5828454,708;13,34487018;52,52631874
2020;2;15;2;3;5;2;0;0;1;0;0;0;0;1;800672,4999;5827569,817;13,43193751;52,51512287
2020;2;19;5;3;5;2;2;1;1;0;0;0;0;0;799508,7688;5828114,94;13,41533022;52,52064936
2020;2;22;1;3;6;2;2;0;1;1;0;0;0;1;792692,122;5825473,117;13,31282961;52,50066797
2020;1;14;6;3;0;1;0;1;0;0;0;0;0;0;806964,3318;5821080,357;13,51839364;52,45345844
2020;2;8;4;3;5;2;0;1;0;0;0;0;1;1;794896,7303;5830252,009;13,34945034;52,54232033
2020;1;11;6;3;3;6;0;1;1;0;0;0;0;0;794252,1086;5828450,585;13,33837755;52,52652024
2020;2;17;2;3;2;6;2;1;1;0;0;0;0;1;794193,4733;5823088,538;13,33277831;52,47848412
2020;2;18;5;3;2;6;2;0;1;0;1;0;0;0;786342,3769;5829170,891;13,22272793;52,53719046
2020;1;11;6;3;5;7;0;0;1;0;0;0;0;0;784673,6225;5827761,308;13,1969834;52,52542643
2020;2;18;5;3;4;2;2;0;1;0;0;0;0;0;785655,9223;5828061,06;13,21168066;52,52760016
2020;2;20;2;3;5;2;2;1;1;0;0;0;0;1;797543,9776;5828719,017;13,38699847;52,52713981
2020;2;17;5;3;4;2;2;1;0;0;0;0;0;0;799633,5976;5828546,811;13,41755356;52,52445182
2020;2;9;3;3;1;1;0;0;1;0;0;0;1;1;795626,8356;5834132,749;13,36364175;52,5767118
2020;2;8;2;2;5;3;0;1;0;0;0;0;1;1;808989,7705;5818121,187;13,5453701;52,42579737
2020;2;17;5;3;6;4;2;0;1;1;0;0;0;0;801898,5454;5825692,667;13,44824821;52,4976206
2020;1;11;6;2;1;5;0;1;1;0;0;0;0;0;811990,0647;5820468,351;13,59154297;52,44512895
2020;2;5;4;3;6;2;2;0;1;1;0;0;0;1;803450,6001;5832817,539;13,47754381;52,56061815
2020;2;16;2;3;2;6;1;0;1;0;0;0;0;1;797041,9932;5819740,965;13,37161902;52,44693444
2020;2;17;5;3;6;2;2;0;1;1;0;0;0;0;794901,4261;5832030,808;13,35109918;52,55826328
2020;2;16;3;3;5;2;0;0;1;0;0;0;0;1;799792,641;5813977,232;13,40680715;52,39376891
2020;1;10;6;3;0;7;0;0;1;0;1;0;0;1;805749,5338;5817084,652;13,49691786;52,41832749
2020;2;17;5;3;0;1;2;1;0;0;0;0;0;0;794711,789;5824738,044;13,34184658;52,49299149
2020;2;14;4;3;0;7;0;1;1;0;0;0;0;0;812328,3261;5818436,3;13,59460538;52,4267259
2020;2;6;3;3;6;2;2;0;1;1;0;0;0;1;793384,2216;5833149,728;13,32977278;52,56911327
2020;2;22;1;3;5;3;2;0;1;0;0;0;0;1;795477,2216;5829575,932;13,35738394;52,53594541
2020;2;16;5;3;5;2;1;1;0;0;1;0;0;0;797699,467;5829242,858;13,38975277;52,53175051
2020;2;9;5;3;2;7;0;1;1;0;0;0;0;0;794113,0425;5825713,005;13,33391388;52,50205445
2020;1;9;6;3;5;3;0;1;1;0;0;0;0;0;800479,7258;5822980,97;13,42496634;52,47409765
2020;2;13;3;3;0;2;0;0;1;0;0;0;1;0;786751,2135;5829272,486;13,22882694;52,53788635
2020;2;11;2;3;2;6;0;0;1;0;0;0;0;1;797327,7337;5831907,023;13,38667346;52,5558344
2020;2;16;5;3;2;2;0;0;1;0;0;0;0;0;796919,8602;5822284,942;13,3720898;52,4698052
2020;2;18;3;3;2;2;2;0;1;0;0;0;0;1;800324,457;5831637,07;13,43049892;52,55177053
2020;1;9;6;3;0;1;0;0;0;0;1;0;0;0;812247,7769;5830713,759;13,60492252;52,5367932
2020;2;12;5;3;5;3;0;1;1;0;0;0;0;0;785408,5467;5830432,785;13,21008132;52,5489943
2020;2;14;4;2;5;3;0;0;1;0;0;0;1;0;802694,7539;5827361,829;13,46145865;52,51214017
2020;1;9;6;3;5;3;0;1;1;0;0;0;0;1;801273,4159;5827949,813;13,44111026;52,51819724
2020;2;17;3;3;3;6;2;0;1;0;0;0;0;0;794970,3972;5823978,663;13,34497245;52,48604445
2020;1;9;6;3;6;4;0;0;1;1;0;0;0;0;809822,9781;5826941,922;13,56577338;52,5043754
2020;2;8;3;3;5;2;0;1;0;0;0;0;1;0;797901,7933;5827373,023;13,39105181;52,51487927
2020;2;9;2;3;0;5;0;1;1;0;0;0;0;1;800065,5503;5837446,133;13,43194978;52,60398101
2020;2;9;5;2;0;1;0;1;0;0;0;0;0;0;812011,5088;5821478,835;13,59280129;52,45417204
2020;2;18;1;3;0;1;2;0;1;0;0;0;0;0;799797,6889;5831183,969;13,42234395;52,54799942
2020;2;12;3;3;2;6;0;0;1;0;0;0;0;0;801408,6823;5821098,843;13,43690208;52,45671584
2020;1;8;6;3;2;6;0;0;1;0;0;0;0;0;791191,5784;5830904,403;13,2955428;52,55016173
2020;2;14;2;3;5;3;0;0;1;0;0;0;1;1;799051,2405;5821322,968;13,40251168;52,46001981
2020;2;16;4;3;5;2;1;1;1;0;0;0;0;0;804141,7587;5828688,27;13,48392803;52,52322371
2020;1;8;6;3;6;4;0;0;1;1;0;0;0;0;804977,3164;5832995,357;13,50015923;52,56135891
2020;2;13;2;3;6;4;0;0;1;1;0;0;0;1;791645,3352;5820657,497;13,29324019;52,45805665
2020;2;20;2;3;4;6;2;0;1;0;0;0;0;1;783954,7041;5823335,063;13,18263959;52,48611478
2020;2;18;3;3;6;2;2;0;1;1;0;0;0;0;794554,637;5829073,303;13,34337575;52,53193911
2020;2;14;2;3;5;3;0;0;1;0;0;0;0;1;791081,5662;5834252,37;13,29686243;52,58023445
2020;2;9;5;3;5;3;0;0;1;0;0;0;0;0;803056,9843;5820923,174;13,46092691;52,45422989
2020;1;8;6;3;3;6;0;0;0;0;0;0;1;0;805919,4365;5816201,791;13,49860153;52,41031983
2020;2;8;4;3;5;2;0;1;1;0;0;0;0;1;798008,8196;5825271,083;13,39074288;52,49597951
2020;2;16;6;2;1;5;1;0;1;0;1;0;0;1;797578,5668;5832108,764;13,39054322;52,55750575
2020;2;13;4;3;0;3;0;0;1;0;1;0;0;1;793223,8142;5816822,838;13,31304074;52,42283517
2020;2;9;7;3;2;6;0;0;1;0;0;0;0;0;795038,9063;5819072,658;13,34164132;52,44202804
2020;2;18;7;3;6;4;2;0;1;1;0;0;0;0;806455,6208;5833664,693;13,52251719;52,5665276
2020;2;9;3;3;2;2;0;0;1;0;0;0;0;1;791978,9818;5828554,724;13,30505782;52,528676
2020;2;20;2;3;5;5;2;1;0;0;0;0;1;0;798190,2117;5826617,157;13,39461227;52,5079463
2020;2;13;5;3;2;7;0;0;1;0;1;0;0;1;797672,0015;5827990,919;13,38822835;52,52054342
2020;2;16;6;3;2;6;0;0;1;0;0;0;0;0;791205,129;5830900,086;13,29573829;52,55011579
2020;2;14;6;3;0;7;0;0;0;1;0;0;1;0;810477,235;5820235,997;13,56913989;52,44390773
2020;2;18;4;3;2;6;2;0;0;0;1;0;1;1;805165,321;5829998,349;13,50017024;52,53439331
2020;2;18;3;3;5;2;1;1;1;0;0;0;0;1;800876,1365;5822459,71;13,43031494;52,46920721
2020;2;14;6;3;5;2;0;1;1;0;0;0;0;1;793947,0625;5823413,631;13,32944712;52,48153112
2020;2;9;3;2;2;6;0;0;1;0;1;0;0;1;792264,3994;5837213,984;13,3168827;52,60614991
2020;2;6;6;1;0;7;2;0;0;0;0;0;1;0;797059,3246;5829310,125;13,38040363;52,53270273
2020;2;7;2;3;2;7;0;0;1;0;0;1;0;1;802377,9467;5825334,889;13,45496389;52,49414844
2020;2;14;2;3;3;6;0;0;1;0;0;0;1;0;808472,7085;5819035,85;13,5386335;52,43428639
2020;2;7;5;3;6;4;0;0;1;1;0;0;0;0;785560,1265;5831777,362;13,21346742;52,56097005
2020;2;10;2;3;5;2;0;0;1;0;0;0;0;0;802554,365;5826728,542;13,45882062;52,50654194
2020;2;16;2;3;5;2;0;1;1;0;0;0;0;0;799334,248;5826190,024;13,41103441;52,50349118
2020;2;11;5;3;6;7;0;0;1;1;0;0;0;0;784977,7914;5829172,958;13,20266497;52,53792431
2020;2;13;6;3;5;7;0;0;1;0;0;0;0;1;793333,3875;5823935,258;13,32089547;52,48653732
2020;2;17;4;3;5;2;1;0;1;0;0;0;0;1;794829,4269;5819322,511;13,33878878;52,44438083
2020;2;15;3;3;6;4;0;0;1;1;0;0;0;1;809345,8215;5832842,688;13,56425658;52,55752668
2020;2;13;6;3;5;2;0;1;0;0;0;0;1;1;798081,5177;5814495,163;13,38219529;52,39934546
2020;2;17;3;3;2;2;2;1;1;0;0;0;0;1;803437,3306;5828618,052;13,47351311;52,52298683
2020;2;23;6;3;0;1;2;0;0;0;0;0;1;1;794220,7398;5828669,123;13,33810988;52,52849623
2020;2;20;2;3;6;4;2;0;1;1;0;0;0;1;793802,5469;5825496,468;13,32916171;52,50028057
2020;2;19;5;2;5;5;2;0;1;0;1;0;0;1;798595,0824;5820505,578;13,3950868;52,45294232
2020;2;18;4;3;6;2;2;0;1;1;0;0;0;1;788720,0881;5830529,031;13,25886793;52,54811207
2020;2;18;6;2;5;2;2;1;1;0;0;0;0;1;796389,0934;5816726,381;13,35936799;52,4202653
2020;2;14;4;3;5;3;0;1;1;0;0;0;0;0;799652,362;5832791,362;13,42165812;52,56248698
2020;2;9;7;3;2;6;0;0;1;0;0;0;0;0;785708,1446;5831753,98;13,21562488;52,56068277
2020;2;14;1;3;5;3;0;1;1;0;0;0;0;1;800731,9838;5825817,767;13,43122871;52,49938597
2020;2;13;3;3;5;2;0;0;1;0;1;0;0;1;794973,561;5821413,045;13,34274989;52,46304356
2020;2;17;6;3;5;3;2;0;1;0;0;0;0;1;800079,139;5837500,045;13,4321987;52,60445673
2020;2;14;4;3;5;2;0;1;0;0;0;0;1;0;799965,5065;5830114,258;13,4238455;52,53831889
2020;2;6;6;3;5;3;2;0;1;0;0;0;0;1;793789,655;5826940,67;13,33024688;52,51323406
2020;2;8;4;3;5;3;0;1;0;0;0;0;0;0;814596,2574;5821243,721;13,63049289;52,45058384
2020;2;20;1;3;6;4;2;0;1;1;0;0;0;1;791412,0462;5827465,059;13,2957694;52,51921065
2020;2;15;3;3;3;6;0;0;0;0;0;0;1;0;793602,5658;5836126,558;13,33562224;52,59568084
2020;2;5;6;3;2;6;2;0;1;0;1;0;0;1;785888,9288;5829248,53;13,21612737;52,53812463
2020;2;12;3;3;1;5;0;1;0;0;0;1;0;1;799449,4987;5824828,8;13,41150355;52,49122657
2020;2;14;6;3;5;2;0;1;1;0;0;0;0;0;805980,3081;5831932,646;13,51392967;52,55127203
2020;2;18;2;3;0;1;2;0;1;0;1;0;0;1;797456,8968;5828847,208;13,38583332;52,52833641
2020;2;20;4;1;6;4;2;0;0;1;0;0;1;1;794415,3653;5822339,284;13,33537469;52,47164787
2020;2;9;4;3;0;1;0;1;0;0;0;0;0;1;800381,3869;5831546,015;13,43125367;52,550923
2020;2;5;6;3;5;3;2;0;1;0;0;0;0;1;795767,156;5830792,598;13,36272927;52,54669442
2020;2;14;4;3;0;1;0;0;0;0;1;0;0;0;793113,2593;5828562,553;13,32173737;52,52813748
2020;2;1;7;3;2;6;2;0;1;0;0;0;0;0;799622,633;5826097,256;13,41518692;52,50250137
2020;2;20;7;3;6;2;2;0;1;1;0;0;0;1;793526,6171;5826070,62;13,32561463;52,50557609
2020;2;9;3;2;6;4;0;0;0;1;0;0;1;0;797595,9178;5828452,018;13,38752289;52,52471814
2020;2;7;2;3;2;2;0;1;1;0;0;0;0;0;805957,7813;5833680,61;13,51520983;52,56695025
2020;2;7;6;3;6;4;0;1;0;1;0;0;0;0;781906,5576;5827186,41;13,15581803;52,52170951
2020;2;5;5;2;0;7;2;0;1;0;0;0;0;0;808467,783;5830161,514;13,54885605;52,53399666
2020;2;12;2;2;6;7;0;0;1;1;0;0;0;0;796885,0109;5831552,905;13,37984575;52,55290166
2020;2;8;6;2;6;4;0;0;1;1;0;0;0;1;781903,357;5827175,415;13,15576166;52,52161257
2020;2;11;2;2;5;2;0;0;1;0;0;0;0;0;799271,4069;5816270,866;13,40121932;52,41461363
2020;2;21;4;3;3;6;2;1;1;0;0;0;0;1;801787,6196;5828004,686;13,44871518;52,51840477
2020;2;8;4;2;5;3;0;1;1;0;0;0;0;1;793971,6116;5821795,922;13,32838175;52,46701586
2020;2;22;5;3;5;3;2;1;1;0;0;0;0;1;796003,6902;5831415,418;13,36676245;52,55214891
2020;2;13;4;3;5;7;0;1;1;0;0;0;0;1;794830,0861;5818657,382;13,33821165;52,43841793
2020;2;13;7;3;5;3;0;0;1;0;0;0;0;0;811198,4449;5824708,475;13,58388679;52,48357785
2020;2;18;7;3;5;2;2;1;1;0;0;0;0;0;804251,9228;5827626,37;13,48457563;52,51364487
2020;2;6;2;3;2;7;2;0;1;0;0;0;0;1;806909,1749;5821181,525;13,51767747;52,45439611
2020;2;19;2;3;2;6;2;0;1;0;0;0;0;0;793273,5956;5825638,842;13,32151714;52,50184143
2020;2;14;5;3;5;2;0;0;1;0;0;0;1;1;801018,3842;5817062,591;13,42754028;52,42075235
2020;2;22;5;3;5;3;2;0;1;0;0;0;0;1;800030,1262;5813280,46;13,40966316;52,38739322
2020;2;21;5;3;5;3;2;1;1;0;0;0;0;1;794497,9889;5821872,984;13,33617596;52,4674232
2020;2;18;4;3;5;2;2;1;1;0;0;0;0;1;792669,4829;5823056,695;13,31037473;52,47901751
2020;2;17;3;3;5;2;0;1;1;0;0;0;0;0;799508,7688;5828114,94;13,41533022;52,52064936
2020;2;19;5;2;6;4;2;0;0;1;0;0;1;1;794973,874;5818045,863;13,3397812;52,43285844
2020;2;6;3;3;5;3;1;1;1;0;0;0;0;1;799470,84;5826749,447;13,41354397;52,50843062
2020;2;19;5;3;2;6;2;0;1;0;0;0;0;1;789688,3183;5816923,269;13,26128105;52,42561874
2020;2;19;4;3;5;2;2;0;1;0;0;0;0;1;793943,2857;5835294,749;13,3398998;52,58804025
2020;2;11;3;3;0;6;0;0;1;0;1;0;0;1;794492,6139;5826106,459;13,33983764;52,5053768
2020;2;19;5;2;6;4;2;0;1;1;0;0;0;1;808418,573;5820877,047;13,53953897;52,45081783
2020;2;19;3;3;5;3;2;1;1;0;0;0;0;0;796910,0048;5822270,508;13,3719323;52,46968117
2020;2;11;7;3;1;5;0;0;1;0;0;0;0;0;797542,8623;5833667,437;13,39141596;52,57149671
2020;2;9;2;3;5;2;0;1;1;0;0;0;0;1;790143,9316;5819770,687;13,27043468;52,45090533
2020;2;15;2;3;5;3;0;0;1;0;0;0;0;0;793217,2854;5825213,499;13,32031545;52,49805865
2020;2;11;5;3;2;6;0;0;1;0;0;0;0;0;798846,999;5825597,489;13,40334556;52,498447
2020;2;18;5;3;2;6;1;0;1;0;0;0;0;1;797790,7796;5832968,779;13,39443603;52,56509862
2020;2;16;4;3;2;6;0;0;1;0;0;0;0;1;797630,7214;5819452,695;13,37999917;52,44403022
2020;2;16;3;3;0;3;0;0;1;0;0;0;1;0;810975,1745;5830923,649;13,58641651;52,5394017
2020;2;18;5;3;0;3;2;0;1;0;1;0;0;1;783414,6219;5828395,337;13,17901605;52,53176724
2020;2;14;3;2;5;3;0;1;1;0;0;0;0;0;804307,8712;5828425,021;13,48612801;52,52077164
2020;2;17;6;2;6;4;2;0;1;1;0;0;0;0;809976,4452;5832069,39;13,57280697;52,55023823
2020;2;19;2;3;2;2;2;0;1;0;0;0;0;1;797095,3997;5818592,297;13,37138132;52,43660865
2020;2;8;6;2;2;6;0;0;1;0;0;0;0;1;793942,6086;5823401,945;13,32937142;52,48142875
2020;2;21;2;3;2;6;2;0;1;0;0;0;0;1;794961,1392;5825556,849;13,34623372;52,50019684
2020;2;15;1;3;5;2;0;1;1;0;0;0;0;1;810524,6156;5820012,13;13,56962674;52,4418746
2020;2;7;5;3;6;4;0;0;1;1;0;0;0;0;811278,2691;5831453,914;13,59136791;52,5439805
2020;2;13;4;3;0;1;0;1;0;0;0;0;0;1;800859,357;5833421,497;13,43998189;52,56746936
2020;2;18;5;3;2;6;2;0;1;0;0;0;0;1;801248,0449;5821602,893;13,43499993;52,46132236
2020;2;15;4;3;1;5;0;1;0;0;0;0;1;1;798553,2666;5834879,199;13,40737177;52,58180505
2020;2;17;1;3;5;2;2;0;1;0;0;0;0;1;793926,9947;5825895,55;13,33134202;52,50379112
2020;2;14;3;3;2;7;0;1;1;0;0;0;0;1;798445,4277;5829047,851;13,40054212;52,52959463
2020;2;16;5;3;6;4;1;0;1;1;0;0;0;0;800289,7356;5824789,547;13,42380656;52,49041317
2020;2;11;3;3;5;2;0;0;1;0;0;0;0;0;798690,4507;5824665,139;13,40021039;52,49017543
2020;2;13;6;3;5;3;0;0;1;0;0;0;0;0;790402,5105;5839286,741;13,29128572;52,6257296
2020;2;14;2;3;0;6;0;1;1;0;0;0;0;0;799094,9338;5831440,609;13,41224215;52,55068609
2020;2;22;4;3;6;2;2;0;1;1;0;0;0;1;797313,3994;5821758,69;13,37739733;52,46487385
2020;2;8;4;3;5;2;0;0;1;0;0;0;0;1;801712,6702;5830099,27;13,44951459;52,53722008
2020;2;16;5;3;5;3;1;1;1;0;0;0;0;0;802536,39;5816812,157;13,4495686;52,41767062
2020;2;14;4;3;5;2;0;1;1;0;0;0;0;1;805295,7606;5832055,932;13,50397829;52,55276105
2020;2;22;6;1;6;4;2;0;0;1;0;0;1;1;807655,6965;5829196,093;13,53602799;52,52580357
2020;2;16;5;3;5;3;0;0;1;0;1;0;0;1;794961,9187;5821412,655;13,34257867;52,46304634
2020;2;11;4;3;5;3;0;1;0;0;0;0;0;1;797430,342;5831262,665;13,38760522;52,55000251
2020;2;9;5;3;3;6;0;1;0;0;0;0;0;0;792189,1543;5826485,448;13,30632959;52,51001285
2020;2;7;4;3;6;4;0;0;1;1;0;0;0;1;801748,37;5820092,85;13,44097726;52,44751145
2020;2;14;6;3;2;6;0;0;1;0;0;0;0;1;790057,1197;5822984,169;13,27195399;52,47976111
2020;2;9;1;2;6;4;0;0;1;1;0;0;0;1;810641,1721;5821056,469;13,57230703;52,4511674
2020;2;12;3;3;2;6;0;0;1;0;0;0;0;0;783688,5836;5829978,972;13,18439613;52,54582384
2020;2;11;2;3;2;6;0;0;1;0;0;0;1;0;793293,0025;5835187,711;13,33023384;52,58743172
2020;2;9;6;3;5;5;0;0;1;0;1;0;0;1;781795,1095;5831613,013;13,15793475;52,5614581
2020;2;22;1;3;2;6;2;0;1;0;0;0;0;0;804359,5414;5819755,693;13,47897305;52,44304231
2020;2;16;7;3;5;3;1;1;1;0;0;0;0;0;799217,4536;5828933,451;13,41178596;52,528146
2020;2;19;4;3;5;2;2;0;1;0;0;0;0;1;809348,2542;5834283,176;13,56563535;52,57043429
2020;2;7;4;3;8;1;0;0;1;0;0;0;0;1;795138,6584;5827074,189;13,3501865;52,5137027
2020;2;15;5;3;5;3;0;1;1;0;0;0;0;0;797159,0747;5826452,695;13,37931727;52,5070347
2020;2;8;4;3;2;2;0;0;1;0;1;0;0;1;798687,2196;5826444,453;13,40175855;52,50612636
2020;2;23;6;3;6;4;2;0;1;1;0;0;0;1;799098,128;5825192,211;13,40667002;52,49467668
2020;2;15;7;3;1;5;0;1;1;0;0;0;0;0;796529,7748;5828673,116;13,37205149;52,52728095
2020;2;21;2;3;5;3;2;0;1;0;0;0;0;1;792756,4732;5827039,817;13,31515277;52,51467841
2020;2;15;7;3;2;6;0;0;1;0;0;0;0;0;810163,0665;5819563,881;13,56390862;52,43806269
2020;2;16;2;3;0;2;0;0;1;0;0;0;1;0;805139,3627;5829967,036;13,49975998;52,53412721
2020;2;13;5;2;2;7;0;0;1;0;0;0;0;1;791892,4028;5830698,073;13,30566802;52,54793695
2020;2;19;7;3;0;5;2;1;1;0;0;0;0;1;798580,3518;5828916,082;13,40240684;52,52833963
2020;2;9;3;3;5;3;0;1;1;0;0;0;0;1;799611,2692;5824523,474;13,41360456;52,48840101
2020;2;20;7;3;1;5;2;1;1;0;0;0;0;0;802486,6529;5827501,121;13,45852812;52,51350408
2020;2;5;2;3;2;6;2;0;1;0;0;0;0;0;792362,8794;5833915,454;13,31542146;52,5765272
2020;2;16;5;3;0;5;0;1;1;0;0;0;0;0;807047,5521;5821926,945;13,520393;52,46099905
2020;2;15;5;3;6;6;0;1;0;1;0;0;0;0;806110,4506;5826675,206;13,51100306;52,50408044
2020;2;14;5;3;5;2;0;0;1;0;0;0;0;0;785063,3149;5829467,4;13,20417515;52,54051952
2020;2;18;4;3;5;3;2;0;1;0;1;0;0;1;795160,5273;5827237,822;13,35065297;52,51515771
2020;2;7;3;3;2;6;0;0;1;0;0;0;0;1;810406,0322;5819867,842;13,5677537;52,44064886
2020;2;12;5;3;5;3;0;1;1;0;0;0;0;0;790200,5179;5840453,231;13,28933432;52,63629489
2020;2;11;3;2;6;6;0;1;0;1;0;0;0;0;798144,0487;5831822,37;13,39860254;52,55462933
2020;2;3;7;3;9;1;2;0;1;0;0;0;0;0;793966,3638;5824933,846;13,33107149;52,49514873
2020;2;9;2;2;6;4;0;0;1;1;0;0;0;0;792602,89;5824918,832;13,31103186;52,4957468
2020;2;18;7;3;2;7;2;1;1;0;0;0;0;0;810842,2732;5820491,004;13,57473063;52,44598563
2020;2;15;2;3;5;3;0;0;1;0;1;0;0;0;787739,4655;5818259,826;13,23384913;52,43863034
2020;2;8;5;3;5;2;0;1;1;0;0;0;0;0;796227,1644;5817019,053;13,3572529;52,42297658
2020;2;14;4;3;1;5;0;1;0;0;0;0;1;1;800329,5233;5828050,794;13,42733259;52,51962298
2020;2;12;5;3;5;2;0;1;1;0;0;0;0;0;801247,6592;5827817,435;13,44061195;52,51702494
2020;2;15;4;3;2;6;1;0;1;0;0;0;0;1;788064,5581;5831086,197;13,24971064;52,55345432
2020;2;9;5;3;5;2;0;1;0;0;0;1;0;0;802551,7081;5826717,062;13,45877116;52,50644052
2020;2;18;4;3;5;2;2;1;1;0;0;0;0;1;798323,1742;5829380,771;13,39904404;52,53264572
2020;2;17;3;3;2;6;0;0;1;0;0;0;0;0;793276,4087;5826749,855;13,32253725;52,5117997
2020;2;9;5;2;5;3;0;1;1;0;0;0;0;0;795288,7065;5832243,695;13,35698475;52,55996176
2020;2;17;3;3;5;2;2;0;0;0;0;1;1;1;793283,7827;5825642,066;13,32166963;52,50186486
2020;2;23;6;3;5;2;2;0;1;0;0;0;0;0;792833,922;5823213,415;13,31292675;52,48033431
2020;2;20;2;3;1;5;2;1;1;0;0;0;0;1;800103,5248;5826883,942;13,42295946;52,50928848
2020;2;16;7;3;5;3;0;0;1;0;1;0;0;0;791837,1211;5824755,573;13,29964103;52,49469322
2020;2;2;1;3;1;1;2;0;1;0;0;0;0;0;800476,349;5832377,001;13,43340214;52,5583189
2020;2;7;5;3;6;4;0;1;0;1;0;0;0;0;792979,5223;5826233,318;13,31772034;52,50732867
2020;2;22;4;3;5;2;2;0;1;0;1;0;0;1;797532,5312;5828716,446;13,38682794;52,52712301