UJAHR;UMONAT;USTUNDE;UWOCHENTAG;UKATEGORIE;UART;UTYP1;ULICHTVERH;IstRad;IstPKW;IstFuss;IstKrad;IstGkfz;IstSonstige;USTRZUSTAND;LINREFX;LINREFY;XGCSWGS84;YGCSWGS84
2020;2;23;7;3;5;2;2;0;1;0;0;0;0;1;799071,3188;5825609,358;13,40665083;52,49843051
2020;3;14;5;3;1;5;0;0;1;0;1;0;0;0;795195,3184;5825556,309;13,34967305;52,50006537
2020;2;19;7;3;1;5;2;1;1;0;0;0;0;1;802776,5998;5827586,332;13,46286527;52,51410695
2020;3;13;6;3;4;6;0;0;1;0;0;0;0;1;786987,9457;5829773,075;13,23274018;52,54224981
2020;3;13;4;3;5;5;0;1;1;0;0;0;0;0;800783,551;5824389,159;13,43069637;52,4865525
2020;2;19;7;3;5;3;2;0;1;0;0;0;0;1;796798,9292;5831281,122;13,37833689;52,55051236
2020;3;14;5;3;5;2;0;1;1;0;0;0;0;0;801751,0484;5822053,831;13,44278873;52,4650867
2020;2;19;7;3;1;5;2;1;1;0;0;0;0;1;792863,6803;5823415,443;13,31354115;52,48212948
2020;3;11;2;3;2;6;0;0;1;0;0;0;0;0;800939,8477;5824235,704;13,43285267;52,48509091
2020;2;19;7;3;5;3;2;1;1;0;0;0;0;1;800910,81;5827525,819;13,435399;52,51459709
2020;2;18;7;3;5;3;2;0;1;0;0;0;0;1;792606,403;5837531,674;13,32219953;52,60881384
2020;3;0;7;3;1;5;2;1;1;0;0;0;0;1;800376,9622;5831115,464;13,43079916;52,54706631
2020;3;11;6;1;6;4;0;0;0;1;0;0;1;1;811246,5802;5820207,446;13,58039614;52,44321453
2020;2;17;7;3;5;2;0;0;1;0;0;0;1;0;795546,8284;5828216,376;13,35719856;52,52372043
2020;3;13;4;3;6;4;0;0;1;1;0;0;0;0;797688,4566;5819291,973;13,38070293;52,44255808
2020;2;18;7;3;1;5;2;1;1;0;0;0;0;1;794355,1996;5822212,575;13,33437968;52,47054441
2020;3;13;5;3;5;3;0;0;1;0;1;0;0;0;797420,3655;5820802,891;13,37811561;52,45624786
2020;2;16;7;3;6;7;0;0;1;1;0;0;0;0;799302,2312;5824547,917;13,4090887;52,48878962
2020;3;7;2;3;2;7;0;1;1;0;0;0;0;1;800446,5567;5822964,019;13,42446419;52,47396396
2020;3;16;5;3;1;5;0;1;1;0;0;0;0;0;794571,6896;5828585,616;13,3431943;52,52755812
2020;2;15;7;3;6;2;0;0;1;1;0;0;0;0;805309,7713;5817681,145;13,49101576;52,42391915
2020;2;15;7;3;6;4;0;0;1;1;0;0;0;0;783252,2968;5827083,603;13,17551202;52,52009028
2020;2;15;7;3;5;5;0;0;1;0;1;0;0;0;790257,278;5833690,475;13,28423958;52,57563744
2020;3;5;2;3;5;2;1;0;1;0;0;0;0;1;799246,0295;5828468,925;13,41178791;52,52396655
2020;3;20;5;2;8;1;2;0;1;0;0;0;0;0;800884,178;5814178,367;13,42298102;52,39497335
2020;2;14;7;3;2;6;0;0;1;0;0;0;0;0;794034,2583;5830236,936;13,33675601;52,54265132
2020;2;14;7;3;6;6;0;0;1;1;0;0;0;0;812279,0471;5830166,291;13,60486771;52,53186937
2020;3;11;4;3;5;3;0;0;1;0;0;0;0;0;787033,2;5838266,915;13,24076124;52,61837729
2020;3;18;6;3;2;6;2;0;1;0;0;0;0;1;794197,0058;5820123,6;13,33021632;52,4519029
2020;3;11;4;3;5;2;0;1;1;0;0;0;0;0;795813,5359;5824322,812;13,35765855;52,48867331
2020;2;13;7;3;6;7;0;0;1;1;0;0;0;0;783576,6398;5829033,201;13,18194241;52,53740218
2020;3;10;4;3;5;3;0;0;1;0;0;0;0;1;794920,1093;5820931,03;13,34153952;52,45875142
2020;2;13;7;3;6;4;0;0;1;1;0;0;0;0;805741,986;5827188,011;13,50606237;52,50888297
2020;2;12;7;3;5;2;0;1;1;0;0;0;0;0;806487,4381;5815412,163;13,50620341;52,4029251
2020;3;16;1;3;5;2;0;0;1;0;0;0;0;0;783688,4146;5830164,872;13,18455244;52,54749072
2020;3;19;5;3;5;2;2;1;1;0;0;0;0;0;809667,9513;5819039,947;13,55616294;52,43364781
2020;2;11;7;3;2;6;0;0;1;0;0;0;0;0;801454,4037;5826034,465;13,44203486;52,5009297
2020;2;19;6;3;1;5;1;1;1;0;0;0;0;0;792434,2268;5826118,301;13,30960785;52,50659015
2020;3;7;6;3;6;2;0;0;1;1;0;0;0;1;804091,3779;5825979,091;13,48071249;52,49897037
2020;3;10;4;3;6;4;0;0;1;1;0;0;0;0;802703,3895;5831822,417;13,46564739;52,55211497
2020;2;11;6;2;6;6;0;0;1;1;0;0;0;0;794568,9159;5817704,314;13,33354091;52,43001482
2020;3;16;6;3;2;7;0;0;1;0;0;0;0;1;785065,8846;5826959,496;13,20206245;52,51803245
2020;3;10;4;3;5;2;0;1;0;0;0;0;1;0;794491,5596;5827830,442;13,34134781;52,52083178
2020;2;13;6;2;2;6;0;0;1;0;0;0;0;0;793465,2304;5832406,494;13,33030713;52,56240696
2020;3;8;4;3;5;3;0;1;1;0;0;0;0;0;804171,4635;5817808,932;13,47444332;52,42569841
2020;2;8;6;3;2;6;0;0;1;0;0;0;0;0;795164,7489;5825818,168;13,34945613;52,50242928
2020;2;7;6;3;5;3;0;1;0;0;0;1;0;1;791215,249;5829174,16;13,29437412;52,5346377
2020;3;13;1;2;1;1;0;0;1;0;0;0;0;0;794978,8308;5829109,032;13,34964286;52,53203
2020;3;18;5;3;2;7;2;1;1;0;0;0;0;0;800646,1581;5827576,465;13,4315565;52,51519698
2020;2;18;6;3;5;3;2;1;1;0;0;0;0;0;784655,0363;5828500,863;13,1973434;52,532067
2020;2;19;6;3;2;6;2;0;1;0;0;0;0;0;786807,4854;5830247,992;13,23049657;52,54660275
2020;3;14;6;3;5;2;0;0;1;0;0;0;0;1;783240,9729;5830279,141;13,178069;52,54874812
2020;3;7;4;3;6;2;0;0;1;1;0;0;0;0;793687,2687;5832241,586;13,33342734;52,56080894
2020;2;21;6;3;5;3;2;1;1;0;0;0;0;0;799002,0178;5830073,755;13,40964548;52,53848533
2020;3;12;5;3;6;7;0;0;1;1;0;0;0;0;797048,1274;5831562,854;13,3822534;52,55290191
2020;2;19;6;2;6;4;2;0;1;1;0;0;0;0;801253,9807;5820511,117;13,434102;52,45153314
2020;3;7;4;3;5;2;0;1;1;0;0;0;0;0;792519,5917;5824139,557;13,30912419;52,48880545
2020;2;18;6;3;5;7;2;0;1;0;1;0;0;0;796408,8313;5823958,567;13,36607634;52,48508529
2020;2;18;6;3;5;2;2;1;1;0;0;0;0;0;795265,0323;5836363,339;13,36030587;52,59690329
2020;3;9;7;3;0;1;0;1;0;0;0;0;0;1;798505,0098;5829462,72;13,40179037;52,53328073
2020;2;18;6;3;2;6;2;0;1;0;0;0;0;0;793590,9276;5825470,533;13,32603031;52,50016197
2020;3;4;4;2;0;7;2;1;0;0;0;0;0;1;793303,7751;5820750,369;13,31766021;52,45800171
2020;2;17;6;2;0;3;1;1;1;0;0;0;0;0;807561,1947;5831667,137;13,53692629;52,54800227
2020;2;16;6;3;5;3;0;1;1;0;0;0;0;0;803160,0609;5825614,872;13,46670365;52,49622406
2020;3;19;7;2;6;4;2;0;1;1;0;0;0;0;801234,2872;5826210,73;13,43896139;52,50263115
2020;2;16;6;3;5;2;0;0;1;0;0;0;1;0;793267,2978;5819089,621;13,31566667;52,44313311
2020;3;12;6;3;5;3;0;1;1;0;0;0;0;1;798489,4079;5825229,441;13,39776372;52,49534362
2020;3;5;4;3;5;2;0;0;1;0;0;0;0;0;800912,2985;5820572,86;13,42914479;52,45227476
2020;2;16;6;3;5;3;0;0;1;0;1;0;0;0;790213,1729;5835830,219;13,28546461;52,59484358
2020;3;11;5;3;0;2;0;1;0;0;0;0;1;0;802239,1798;5818943,633;13,44713775;52,43693972
2020;2;16;6;3;6;2;0;0;1;1;0;0;0;0;792281,4027;5833929,043;13,31423451;52,57669279
2020;3;11;2;2;5;2;0;0;1;0;0;0;0;1;801206,534;5827468,607;13,43969195;52,51392105
2020;3;18;5;3;5;7;2;0;1;0;0;0;1;0;797030,8872;5830053,861;13,38065036;52,53938496
2020;2;15;6;3;2;6;0;0;1;0;0;0;0;0;795136,6564;5828485,33;13,35140912;52,52635357
2020;2;15;6;3;3;6;0;1;1;0;0;0;0;0;793121,4892;5825608,56;13,31925605;52,5016517
2020;3;9;6;3;5;2;0;1;1;0;0;0;0;1;804247,2996;5828697,465;13,48548724;52,52324724
2020;3;18;5;3;5;3;2;1;1;0;0;0;0;0;812394,4545;5824148,915;13,60091793;52,47788062
2020;2;15;6;3;5;3;0;1;1;0;0;0;0;0;798985,6439;5831782,963;13,41094339;52,55381476
2020;2;15;6;3;5;3;0;1;1;0;0;0;0;0;792098,93;5837670,938;13,31484954;52,61033523
2020;3;20;6;3;5;3;2;1;1;0;0;0;0;1;798907,9425;5829087,901;13,40737594;52,52970022
2020;3;1;4;3;0;1;2;0;0;0;0;0;1;1;792237,7427;5826104,237;13,30670881;52,50656935
2020;2;14;6;3;2;6;0;0;1;0;1;0;0;0;796829,6884;5830327,076;13,37793657;52,54194366
2020;3;11;5;3;5;2;0;1;1;0;0;0;0;0;792079,9733;5828579,776;13,30656432;52,52884649
2020;2;14;6;3;2;6;0;0;1;0;0;0;0;0;793719,0155;5825480,646;13,32792074;52,5001837
2020;3;8;2;3;5;3;0;1;1;0;0;0;0;1;800810,2367;5826166,846;13,43269331;52,50247174
2020;2;13;6;3;5;3;0;0;1;0;0;0;0;0;800279,6117;5832680,853;13,43078373;52,56115091
2020;2;13;6;3;3;6;0;0;1;0;0;0;0;0;797102,3773;5824454,433;13,3767019;52,48915327
2020;3;7;4;3;2;6;0;0;0;0;0;1;1;1;791889,6042;5831400,479;13,30624436;52,55423532
2020;3;18;6;3;6;4;2;0;1;1;0;0;0;1;790470,9709;5826075,76;13,28072624;52,5072576
2020;3;9;3;3;5;2;0;1;1;0;0;0;0;0;800241,3807;5827541,841;13,42557815;52,5151096
2020;2;11;6;2;6;4;0;0;1;1;0;0;0;0;809972,0393;5834019,632;13,57456357;52,56771773
2020;3;12;3;3;0;1;0;1;0;0;0;0;0;1;795964,7801;5828343,197;13,36345381;52,52463055
2020;2;4;6;1;5;3;2;0;1;0;0;0;0;2;799739,2021;5814500,687;13,4064924;52,39849028
2020;2;10;6;3;5;3;0;0;1;0;0;0;0;0;797753,8523;5827446,858;13,3889442;52,51562189
2020;3;15;1;3;1;5;0;0;1;0;1;0;0;0;797968,2279;5831369,016;13,39561003;52,55066185
2020;3;17;5;3;5;2;1;1;1;0;0;0;0;0;797758,1969;5824293,766;13,3861887;52,48735578
2020;2;9;6;3;0;3;0;0;1;0;1;0;0;1;794878,0198;5820039,851;13,34013487;52,4507852
2020;3;8;3;3;5;2;0;1;1;0;0;0;0;0;806458,4641;5829755,431;13,51895151;52,53149072
2020;2;9;6;3;1;5;0;1;1;0;0;0;0;1;784912,1243;5829054,133;13,2015975;52,53689327
2020;2;9;6;3;5;3;0;0;1;0;0;0;0;1;792845,0819;5824342,747;13,31408282;52,49045248
2020;3;21;1;2;1;5;2;0;1;0;0;0;0;0;804969,0255;5828429,094;13,49584596;52,5204388
2020;2;8;6;3;2;2;0;0;1;0;0;0;0;1;788143,5885;5818729,474;13,24018275;52,44262827
2020;2;7;6;3;6;4;0;0;0;1;0;0;1;0;792961,92;5833869,672;13,32419578;52,57579464
2020;3;15;6;3;3;6;0;1;0;0;0;1;0;1;797101,4224;5824479,527;13,37671025;52,48937874
2020;3;10;3;3;8;7;0;0;1;1;0;0;0;0;791594,2519;5825101,075;13,29637621;52,49792042
2020;2;0;6;3;2;2;2;0;1;0;0;0;0;1;796959,6469;5826713,234;13,37662;52,50947875
2020;3;17;3;3;4;6;0;1;0;0;0;0;0;1;812163,95;5821353,275;13,59492003;52,45295983
2020;2;18;5;3;0;3;2;0;1;0;1;0;0;0;795994,2214;5822772,059;13,35893508;52,47467414
2020;2;6;5;2;6;7;1;1;0;1;0;0;0;1;806778,6555;5832764,555;13,52643603;52,55827861
2020;3;9;1;3;5;3;0;0;1;0;0;0;0;0;797757,2717;5827447,434;13,38899495;52,51562519
2020;2;22;5;3;6;2;2;0;1;1;0;0;0;1;792408,7753;5826097,503;13,30921566;52,50641734
2020;3;13;6;2;5;2;0;0;1;0;1;0;0;1;793873,935;5827158,862;13,33167794;52,51514463
2020;3;21;3;3;5;3;2;1;1;0;0;0;0;0;800373,5034;5827886,97;13,42783091;52,51813036
2020;2;21;5;3;1;5;2;0;1;0;0;0;0;1;794564,0502;5828710,48;13,34319264;52,52868157
2020;3;6;6;3;0;3;1;0;1;0;1;0;0;1;793282,7854;5835536,766;13,33039247;52,59056629
2020;3;8;3;3;5;2;1;1;1;0;0;0;0;0;802663,941;5824424,8;13,45833704;52,48583283
2020;2;20;5;3;4;6;2;0;1;0;0;0;1;1;796112,2423;5823619,937;13,36142056;52,48221069
2020;2;20;5;3;5;2;2;1;1;0;0;0;0;0;800909,6267;5822381,269;13,43073573;52,46848567
2020;3;19;3;3;5;2;2;1;1;0;0;0;0;0;799600,862;5815437,609;13,40530322;52,40696431
2020;2;19;5;2;6;4;2;0;1;1;0;0;0;0;803432,9203;5822492,954;13,46786928;52,46809113
2020;2;19;5;3;5;2;2;1;1;0;0;0;0;0;797953,9358;5827083,846;13,39155901;52,51225868
2020;3;13;7;3;5;3;0;0;1;0;0;0;0;0;808604,4309;5829259,021;13,55002653;52,52583137
2020;3;17;5;3;6;4;1;0;1;1;0;0;0;0;798661,3083;5830299,394;13,40483971;52,54069469
2020;2;16;5;2;8;1;1;0;1;0;0;0;0;0;779842,4645;5828616,773;13,12667962;52,53559863
2020;3;9;6;3;2;6;0;0;1;0;0;0;0;1;795549,7168;5831983,589;13,3605922;52,55748855
2020;3;19;3;3;5;3;2;0;1;0;0;0;1;0;798581,2584;5829514,171;13,40295735;52,53370015
2020;2;19;5;3;2;6;2;0;1;0;0;0;0;1;782050,5551;5829780,858;13,16013646;52,54489801
2020;3;11;5;3;2;6;0;0;1;0;0;0;0;0;793564,0668;5832367,389;13,33172641;52,56200313
2020;2;18;5;3;2;7;2;1;1;0;0;0;0;0;800977,1631;5822150,651;13,43151892;52,46638136
2020;3;5;2;3;5;2;1;1;1;0;0;0;0;0;793046,0072;5835171,452;13,32658409;52,58741908
2020;2;17;5;3;1;5;2;0;1;0;0;0;0;0;784890,6081;5830147,009;13,20221837;52,54670318
2020;2;18;5;2;5;2;2;1;1;0;0;0;0;0;785203,4084;5831168,48;13,20769619;52,55569788
2020;3;10;5;3;2;6;0;0;1;0;0;1;1;0;794687,9;5831444,601;13,34743818;52,55312399
2020;2;16;5;3;6;4;0;0;1;1;0;0;0;0;790254,6382;5835043,187;13,2853854;52,5877658
2020;2;15;5;3;6;4;0;1;0;1;0;0;0;0;798589,4846;5826885,657;13,4007186;52,51013466
2020;2;14;5;3;2;6;0;0;1;0;0;0;1;0;801645,9587;5822540,67;13,4416866;52,46950837
2020;3;7;7;3;1;7;0;0;1;0;0;0;0;1;786554,4681;5828429,989;13,22520763;52,53043628
2020;2;14;5;3;5;3;0;0;1;0;0;0;0;1;793367,5043;5820717,44;13,31856652;52,45767231
2020;3;19;6;3;5;3;2;1;1;0;0;0;0;1;791772,11;5836891,786;13,30934971;52,60352598
2020;3;19;3;3;5;3;2;1;1;0;0;0;0;0;799342,757;5826192,543;13,41116166;52,50350909
2020;2;13;5;3;5;3;0;1;1;0;0;0;0;0;793979,5059;5825546,185;13,33180498;52,50063096
2020;3;9;5;3;6;4;0;0;1;1;0;0;0;0;805347,2675;5833154,55;13,50574627;52,56257832
2020;2;13;5;3;0;2;0;0;1;0;0;0;1;0;795236,7484;5826633,437;13,35123677;52,5096986
2020;3;8;2;3;5;3;0;0;1;0;0;0;0;1;802657,1773;5838314,548;13,47089592;52,61032782
2020;2;13;5;3;0;6;0;0;1;0;0;0;1;0;792754,005;5825491,619;13,31375491;52,50080064
2020;2;13;5;3;5;3;0;1;1;0;0;0;0;0;811900,6508;5817885,613;13,58782242;52,42203488
2020;3;18;6;2;6;4;2;0;1;1;0;0;0;1;791521,1635;5822493,245;13,29302164;52,4745804
2020;3;19;3;3;5;3;2;1;1;0;0;0;0;0;797766,5649;5821863,504;13,38414169;52,46556662
2020;2;11;5;3;5;3;0;0;1;0;0;0;0;0;797870,7131;5836018,822;13,39835246;52,59239422
2020;2;12;5;3;0;2;0;0;1;0;0;0;1;1;795972,024;5824531,103;13,36017091;52,49045456
2020;3;18;3;3;5;3;2;1;1;0;0;0;0;1;798765,179;5828215,771;13,4044941;52,52196107
2020;3;19;6;3;5;2;2;0;1;0;0;0;0;1;783904,1212;5826604,134;13,18468376;52,51545229
2020;3;10;3;3;5;3;0;1;1;0;0;0;0;1;802481,0908;5822560,694;13,45396164;52,4692261
2020;2;11;5;3;2;6;0;0;1;0;0;0;0;0;796107,8622;5831991,115;13,36880789;52,55725282
2020;3;11;3;2;5;7;0;0;1;0;0;0;1;0;803007,7179;5830841,394;13,46922712;52,5431531
2020;2;11;5;2;6;4;0;0;0;1;0;0;1;1;807252,0411;5824394,214;13,52566572;52,48299627
2020;2;11;5;3;5;3;0;1;1;0;0;0;0;1;796345,0097;5831942,189;13,37225204;52,55668525
2020;3;17;1;3;2;2;1;0;1;0;0;0;0;0;800461,4472;5828433,352;13,42961661;52,52297929
2020;2;10;5;3;2;6;0;0;1;0;0;0;1;1;804787,6485;5825410,169;13,49041715;52,49348296
2020;2;10;5;2;5;2;0;0;1;0;0;1;0;1;785771,4881;5828529,555;13,21378227;52,53174004
2020;3;15;6;3;5;3;0;0;1;0;1;0;0;1;801917,4592;5836361,734;13,45822379;52,59323652
2020;3;11;3;3;1;5;0;1;1;0;0;0;0;0;790215,4993;5835102,993;13,28486169;52,58832284
2020;2;9;5;3;5;3;0;1;1;0;0;0;0;1;794589,6046;5820289,503;13,33612327;52,45317871
2020;3;10;3;3;5;3;0;0;1;0;0;0;0;0;792922,4003;5837074,215;13,32644788;52,60454281
2020;2;7;5;3;6;2;0;0;0;1;0;0;1;1;799254,0945;5816248,661;13,40094568;52,41442405
2020;3;9;3;3;3;6;0;0;1;0;0;1;0;0;790415,0103;5825817,944;13,27967913;52,50497605
2020;2;7;5;3;2;6;0;0;1;0;0;0;0;0;800410,5414;5823954,989;13,42482828;52,48286623
2020;2;6;5;3;2;6;2;0;1;0;0;0;0;1;809658,0676;5821532,545;13,55832801;52,45599163
2020;3;14;1;2;5;3;0;1;1;0;0;0;0;0;810885,5554;5820660,769;13,57552338;52,44748238
2020;2;6;5;3;5;2;2;1;1;0;0;0;0;1;799473,4766;5820522,344;13,40798962;52,45261209
2020;2;5;5;3;2;6;2;0;1;0;0;1;0;1;806134,3608;5830159,363;13,51456052;52,53529296
2020;3;6;6;2;5;3;1;0;1;0;0;0;0;1;799243,6452;5832841,193;13,41569153;52,56315841
2020;3;16;3;3;5;3;0;0;1;0;1;0;0;1;789920,1553;5826701,194;13,27317812;52,51315772
2020;2;12;4;3;1;5;0;1;1;0;0;0;0;1;792285,2517;5826122,302;13,30742266;52,50670585
2020;2;14;4;3;6;7;0;0;0;1;0;0;1;1;784808,5562;5828931,739;13,19996974;52,53585003
2020;3;15;3;3;1;5;0;0;0;0;0;0;1;1;792516,6003;5825433,518;13,31021646;52,50040709
2020;2;15;4;3;2;7;0;0;1;0;0;0;1;1;810211,183;5829516,731;13,57387488;52,52722905
2020;2;8;4;1;4;6;0;0;1;0;1;0;0;0;801092,8815;5833982,63;13,4439263;52,57236971
2020;3;12;7;3;5;3;0;0;1;0;0;0;0;0;795415,6856;5835069,341;13,36136963;52,58522208
2020;2;18;4;3;2;6;2;0;1;0;0;0;0;1;791234,302;5829730,885;13,29514215;52,53961849
2020;3;22;6;3;6;6;2;0;1;1;0;0;0;1;800155,4047;5830954,708;13,42739634;52,54574753
2020;2;17;4;3;2;6;1;0;1;0;0;0;0;1;792900,0604;5837015,804;13,32606726;52,60403123
2020;3;20;7;3;6;6;2;0;1;1;0;0;0;0;794448,8104;5821493,195;13,33511899;52,46404508
2020;2;16;4;3;5;3;0;0;1;0;0;0;0;1;807670,2733;5824549,442;13,53194841;52,48415195
2020;3;13;6;3;5;3;0;0;1;0;0;0;0;1;794679,5324;5817421,917;13,33491436;52,42742368
2020;3;15;3;3;5;3;0;1;1;0;0;0;0;1;791944,0173;5816876,739;13,29432072;52,42400269
2020;2;15;4;3;5;3;0;1;1;0;0;0;1;1;801413,3972;5826077,113;13,44147119;52,50133462
2020;3;9;5;3;5;3;0;1;1;0;0;0;0;0;794764,3867;5822873,28;13,34097006;52,47624662
2020;2;15;4;3;0;1;0;0;0;0;1;0;0;1;802305,0779;5832622,33;13,46051911;52,55950568
2020;3;11;2;3;5;3;0;1;1;0;0;0;0;1;808810,4513;5819001,108;13,54355375;52,43378448
2020;3;17;5;3;6;4;0;0;1;1;0;0;0;0;799093,2789;5828926,629;13,40995484;52,52815299
2020;2;15;4;3;0;6;0;0;1;0;1;0;1;0;795118,986;5827086,923;13,34990874;52,51382749
2020;2;17;4;3;5;7;0;0;1;0;0;0;0;1;793363,119;5824939,228;13,32221599;52,49552155
2020;3;0;7;3;0;1;2;0;0;0;0;0;1;1;801679,7126;5830132,351;13,44906018;52,53753483
2020;3;16;5;3;0;4;0;0;1;1;0;0;0;0;789596,4472;5824993,4;13,26693575;52,49801891
2020;2;8;4;3;5;3;0;1;1;0;0;0;0;1;799454,1937;5827065,24;13,41358355;52,51127037
2020;3;14;3;3;2;6;0;0;1;0;0;0;0;0;800767,7437;5822753,372;13,42898881;52,4718991
2020;2;20;4;3;4;1;2;0;1;0;0;0;0;1;792640,122;5816351,314;13,30406909;52,41892045
2020;3;19;6;3;2;6;2;0;1;0;0;0;0;1;818451,7858;5820557,535;13,68638291;52,44220346
2020;3;10;5;3;1;5;0;1;1;0;0;0;0;1;795713,6127;5825491,406;13,35722847;52,49920295
2020;3;12;4;2;1;5;0;1;1;0;0;0;0;0;791898,0294;5826400,258;13,30197738;52,509405
2020;3;17;4;3;1;5;0;1;1;0;0;0;0;0;796823,2996;5831552,519;13,37893789;52,55293184
2020;3;11;7;2;5;3;0;1;1;0;0;0;0;0;797858,4983;5815725,629;13,38002138;52,41049676
2020;3;12;2;3;5;3;0;1;1;0;0;0;0;0;798737,3973;5828832,29;13,40463967;52,52750251
2020;3;11;5;3;5;3;0;1;1;0;0;0;0;0;801691,5229;5836355,105;13,45489247;52,59330248
2020;3;0;7;3;5;3;2;1;1;0;0;0;0;0;800528,8138;5823369,789;13,42603724;52,47755578
2020;3;11;4;3;2;6;0;0;1;0;0;0;0;0;801310,471;5819584,452;13,43409498;52,443196
2020;3;9;4;3;5;2;0;1;0;0;0;0;1;0;799572,1947;5828037,814;13,41619276;52,5199232
2020;3;12;6;3;5;2;0;1;1;0;0;0;0;1;805161,996;5829817,325;13,49995518;52,53277276
2020;3;11;4;2;1;5;0;0;1;0;0;0;0;0;785193,6908;5831438,917;13,20778562;52,55812767
2020;3;17;2;3;2;6;0;0;1;0;0;0;0;0;795905,8973;5818059,572;13,35346275;52,43247796
2020;3;18;3;3;0;3;2;0;1;0;0;0;1;0;802674,7971;5827249,847;13,46106363;52,51114756
2020;3;10;4;2;5;3;0;0;1;0;0;0;1;0;804241,9988;5828690,621;13,48540309;52,52318887
2020;3;14;7;3;5;2;0;0;1;0;0;0;0;0;797765,6945;5826033,166;13,38785354;52,50294338
2020;3;8;2;3;5;3;0;1;1;0;0;0;0;0;798342,175;5834830,075;13,40422134;52,5814805
2020;3;15;7;3;5;2;0;0;1;0;1;0;0;0;795117,8433;5831553,112;13,35385756;52,5538639
2020;3;15;4;3;2;6;0;0;1;0;0;0;0;0;797300,9236;5823180,662;13,37848148;52,47762717
2020;3;20;4;3;5;3;2;1;1;0;0;0;0;0;799340,2377;5826193,546;13,41112556;52,50351947
2020;3;18;7;3;1;5;2;1;1;0;0;0;0;0;797150,2723;5831847,422;13,38401023;52,555397
2020;3;15;4;3;6;7;0;0;1;1;0;0;0;0;803902,1535;5829320,046;13,48098468;52,5290197
2020;3;21;4;3;0;3;2;1;1;0;0;0;0;0;793417,5641;5833278,693;13,33037742;52,5702514
2020;3;10;6;3;5;2;0;1;1;0;0;0;0;1;808174,659;5815763,159;13,53124915;52,40512397
2020;3;8;4;3;5;3;0;1;1;0;0;0;0;0;799236,1725;5831603,815;13,41446606;52,55207141
2020;3;13;2;3;2;6;0;0;1;0;0;0;0;0;793300,8639;5822276,146;13,31895847;52,47168141
2020;3;22;3;3;5;2;2;1;1;0;0;0;0;0;800580,6025;5827051,576;13,43011925;52,51052839
2020;3;8;4;2;6;4;0;0;1;1;0;0;0;0;800523,4175;5823752,281;13,42630275;52,48098718
2020;3;13;6;2;6;4;0;0;1;1;0;0;0;0;793857,9784;5837618,046;13,34070614;52,60891294
2020;3;17;2;3;5;3;0;1;1;0;0;0;0;0;802257,9273;5831625,674;13,45891823;52,55059896
2020;3;13;7;3;0;3;0;0;1;0;1;0;0;0;793028,1628;5837599,159;13,32846994;52,60919161
2020;3;12;4;3;3;6;0;0;1;0;0;1;0;0;792913,6399;5832170,225;13,32198462;52,56058594
2020;3;17;4;2;0;1;0;1;0;0;0;0;0;0;798102,6025;5829340,476;13,39576579;52,53240521
2020;3;15;5;3;5;2;0;1;1;0;0;0;0;0;792721,5773;5825389,746;13,31318901;52,49990477
2020;3;17;3;3;5;2;1;0;1;0;1;0;0;1;786982,2465;5838304,779;13,24004353;52,61874367
2020;3;17;4;3;2;6;1;0;1;0;0;0;0;0;807208,713;5823952,66;13,52462284;52,47906336
2020;3;16;1;3;5;3;0;1;1;0;0;0;0;0;796643,1816;5816439,607;13,3628392;52,41755692
2020;3;7;3;3;5;3;0;1;1;0;0;0;0;0;805968,0252;5825367,958;13,50771044;52,4924443
2020;3;23;3;2;0;7;2;0;1;0;0;0;0;1;794697,5607;5821464,825;13,33874485;52,46365666
2020;3;19;5;3;5;2;2;0;1;0;0;0;1;0;795183,589;5825907,034;13,34981166;52,50321571
2020;3;12;3;3;3;3;0;0;1;0;0;0;0;1;809752,1562;5820707,248;13,55894288;52,44854219
2020;3;7;2;3;2;6;0;0;1;0;0;1;0;0;783220,7378;5826795,955;13,17480323;52,51752754
2020;3;8;3;3;1;5;0;0;1;0;0;0;1;0;793250,3102;5832487,27;13,32721704;52,56324687
2020;3;23;3;3;5;3;2;0;1;0;0;0;0;1;802106,9986;5827356,045;13,45281885;52,51241417
2020;3;19;6;2;1;5;2;0;1;0;0;1;0;0;799695,9742;5813971,753;13,40538586;52,39377269
2020;3;7;2;3;2;6;0;0;1;0;0;1;0;0;793281,4062;5819049,458;13,31583839;52,44276549
2020;3;12;7;3;5;2;0;1;1;0;0;0;0;0;795267,0716;5830465,711;13,35508534;52,54403542
2020;3;16;3;2;6;4;0;0;1;1;0;0;0;0;803852,3748;5828731,54;13,47971539;52,52377286
2020;3;15;4;3;5;2;0;0;1;0;1;0;0;0;786960,7659;5829591,675;13,2321838;52,54063776
2020;3;13;5;3;5;2;0;0;1;0;0;0;1;0;794949,5228;5825651,645;13,34614704;52,5010529
2020;3;20;3;3;6;4;2;1;0;1;0;0;0;1;797532,6783;5832712,69;13,39040979;52,56294423
2020;3;17;4;3;1;5;0;1;1;0;0;0;0;0;794472,7057;5824208,933;13,33786766;52,48837734
2020;3;11;1;3;0;1;0;0;0;0;1;0;0;0;807401,011;5827363,243;13,53059227;52,50952115
2020;3;13;2;3;5;3;0;0;1;0;1;0;0;0;795754,8241;5815161,925;13,34868591;52,40658401