UJAHR;UMONAT;USTUNDE;UWOCHENTAG;UKATEGORIE;UART;UTYP1;ULICHTVERH;IstRad;IstPKW;IstFuss;IstKrad;IstGkfz;IstSonstige;USTRZUSTAND;LINREFX;LINREFY;XGCSWGS84;YGCSWGS84
2020;3;14;5;2;5;2;0;0;1;0;1;0;0;0;806489,4545;5832269,3;13,52172614;52,55400292
2020;3;2;1;3;5;2;2;0;1;0;0;0;0;0;801551,6022;5820651,874;13,43859545;52,4526307
2020;3;20;3;3;2;5;2;0;1;0;0;0;0;1;795511,1453;5831620,398;13,35970157;52,55425381
2020;3;16;5;2;5;3;0;0;0;0;1;0;1;0;801780,0771;5817619,464;13,43920954;52,42532429
2020;3;15;6;3;2;6;0;0;1;0;1;0;0;0;802545,5245;5823106,522;13,45540231;52,4740827
2020;3;15;5;3;5;3;0;1;1;0;0;0;0;0;810227,7928;5830024,343;13,57459257;52,53176856
2020;3;12;2;2;3;6;0;1;0;0;0;1;0;0;792242,4229;5818650,971;13,3002474;52,43974934
2020;3;11;5;3;2;2;0;0;1;0;1;0;0;0;796723,6497;5830454,925;13,37649176;52,54314744
2020;3;17;6;2;6;4;1;0;1;1;0;0;0;1;803636,1529;5826592,147;13,47458608;52,50471851
2020;3;12;3;2;6;4;0;1;0;1;0;0;0;0;800846,4521;5826869,566;13,43386024;52,50875043
2020;3;11;4;2;5;3;0;1;1;0;0;0;0;0;796816,8427;5822121,563;13,37043234;52,46839664
2020;3;10;5;3;2;6;0;0;1;0;0;0;0;0;805687,744;5824093,449;13,50242613;52,48117862
2020;3;16;3;3;5;2;0;1;1;0;0;0;0;1;797133,7645;5831801,166;13,38372606;52,55499138
2020;3;16;4;3;6;4;0;0;1;1;0;0;0;0;793470,248;5824758,842;13,32363057;52,49384687
2020;3;5;7;3;0;1;2;1;0;0;0;0;0;0;801747,7084;5830049,919;13,44998482;52,53675835
2020;3;11;2;3;6;4;0;1;0;1;0;0;0;0;798157,5258;5824846,933;13,39254727;52,49209631
2020;3;17;7;3;3;6;0;1;1;0;0;0;0;0;795251,3292;5818338,475;13,34410892;52,43533186
2020;3;22;3;3;0;6;2;0;0;0;0;0;1;1;793396,507;5829565,286;13,3267858;52,53697411
2020;3;6;4;3;5;2;0;1;0;0;0;1;0;0;798894,8336;5821207,589;13,40011319;52,45907115
2020;3;5;6;2;1;5;2;0;1;0;0;0;1;0;800305,0077;5821957,625;13,4214806;52,46502104
2020;3;9;3;3;0;1;0;1;0;0;0;0;0;1;797755,0889;5819434,288;13,38180717;52,44379752
2020;3;17;2;3;5;3;0;1;1;0;0;0;0;0;801273,4159;5827949,813;13,44111026;52,51819724
2020;3;15;3;3;2;6;0;0;1;0;0;0;0;0;806127,4644;5826692,276;13,51126864;52,50422388
2020;3;19;3;2;5;2;2;1;1;0;0;0;0;1;784137,7606;5827307,537;13,18871837;52,52163742
2020;3;19;3;2;6;2;2;0;1;1;0;0;0;1;792920,4107;5837069,013;13,32641398;52,60449725
2020;3;5;2;2;5;3;2;0;1;0;1;0;0;0;800051,1214;5821914,104;13,41771549;52,46477041
2020;3;4;4;3;5;2;2;0;0;0;1;0;1;0;801354,3631;5820632,995;13,43568467;52,45257025
2020;3;14;4;3;2;2;0;0;1;0;0;0;0;1;790688,312;5822694,722;13,28096969;52,47683055
2020;3;19;3;3;6;4;2;0;1;1;0;0;0;1;795053,6082;5832514,433;13,35376749;52,56251613
2020;3;17;7;3;6;4;0;0;1;1;0;0;0;0;812379,7322;5830947,912;13,60708181;52,53881585
2020;3;9;2;3;3;6;0;0;1;0;0;0;0;0;793790,8371;5832731,653;13,33538469;52,56514621
2020;3;16;7;3;2;6;0;0;1;0;1;0;0;0;792982,5129;5825546,734;13,3171601;52,50117208
2020;3;19;4;3;5;2;2;1;1;0;0;0;0;0;797916,269;5825263,65;13,38937697;52,49596341
2020;3;11;4;3;5;2;0;1;1;0;0;0;0;0;789869,9651;5826217,188;13,27201904;52,50884519
2020;3;1;6;3;2;6;2;0;1;0;0;0;0;0;791283,6138;5825017,535;13,29174014;52,49733738
2020;3;19;3;3;5;3;2;1;1;0;0;0;0;1;798308,4696;5825463,866;13,39531634;52,49754387
2020;3;10;2;3;5;2;0;1;1;0;0;0;0;0;796659,8412;5835658,288;13,3802068;52,58982428
2020;3;19;3;3;2;2;2;0;1;0;1;0;0;0;813468,0592;5829438,918;13,62165329;52,52466904
2020;3;19;3;2;5;3;2;1;1;0;0;0;0;1;797872,0582;5826759,217;13,39006553;52,5093935
2020;3;13;6;3;3;6;0;0;1;0;1;0;0;0;793391,017;5833193,154;13,32991117;52,5694989
2020;3;16;2;3;6;4;0;0;1;1;0;0;0;0;795018,0105;5819652,035;13,34184636;52,44723312
2020;3;12;7;3;5;2;0;1;1;0;0;0;0;0;804241,9563;5840164,125;13,49592973;52,62601965
2020;3;23;6;3;5;2;2;0;1;0;0;0;0;0;800322,4504;5831579,032;13,43041692;52,55125143
2020;3;8;2;3;1;5;0;1;1;0;0;0;0;0;810878,4205;5820616,347;13,5753774;52,44708835
2020;3;15;7;3;5;3;0;0;1;0;1;0;0;0;789631,0457;5839732,306;13,28031085;52,63013591
2020;3;14;4;3;1;5;0;1;1;0;0;0;0;0;796833,9587;5817510,732;13,36658654;52,42705526
2020;3;19;4;3;6;2;2;0;1;1;0;0;0;0;806943,8306;5822307,618;13,51922122;52,46446902
2020;3;18;5;2;6;4;2;0;1;1;0;0;0;0;792751,4159;5827016,851;13,31505825;52,51447525
2020;3;19;3;2;6;2;2;0;1;1;0;0;0;1;797295,6125;5817291,136;13,37316107;52,42483613
2020;3;16;2;3;0;1;0;0;0;0;1;0;0;0;783880,8477;5822782,659;13,18108438;52,48120018
2020;3;15;3;3;1;5;0;0;1;0;0;0;0;0;784674,1942;5830338,992;13,1992001;52,54853763
2020;3;18;3;2;6;2;2;0;1;1;0;0;0;1;792457,105;5837313,747;13,31980842;52,60694059
2020;3;8;5;3;3;6;0;1;1;0;0;0;0;0;793442,3675;5822420,653;13,32116285;52,47290087
2020;3;14;2;3;5;2;0;0;1;0;0;0;0;0;809785,5214;5834077,33;13,57187435;52,56834095
2020;3;14;5;3;0;1;0;1;0;0;0;0;0;0;796971,7454;5826719,956;13,37680374;52,50953242
2020;3;20;6;2;5;3;2;0;1;0;0;0;0;1;799864,1236;5830464,394;13,42267116;52,54151307
2020;3;14;3;2;0;7;0;0;1;0;0;0;0;0;806321,7908;5819664,288;13,50766912;52,44112746
2020;3;13;4;2;6;4;0;0;1;1;0;0;0;0;798782,4669;5819086,751;13,39656724;52,44012187
2020;3;12;5;3;3;6;0;0;1;0;0;0;0;1;797050,8661;5815619,393;13,36808837;52,40998326
2020;3;18;3;3;5;3;2;1;1;0;0;0;0;1;796972,1168;5830137,81;13,37986139;52,5401695
2020;3;16;4;3;0;7;0;0;1;0;0;0;0;0;793633,9903;5815854,94;13,31820612;52,41393824
2020;3;11;7;3;5;2;0;1;1;0;0;0;0;0;804405,4338;5841212,507;13,49930303;52,63532395
2020;3;12;2;3;5;3;0;1;1;0;0;0;0;0;801247,1316;5831802,494;13,44421621;52,55274374
2020;3;12;3;3;5;2;0;1;1;0;0;0;0;0;793673,6741;5832254,885;13,33323914;52,5609355
2020;3;15;4;2;5;2;0;0;1;0;1;0;0;0;787972,1496;5830556,249;13,2478918;52,54875199
2020;3;13;5;2;5;2;0;0;0;0;1;0;1;0;793946,967;5820447,158;13,32683226;52,45493799
2020;3;18;3;3;5;2;2;1;1;0;0;0;0;1;798909,592;5827335,546;13,40582539;52,51399197
2020;3;15;4;2;1;5;0;0;0;0;1;0;1;0;798877,9776;5821755,482;13,40035643;52,46399153
2020;3;14;1;3;2;6;0;1;0;0;0;0;0;0;809186,1761;5820663,647;13,55060097;52,44847179
2020;3;13;3;3;6;7;0;1;0;1;0;0;0;0;792428,3134;5834201,7;13,31663682;52,57905811
2020;3;15;5;3;5;3;0;1;0;0;0;0;0;0;801922,949;5824816,989;13,44781304;52,48975832
2020;3;16;1;3;5;3;0;1;0;0;0;0;0;0;789587,1744;5833856,741;13,27452395;52,57748502
2020;3;8;5;3;5;3;0;0;1;0;0;0;1;0;788760,2352;5820003,211;13,25033103;52,45372271
2020;3;8;4;3;2;6;0;0;1;0;0;0;1;0;790015,2792;5826150,812;13,27409633;52,50817289
2020;3;15;6;3;2;6;0;0;1;0;0;0;0;0;799349,6491;5820301,391;13,4059748;52,45069936
2020;3;11;3;3;2;6;0;0;1;0;0;0;0;0;792736,3254;5826368,345;13,31426607;52,5086697
2020;3;12;4;3;1;5;0;1;1;0;0;0;0;0;807069,069;5824698,34;13,5232599;52,48582483
2020;3;9;5;3;1;5;0;1;1;0;0;0;0;0;803585,4861;5839028,382;13,48521845;52,61620787
2020;3;20;3;3;5;5;2;0;1;0;0;0;1;1;792848,2667;5828604;13,31787882;52,52865145
2020;3;14;4;3;6;4;0;0;1;0;0;0;1;0;800251,3571;5828410,737;13,42650895;52,52289232
2020;3;20;7;3;5;3;2;0;1;0;0;0;0;0;796352,9454;5833575,02;13,37382722;52,57131746
2020;3;11;2;3;2;6;0;0;0;0;1;0;1;0;791952,2756;5824022,351;13,30068995;52,4880584
2020;3;8;4;3;5;3;0;1;1;0;0;0;0;0;799443,664;5825666,774;13,41217109;52,49874098
2020;3;20;7;3;2;2;2;0;1;0;0;0;0;0;792625,6904;5828695,478;13,31468769;52,52959104
2020;3;7;4;3;5;3;0;1;1;0;0;0;0;1;801691,7222;5836312,062;13,4548562;52,59291657
2020;3;14;5;3;5;3;0;0;1;0;1;0;0;0;793931,5598;5815476,061;13,32223602;52,41038199
2020;3;11;7;3;5;2;0;0;1;0;0;0;0;0;794524,8629;5831566,536;13,34514864;52,55430523
2020;3;16;3;3;2;6;1;0;1;0;0;0;0;1;794865,0577;5825984,974;13,34520149;52,50408661
2020;3;9;4;3;3;5;0;0;1;0;0;0;0;0;802768,6047;5831610,518;13,46641308;52,55017952
2020;3;11;6;3;2;7;0;0;1;0;0;0;0;1;802642,2787;5819297,487;13,45336989;52,43988846
2020;3;16;3;3;6;7;1;0;1;1;0;0;0;1;784983,2923;5829170,048;13,20274336;52,53789534
2020;3;17;2;3;5;3;0;1;1;0;0;0;0;0;805602,2011;5831347,334;13,50783186;52,54623855
2020;3;15;3;3;5;2;0;1;1;0;0;0;0;0;789439,0147;5826653,861;13,26606673;52,51298891
2020;3;8;4;3;0;5;0;1;1;0;0;0;0;0;799597,4365;5828491,667;13,41697247;52,52397742
2020;3;15;3;3;8;1;0;0;1;0;0;0;0;1;799716,1053;5831330,233;13,42127641;52,54935533
2020;3;15;7;2;0;1;0;1;0;0;0;0;0;0;796813,36;5818278,238;13,36696572;52,43394649
2020;3;18;2;3;2;6;1;0;1;0;0;0;0;0;799777,0898;5830844,709;13,42173487;52,54496986
2020;3;7;4;2;5;3;0;1;1;0;0;0;0;0;809719,749;5832415,204;13,56935582;52,55348325
2020;3;15;7;3;4;1;0;0;1;0;1;0;0;0;788070,8776;5829181,433;13,24815157;52,53637402
2020;3;16;4;3;0;1;0;0;0;0;1;0;0;0;796020,7577;5824500,488;13,36085938;52,4901537
2020;3;19;4;2;0;1;2;1;0;0;0;0;0;0;795981,206;5833906,912;13,36865436;52,5744948
2020;3;15;5;3;0;7;0;1;0;0;0;0;0;0;801409,1835;5826080,179;13,44141207;52,50136442
2020;3;15;3;3;0;7;0;0;1;0;1;1;0;1;790446,2161;5829039,86;13,28295078;52,53384408
2020;3;8;2;3;5;7;0;0;1;0;1;0;0;0;784308,425;5828924,651;13,1926099;52,53604762
2020;3;9;3;3;5;3;0;1;1;0;0;0;0;0;798604,1404;5829555,351;13,40333069;52,53405674
2020;3;6;4;2;5;3;0;1;1;0;0;0;0;0;805018,4646;5822706,357;13,49133287;52,46912092
2020;3;10;5;3;5;2;0;0;1;0;0;0;0;0;809590,8787;5830265,562;13,56545778;52,53429236
2020;3;9;6;3;2;5;0;0;1;0;0;0;1;0;802559,0774;5823097,265;13,45559284;52,47399222
2020;3;7;3;3;5;3;0;1;1;0;0;0;0;1;791317,8255;5822608;13,29013659;52,47571767
2020;3;14;2;3;3;6;0;0;1;0;0;1;0;0;809879,5382;5820467,053;13,56058845;52,44631743
2020;3;15;3;3;0;7;0;0;0;0;0;0;1;0;802770,9128;5818189,259;13,45425288;52,42988409
2020;3;15;3;3;2;7;0;0;1;0;0;0;0;1;813045,8226;5821426,969;13,60792437;52,45311593
2020;3;16;6;3;6;4;0;0;0;1;1;0;0;0;796933,527;5826148,677;13,3757327;52,50443231
2020;3;18;2;3;6;7;1;1;0;1;0;0;0;0;793799,8666;5821179,466;13,32531814;52,46158195
2020;3;7;4;3;2;6;0;0;1;0;0;0;0;1;795504,8497;5817510,751;13,34709588;52,4277749
2020;3;14;7;3;5;2;0;1;1;0;0;0;0;0;791275,384;5834585,386;13,30000742;52,58311613
2020;3;13;4;3;0;7;0;1;0;0;0;0;0;0;799542,6854;5833309,142;13,42051245;52,56718836
2020;3;18;4;3;5;3;1;1;1;0;0;0;0;0;809220,1068;5823019,439;13,55328058;52,4695649
2020;3;16;5;3;5;3;0;1;1;0;0;0;0;0;804447,2559;5828170,586;13,48794313;52,51841345
2020;3;14;3;2;0;7;0;1;0;0;0;0;0;1;805488,25;5818467,356;13,49435045;52,43086607
2020;3;14;4;3;6;4;0;0;1;1;0;0;0;0;792255,9517;5832930,648;13,3129801;52,56775625
2020;3;19;1;2;0;7;2;0;1;0;0;0;0;0;799179,4522;5828955,418;13,41124723;52,52836376
2020;3;7;3;3;2;6;0;0;1;0;0;0;1;0;793228,5175;5835172,19;13,32927099;52,58732735
2020;3;14;3;3;3;6;0;0;1;0;0;0;1;1;796476,0548;5831929,453;13,37416797;52,55649976
2020;3;17;5;3;1;5;0;0;1;0;0;0;0;0;811398,3624;5817406,289;13,58001373;52,41802542
2020;3;1;2;3;7;7;2;1;0;0;0;0;0;0;802410,1873;5829230,742;13,45897725;52,52904895
2020;3;12;5;3;6;4;0;0;1;1;0;0;0;0;793293,1946;5829011,943;13,32477864;52,53206927
2020;3;12;3;3;5;2;0;0;1;0;0;0;0;1;789200,167;5829290;13,26484952;52,53674924
2020;3;13;6;3;5;3;0;1;1;0;0;0;0;0;798990,7686;5831821,616;13,41105357;52,55415842
2020;3;16;2;3;6;4;0;0;0;1;0;0;1;0;798815,1232;5817335,042;13,39548078;52,42440202
2020;3;12;7;3;5;2;0;0;1;0;0;0;1;0;806476,025;5829746,49;13,51920133;52,53140071
2020;3;20;3;3;5;3;2;1;1;0;0;0;0;0;795285,6945;5826173,841;13,35154819;52,50555219
2020;3;16;4;3;5;2;0;0;1;0;0;0;0;0;797150,7031;5831889,163;13,38405393;52,55577092
2020;3;13;5;3;1;5;0;0;1;0;0;0;1;0;781835,1058;5830216,158;13,15733718;52,5489126
2020;3;12;3;3;0;4;0;0;0;1;0;0;1;1;793589,5663;5820615,806;13,32173596;52,45664195
2020;3;14;4;2;2;6;0;0;1;0;0;0;0;0;805509,5428;5833360,416;13,50832232;52,56433231
2020;3;13;1;3;9;1;0;0;0;0;1;0;0;0;803608,8778;5823462,193;13,47133373;52,47668053
2020;3;11;3;3;1;5;0;1;1;0;0;0;0;0;804408,5522;5832640,823;13,49146958;52,55849967
2020;3;6;4;3;2;6;0;0;1;0;0;0;0;0;784843,701;5829218,062;13,20073194;52,53839882
2020;3;0;5;2;2;2;2;0;1;0;0;0;0;0;783600,185;5829149,122;13,18238756;52,53842929
2020;3;12;1;2;4;6;0;0;1;0;1;0;0;0;784272,0118;5816250,654;13,18126875;52,42242888
2020;3;15;5;2;0;1;0;1;0;0;0;0;0;0;785182,9195;5829714,12;13,20614574;52,54266901
2020;3;14;4;3;0;7;0;1;0;0;0;0;0;0;790226,7717;5835035,723;13,28496869;52,58771375
2020;3;14;6;3;6;4;0;0;1;1;0;0;0;0;799462,1275;5819628,645;13,40702193;52,44460749
2020;3;18;3;3;1;7;1;0;1;0;1;0;0;0;793606,0827;5815893,934;13,31783118;52,41430279
2020;3;10;4;3;0;4;0;0;1;1;0;0;0;0;793943,4322;5820787,078;13,32707965;52,45798713
2020;3;5;5;3;5;3;2;1;1;0;0;0;0;1;797465,3617;5826062,606;13,38346823;52,50337109
2020;3;18;6;3;0;1;2;0;0;0;1;0;0;1;800097,714;5833877,294;13,42919078;52,57197516
2020;3;12;3;3;5;7;0;0;1;0;0;0;1;0;799552,2732;5831042,657;13,41860805;52,54686779
2020;3;12;4;3;5;2;0;0;1;0;0;1;0;0;798336,1096;5825502,424;13,39575683;52,49787439
2020;3;10;5;2;4;5;0;0;1;0;0;0;0;1;790585,4152;5826703,762;13,282956;52,51282672
2020;3;12;3;3;5;3;0;0;1;0;0;0;0;1;800626,311;5825680,277;13,4295526;52,49821183
2020;3;14;4;3;6;4;0;0;1;1;0;0;0;0;803428,2057;5817612,307;13,46336751;52,42434872
2020;3;11;7;3;6;4;0;0;1;1;0;0;0;0;787499,1225;5816814,604;13,22908044;52,42579919
2020;3;12;2;3;5;2;0;0;1;0;0;0;0;0;801172,086;5820605,64;13,43298576;52,45242551
2020;3;11;5;3;1;7;0;0;1;0;0;0;0;0;794728,2724;5821402,915;13,33914093;52,46308511
2020;3;0;7;3;0;1;2;0;0;0;0;0;1;0;803342,4538;5825732,549;13,46948928;52,49717745
2020;3;11;3;3;5;3;0;0;1;0;0;0;0;1;799747,481;5835480,123;13,42548774;52,5865347
2020;3;9;4;3;5;7;0;0;1;0;1;0;0;0;803252,0746;5822216,478;13,46496397;52,46571351
2020;3;11;6;3;6;2;0;0;1;1;0;0;0;0;814202,1824;5821282,718;13,62474978;52,45115991
2020;3;11;3;3;5;2;0;0;1;0;0;0;1;1;791290,9444;5830682,872;13,29680979;52,54812262
2020;3;17;2;3;0;6;0;0;1;0;1;0;0;0;801464,8413;5826036,38;13,44218989;52,5009411
2020;3;16;3;3;6;4;0;1;0;1;0;0;0;0;800041,3368;5831024,28;13,42578211;52,54643395
2020;3;7;3;3;3;6;1;1;1;0;0;0;0;0;801946,4904;5828229,372;13,45125338;52,5203307
2020;3;12;7;2;5;3;0;1;1;0;0;0;0;0;795424,593;5825487,83;13,35298006;52,49932744
2020;3;8;2;3;2;6;0;0;1;0;0;0;0;0;793324,7899;5817699,437;13,31529019;52,43063959
2020;3;20;4;3;1;5;2;1;1;0;0;0;0;0;791839,3769;5827274,978;13,30188275;52,51727809
2020;3;10;3;3;2;6;0;0;1;0;1;0;1;1;789642,1991;5826507,52;13,26892508;52,51156907
2020;3;18;7;2;5;3;1;0;1;0;1;0;0;0;795039,2114;5838046,933;13,3584823;52,61211762
2020;3;10;2;3;0;7;0;1;0;0;0;0;0;0;792575,3728;5826099,097;13,31166465;52,50634232
2020;3;17;7;3;5;3;0;0;1;0;0;0;0;0;784558,33;5828204,605;13,19566798;52,52946124
2020;3;21;4;3;9;1;2;0;0;0;1;0;0;0;796827,5702;5828845,855;13,3765825;52,52866731
2020;3;18;4;3;0;7;2;0;0;0;1;0;1;1;797091,635;5831101,654;13,38248056;52,54874408
2020;3;2;6;3;8;1;2;0;1;0;0;0;0;0;795248,5648;5826648,657;13,35142387;52,50982864
2020;3;9;3;3;5;7;0;0;1;0;1;0;0;1;788802,09;5829028,295;13,25876927;52,53461409
2020;3;11;2;2;5;7;0;0;1;0;0;1;0;0;793522,4149;5827667,77;13,32696163;52,51989605
2020;3;21;3;3;1;5;2;0;1;0;1;0;0;0;799536,8059;5817709,952;13,40639821;52,42736804
2020;3;8;3;3;6;4;0;0;1;1;0;0;0;0;790945,0586;5833820,47;13,29447443;52,57643556
2020;3;13;6;3;2;7;0;0;0;0;1;0;1;0;792152,1232;5826248,785;13,30557777;52,50791105
2020;3;16;2;3;2;6;0;0;1;0;0;0;0;0;809866,4222;5831001,173;13,57019301;52,54072799
2020;3;13;7;3;5;3;0;1;1;0;0;0;0;0;801059,3701;5831434,371;13,44112149;52,54954803
2020;3;10;4;3;5;3;0;0;1;0;0;0;0;0;795322,1767;5826266,39;13,35216623;52,50636207
2020;3;15;4;3;5;3;0;0;1;0;0;0;1;0;794934,3732;5825541,553;13,34582701;52,50007418
2020;3;14;5;3;5;5;0;0;1;0;0;0;0;0;803339,0425;5827671,076;13,4712054;52,51455399
2020;3;8;3;3;0;5;0;1;1;0;0;0;0;0;791254,1552;5826386,628;13,29250504;52,50962696
2020;3;15;7;3;5;2;0;1;1;0;0;0;0;0;790702,102;5834317,861;13,29133542;52,58102443
2020;3;15;4;3;8;1;0;0;1;0;0;0;0;0;789108,2243;5818886,882;13,25447164;52,44353035
2020;3;19;4;3;2;6;2;0;1;0;1;0;0;0;781909,0182;5829575,238;13,1578803;52,54312759
2020;3;18;5;3;1;5;2;1;0;0;0;0;1;0;793066,2843;5827662,893;13,32025407;52,52009766
2020;3;7;3;3;5;3;0;1;1;0;0;0;0;0;804063,4457;5839912,218;13,49306894;52,62386191
2020;3;5;2;2;0;1;1;0;0;0;1;0;0;0;798029,721;5818529,513;13,38502905;52,43553756
2020;3;14;3;2;1;5;0;1;1;0;0;0;0;0;791003,4173;5822969,046;13,28583555;52,47912208
2020;3;9;2;3;2;6;0;0;1;0;0;0;0;1;788053,8438;5829196,338;13,24791404;52,53651665
2020;3;16;5;3;3;6;0;0;1;0;1;0;0;0;795818,8591;5820971,913;13,35476487;52,45863217
2020;3;15;2;3;5;3;0;0;1;0;0;0;0;0;796503,1389;5830111,444;13,37294311;52,54018854
2020;3;19;4;3;5;2;2;0;1;0;0;0;0;0;800217,0195;5831193,713;13,42851828;52,54785584
2020;3;22;6;2;6;4;2;0;1;1;0;0;0;0;809922,5721;5833883,772;13,57370914;52,56652839
2020;3;15;3;3;2;6;0;0;1;0;0;0;0;0;795799,2362;5831895,904;13,36418391;52,55656707
2020;3;14;4;3;5;7;0;1;0;0;0;0;1;0;809963,9537;5820288,247;13,56166067;52,44466716
2020;3;11;5;3;0;7;0;1;0;0;0;0;0;1;796694,8409;5827977,641;13,37385706;52,52095694
2020;3;20;2;3;5;2;2;0;1;0;0;0;0;0;794958,1529;5825654,926;13,34627672;52,50107765
2020;3;14;4;3;2;2;0;0;1;0;0;0;0;0;793921,6567;5823111,696;13,32880792;52,47883808
2020;3;0;1;3;8;1;2;0;1;0;0;0;0;0;786039,1865;5839163,144;13,22689414;52,62693664
2020;3;11;2;3;0;3;0;0;1;0;1;0;0;0;784603,9967;5828317,343;13,19643587;52,53044821
2020;3;14;5;3;2;6;0;0;1;0;0;0;0;0;809534,9475;5827682,673;13,56223213;52,51117723
2020;3;11;7;3;1;5;0;0;1;0;0;0;0;0;796500,4592;5816408,435;13,36071912;52,41735482
2020;3;13;4;3;5;2;0;0;1;0;0;0;0;0;804391,9703;5821738,482;13,48125577;52,46079553
2020;3;16;1;2;6;7;0;0;1;1;0;0;0;0;803750,8167;5827398,713;13,47700622;52,51188372
2020;3;5;3;3;5;2;0;1;1;0;0;0;0;0;807437,1397;5821700,444;13,52590055;52,45875008
2020;3;16;5;2;5;3;0;0;1;0;1;0;0;0;803392,1714;5833107,435;13,47694958;52,56324894
2020;3;17;1;3;2;1;0;1;1;0;0;0;0;0;800388,6825;5826393,844;13,4267063;52,50473863
2020;3;10;5;3;5;2;0;1;1;0;0;0;0;0;812386,6406;5824459,633;13,60109433;52,48066951
2020;3;15;6;3;2;6;0;0;1;0;0;0;0;0;803716,51;5832069,709;13,48077012;52,5537674
2020;3;12;3;3;5;3;0;1;1;0;0;0;0;0;793425,7249;5820370,611;13,31911613;52,45453183
2020;3;10;4;3;3;2;0;0;1;0;1;0;0;0;794697,6489;5826029,082;13,34278126;52,50457246
2020;3;9;5;3;5;2;0;0;1;0;0;0;0;1;790216,0465;5827302,897;13,27805095;52,51839469
2020;3;18;2;2;0;1;2;0;0;0;0;0;1;0;800031,6281;5830415,886;13,42508986;52,54098607
2020;3;13;4;3;2;6;0;1;1;0;0;0;0;0;794938,0563;5825192,402;13,34557192;52,49694229
2020;3;20;7;3;2;6;2;0;1;0;0;0;0;0;796639,3052;5832394,671;13,37698471;52,56058102
2020;3;11;2;3;1;5;0;1;1;0;0;0;0;0;794562,2817;5822039,415;13,33726659;52,46888051
2020;3;22;7;3;5;3;2;0;1;0;0;0;0;0;796644,7692;5829046,689;13,37407493;52,53056708
2020;3;8;4;3;2;6;0;0;0;0;0;0;1;0;807012,6054;5830269,596;13,52756992;52,53578688
2020;3;7;6;3;4;6;0;0;1;0;0;0;0;0;816797,9569;5812909,498;13,65489701;52,37463295
2020;3;16;2;3;3;6;1;0;1;0;0;0;0;1;809951,3556;5827922,956;13,56857216;52,51309411
2020;3;15;2;2;5;3;0;1;0;0;0;0;1;0;796260,6261;5822940,825;13,36299584;52,47604254
2020;3;16;4;3;0;3;0;1;1;0;0;0;0;0;797084,5406;5828042,429;13,37964163;52,52132552
2020;3;13;6;3;6;2;0;0;0;1;0;0;1;0;801856,4708;5822385,409;13,44463576;52,46800047
2020;3;15;2;3;6;4;0;0;1;1;0;0;0;0;804720,2834;5822243,581;13,48653424;52,4651396
2020;3;17;2;3;2;6;1;0;1;0;0;0;0;0;798498,0337;5819042,825;13,39235595;52,43988344
2020;3;12;3;3;1;5;0;0;1;0;0;0;0;0;799954,0548;5817489,77;13,41231903;52,42516582
2020;3;12;4;3;0;6;0;0;1;0;1;0;0;0;792802,3136;5827148,904;13,31592235;52,51563173
2020;3;15;2;3;1;5;0;0;1;0;1;0;0;1;793282,2405;5836370,618;13,33112287;52,59804153
2020;3;21;7;3;6;7;2;1;0;1;0;0;0;0;793810,7708;5823989,689;13,32795369;52,48676857
2020;3;20;2;3;5;2;2;0;1;0;0;0;0;0;799071,4735;5825609,753;13,40665346;52,49843396
2020;3;15;7;3;5;2;0;0;1;0;0;0;0;0;798051,045;5837196,316;13,40206655;52,6028499
2020;3;17;4;2;6;4;0;0;1;1;0;0;0;0;789631,4315;5826243,862;13,26853741;52,50921104
2020;3;16;4;3;5;3;0;1;1;0;0;0;0;0;798508,6557;5824518,418;13,39740939;52,48895969
2020;3;14;5;3;2;6;0;0;1;0;0;0;0;0;795348,6758;5820997,578;13,34788765;52,45911654
2020;3;15;2;3;5;3;0;1;1;0;0;0;0;1;791394,5805;5835538,461;13,30259992;52,59159634
2020;3;8;2;3;5;3;0;0;1;0;0;0;0;0;798584,19;5825563,755;13,39945538;52,49828847
2020;3;17;3;3;5;2;1;1;1;0;0;0;0;0;801247,583;5827816,857;13,44061031;52,51701981
2020;3;13;2;3;5;7;0;0;1;0;0;0;0;1;794498,0257;5817670,26;13,33247126;52,42974771
2020;3;10;6;3;5;2;0;0;1;0;1;0;0;0;803415,0598;5826626,82;13,47137029;52,50515226
2020;3;7;2;3;0;1;0;0;0;0;1;0;0;0;791905,954;5826351,614;13,30205115;52,50896467
2020;3;15;2;3;2;6;0;0;1;0;0;0;1;0;794823,5688;5830958,193;13,34900149;52,54869031
2020;3;15;3;3;0;2;0;0;1;0;1;0;0;0;790698,9924;5835383,843;13,29222487;52,59058244
2020;3;12;2;3;0;3;0;0;0;0;0;0;1;1;800424,5248;5832291,18;13,43256231;52,55757827
2020;3;21;6;3;5;3;2;1;1;0;0;0;0;0;783417,4104;5828619,468;13,17924817;52,5337754
2020;3;7;2;3;5;2;0;1;1;0;0;0;0;0;804305,3676;5828168,322;13,48585641;52,51847235
2020;3;14;7;3;5;2;0;1;1;0;0;0;0;0;807699,392;5818374,546;13,5266856;52,42879517
2020;3;13;4;3;6;4;0;0;1;1;0;0;0;0;796692,7865;5824361,349;13,37060431;52,48854162
2020;3;18;4;2;5;2;1;1;1;0;0;0;0;0;799963,1805;5826890,308;13,42090348;52,50942273