UJAHR;UMONAT;USTUNDE;UWOCHENTAG;UKATEGORIE;UART;UTYP1;ULICHTVERH;IstRad;IstPKW;IstFuss;IstKrad;IstGkfz;IstSonstige;USTRZUSTAND;LINREFX;LINREFY;XGCSWGS84;YGCSWGS84
2020;3;18;5;3;5;3;2;0;1;0;0;0;1;0;808901,3934;5819066,562;13,54494769;52,43431973
2020;3;12;2;3;2;6;0;0;1;0;0;1;0;1;790266,4687;5833690,809;13,28437512;52,57563554
2020;3;19;2;3;0;1;2;1;0;0;0;0;0;0;797312,2138;5826121,904;13,38127156;52,5039861
2020;3;8;3;3;2;6;0;0;1;0;0;0;0;0;795499,7267;5818606,472;13,34798914;52,43760015
2020;3;22;2;3;5;3;2;0;1;0;0;0;1;0;793273,6422;5832581,596;13,32764364;52,56407988
2020;3;12;5;3;5;3;0;1;1;0;0;0;0;0;792640,6128;5828688,478;13,31490088;52,52952028
2020;3;14;2;3;3;5;0;1;1;0;0;0;0;0;803924,2473;5819000,821;13,47190201;52,43651857
2020;3;14;5;3;5;2;0;1;1;0;0;0;0;0;805548,0072;5818552,774;13,49530471;52,43159827
2020;3;18;6;3;5;7;2;0;1;0;0;0;0;1;783672,2238;5829951,505;13,18413206;52,54558608
2020;3;15;3;3;5;3;0;0;1;0;0;0;0;0;804238,8854;5828690,548;13,48535728;52,52318995
2020;3;13;4;2;8;1;0;0;0;0;1;0;0;0;797427,7234;5838789,501;13,39432197;52,6174719
2020;3;12;7;3;5;3;0;0;1;0;0;0;0;0;795324,313;5826264,591;13,35219602;52,50634479
2020;3;18;3;3;6;4;1;0;1;1;0;0;0;0;798036,8338;5829323,745;13,39478407;52,5322912
2020;3;15;4;3;5;2;0;1;1;0;0;0;0;0;797913,0635;5833689,437;13,39688202;52,57149142
2020;3;13;5;2;6;7;0;0;0;1;0;0;1;0;793975,7042;5821708,856;13,32836512;52,46623314
2020;3;12;2;3;2;7;0;0;1;0;0;0;0;0;796116,3519;5817351,507;13,35592235;52,42601677
2020;3;13;4;3;5;2;0;1;1;0;0;0;0;0;790532,5809;5825141,445;13,2808162;52,49884859
2020;3;14;1;3;6;7;0;0;1;1;0;0;0;0;803861,428;5829790,474;13,48081618;52,53325868
2020;3;13;3;2;5;2;0;1;1;0;0;0;0;0;800749,0662;5831301,43;13,43643853;52,54852786
2020;3;19;4;3;2;6;2;0;1;0;1;0;0;0;798458,3242;5815934,43;13,38899993;52,41204177
2020;3;2;5;3;4;7;2;1;0;0;0;0;0;0;811223,8597;5827822,226;13,58716904;52,51146691
2020;3;13;1;3;5;3;0;1;1;0;0;0;0;0;785621,9006;5832039,613;13,21460197;52,56328894
2020;3;17;5;3;5;3;0;0;1;0;0;0;0;0;787438,4065;5818673,406;13,22978814;52,44249672
2020;3;19;4;3;6;4;2;0;1;1;0;0;0;0;800695,9087;5836111,113;13,44001744;52,59166691
2020;3;15;6;3;5;3;0;0;1;0;0;0;0;0;783427,0883;5828630,055;13,17939949;52,5338653
2020;3;8;3;3;5;2;0;0;1;0;0;0;0;0;795239,4948;5822271,378;13,34741231;52,47059434
2020;3;11;4;3;1;1;0;0;1;0;1;0;1;0;796319,9173;5819174,576;13,36052325;52,44224902
2020;3;5;5;3;2;6;1;0;1;0;0;0;0;0;791987,6205;5831666,115;13,30791961;52,55656412
2020;3;11;2;2;1;5;0;0;1;0;0;0;0;1;809454,2121;5832704,161;13,56572118;52,55622367
2020;3;19;7;3;1;7;2;0;1;0;0;0;1;0;798005,352;5825934,1;13,39128519;52,50192455
2020;3;10;2;3;2;1;0;1;0;0;0;1;0;0;793026,5816;5817692,705;13,31091065;52,43073905
2020;4;17;5;3;5;3;0;0;0;0;1;0;0;0;802070,1516;5821979,321;13,44740419;52,46424253
2020;4;18;4;3;5;3;1;1;1;0;0;0;0;0;800069,672;5832591,378;13,42761511;52,56046466
2020;4;17;6;3;5;2;0;1;1;0;0;0;0;0;797344,032;5821919,223;13,37798995;52,4662962
2020;4;19;5;3;6;4;2;0;1;1;0;0;0;0;796794,5018;5831267,092;13,37825925;52,55038901
2020;4;16;4;2;5;2;0;1;0;0;0;1;0;0;788109,3526;5827861,704;13,24757347;52,52452175
2020;4;15;6;3;0;7;0;1;0;0;0;0;0;0;793250,257;5829543,157;13,32461617;52,53685445
2020;4;19;5;3;2;7;0;0;0;0;1;0;1;0;797023,4719;5821150,472;13,37260094;52,45957943
2020;4;17;1;3;3;6;0;1;1;0;0;0;0;0;803496,2801;5818627,272;13,46528662;52,43340809
2020;4;16;4;3;3;6;0;1;0;0;0;0;1;0;811411,0525;5819603,019;13,58224499;52,43770431
2020;4;18;5;2;6;7;0;0;0;1;0;0;1;0;798106,3574;5821902,915;13,38916387;52,46573462
2020;4;16;4;3;5;7;0;0;1;0;0;0;1;0;803871,9651;5827899,112;13,47924285;52,51630116
2020;4;9;5;2;3;6;0;0;1;0;0;0;0;0;794810,3336;5830125,658;13,34806793;52,54123444
2020;4;17;5;3;2;6;0;0;1;0;0;0;0;0;793376,7186;5817052,514;13,31548432;52,42481221
2020;4;15;4;3;5;2;0;1;1;0;0;0;0;0;804095,7014;5823584,709;13,47859126;52,47750779
2020;4;9;5;3;5;7;0;1;0;0;0;0;1;0;799026,349;5828938,966;13,40898227;52,52830029
2020;4;22;3;3;2;7;2;0;1;0;1;0;0;0;800154,0794;5830955,517;13,42737759;52,5457555
2020;4;13;5;3;5;2;0;0;1;0;0;0;0;0;798647,9223;5831477,356;13,4057021;52,55126074
2020;4;15;1;3;5;3;0;1;1;0;0;0;0;0;810338,2305;5814378,326;13,5616695;52,39149148
2020;4;9;5;3;6;2;0;0;1;1;0;0;0;0;810448,5557;5821228,083;13,56964123;52,45281477
2020;4;18;5;3;5;2;0;0;1;0;1;0;0;0;797126,7094;5823996,386;13,37665086;52,48503411
2020;4;16;1;2;0;1;0;0;0;0;1;0;0;0;800907,4242;5816578,158;13,4254779;52,41647116
2020;4;18;5;3;2;6;0;0;1;0;0;0;0;0;802601,4082;5819912,861;13,45332769;52,44542674
2020;4;14;5;3;0;2;0;1;0;0;0;0;1;0;801700,7131;5831083,824;13,45023292;52,54605127
2020;4;15;4;3;1;5;0;1;1;0;0;0;0;0;796661,3276;5814658,227;13,36152683;52,40157833
2020;4;17;5;2;0;1;0;1;0;0;0;0;0;0;798744,8604;5823946,562;13,40036528;52,48370455
2020;4;16;5;3;5;2;0;1;1;0;0;0;0;0;797481,148;5824555,098;13,38235382;52,48984936
2020;4;15;4;3;2;6;0;0;1;0;0;0;0;0;789669,2136;5818294,22;13,26218857;52,43792
2020;4;17;5;3;5;2;0;1;1;0;0;0;0;0;799859,8836;5825690,71;13,41830565;52,498727
2020;4;16;3;3;5;2;0;1;1;0;0;0;0;0;798929,5028;5832400,82;13,41067424;52,55938372
2020;4;16;5;3;2;7;0;1;1;0;0;0;0;0;796671,004;5820000,311;13,36640666;52,44946068
2020;4;18;7;2;5;3;0;0;1;0;0;0;0;0;790492,3604;5826556,731;13,28146028;52,51155815
2020;4;15;5;2;5;2;0;1;1;0;0;0;0;0;794543,6193;5828344,802;13,3425684;52,52541456
2020;4;15;5;3;5;2;0;0;1;0;0;0;0;0;809099,1587;5818227,687;13,54707215;52,42669004
2020;4;13;4;3;5;2;0;0;1;0;1;0;0;0;799278,5775;5816259,73;13,40131448;52,41450989
2020;4;16;6;3;5;2;0;1;1;0;0;0;0;0;786549,397;5826170,451;13,22318652;52,51018057
2020;4;15;5;3;5;3;0;0;1;0;0;0;0;0;795277,8342;5831732,453;13,35637001;52,55538483
2020;4;10;4;3;0;2;0;1;0;0;0;0;1;0;806273,2322;5822159,695;13,50924532;52,46351955
2020;4;17;6;3;2;6;0;0;1;0;1;0;0;0;799731,4493;5824482,631;13,41533251;52,48796894
2020;4;13;4;3;5;2;0;0;1;0;1;0;0;0;811123,3309;5821876,365;13,58014315;52,45824075
2020;4;15;5;3;6;4;0;0;1;1;0;0;0;0;800714,5426;5821077,24;13,42669766;52,45690455
2020;4;12;4;3;0;1;0;0;0;0;1;0;0;0;811333,4504;5831058,853;13,59180879;52,54040874
2020;4;15;5;3;5;2;0;0;1;0;0;0;0;0;793352,7784;5829679,724;13,32624395;52,53802354
2020;4;13;5;3;0;2;0;0;0;0;1;1;0;0;805549,0589;5818558,237;13,49532512;52,43164664
2020;4;10;4;3;6;2;0;0;1;1;0;0;0;0;809089,5853;5819483,236;13,54809238;52,43794764
2020;4;13;5;3;2;6;0;0;1;0;1;0;0;0;800262,7274;5825754,588;13,42427976;52,49907806
2020;4;13;3;3;2;6;0;0;1;0;0;0;0;0;798823,7764;5826675,057;13,40397154;52,50811863
2020;4;12;5;3;5;2;0;0;1;0;0;0;0;0;780873,8684;5827770,405;13,14113087;52,52747895
2020;4;12;5;3;2;6;0;0;1;0;0;0;0;0;802212,3971;5827742,382;13,4547181;52,51581852
2020;4;17;4;3;3;6;0;1;0;0;0;0;1;0;795166,172;5818813,321;13,3432792;52,43963455
2020;4;10;4;3;5;3;0;1;1;0;0;0;0;0;800224,5859;5827910,405;13,42566397;52,51842241
2020;4;14;6;3;1;5;0;1;1;0;0;0;0;0;796097,1041;5835654,794;13,37192115;52,59009958
2020;4;17;4;3;6;4;0;1;0;1;0;0;0;0;792062,4707;5826944,867;13,30487142;52,51419928
2020;4;18;4;3;1;5;0;1;1;0;0;0;0;0;795204,9322;5818734,177;13,34377786;52,43890415
2020;4;15;6;3;5;2;0;1;1;0;0;0;0;0;801470,275;5829800,487;13,44568054;52,53467621
2020;4;22;4;3;0;1;2;1;0;0;0;0;0;0;792771,3573;5824433,622;13,31307992;52,49130669
2020;4;9;1;2;5;3;0;0;1;0;1;0;0;0;796517,8018;5817312,648;13,36177473;52,42545102
2020;4;9;4;3;6;2;0;0;1;1;0;0;0;0;785073,253;5829871,512;13,20466808;52,54413755
2020;4;20;4;3;3;3;2;0;1;0;1;0;0;0;799693,6293;5827831,071;13,41779088;52,51800335
2020;4;18;4;2;0;1;0;0;0;0;0;0;1;0;795806,4048;5836967,754;13,36881531;52,60202699
2020;4;14;2;2;5;2;0;1;0;0;0;0;0;0;801429,3006;5818839,616;13,43516623;52,4364543
2020;4;17;4;3;5;2;0;1;1;0;0;0;0;0;799519,36;5827573,515;13,4149984;52,5157905
2020;4;16;4;3;2;6;0;0;1;0;0;1;1;0;799263,6038;5820118,589;13,40454863;52,44910789
2020;4;10;4;3;1;5;0;0;1;0;0;0;0;0;815385,106;5820979,713;13,64181326;52,44776365
2020;4;16;4;3;0;7;0;1;0;0;0;0;0;0;810689,163;5823646,619;13,57542187;52,47435199
2020;4;9;6;3;4;2;0;0;1;0;0;0;1;0;787228,4784;5816535,285;13,2248712;52,423437
2020;4;15;4;3;0;6;0;1;1;0;0;0;0;0;802989,789;5822430,636;13,46130935;52,46777851
2020;4;13;4;3;6;7;0;0;1;1;0;0;0;0;793324,7471;5832679,306;13,32848181;52,56492827
2020;4;9;6;3;2;6;0;0;1;0;0;0;0;0;801367,2852;5819296,232;13,43466842;52,44058129
2020;4;14;4;3;5;3;0;1;1;0;0;0;0;0;808662,4679;5828636,624;13,55030169;52,52022072
2020;4;19;1;3;4;6;0;0;1;0;1;0;0;0;794038,5497;5832489,758;13,33881434;52,56284406
2020;3;9;3;2;0;1;0;1;0;0;0;0;0;0;809534,6797;5827679,836;13,56222556;52,51115196
2020;4;14;4;3;1;5;0;1;1;0;0;0;0;0;809144,8888;5819516,952;13,54893454;52,43821854
2020;3;12;3;3;2;6;0;0;1;0;0;0;0;0;794816,1923;5833041,484;13,35074356;52,5673693
2020;4;14;4;3;5;3;0;0;1;0;0;0;0;0;793552,9976;5834245,228;13,33322569;52,57884274
2020;4;16;5;3;0;7;0;1;1;0;0;0;0;1;789646,064;5826523,936;13,26899616;52,51171418
2020;3;9;3;2;6;4;0;0;1;1;0;0;0;0;794994,2562;5835850,309;13,35586281;52,59245141
2020;3;8;3;3;2;7;0;0;1;0;1;0;0;0;789205,3406;5824001,247;13,26032919;52,48933134
2020;4;14;4;3;5;2;0;1;1;0;0;0;0;0;804070,7836;5831453,499;13,48541508;52,54804693
2020;4;14;4;3;5;3;0;1;1;0;0;0;0;0;783928,3196;5815909,635;13,17593867;52,4195496
2020;3;7;3;3;5;3;0;0;1;0;0;0;1;0;809656,9698;5833230,314;13,56919322;52,56082356
2020;4;13;4;3;2;6;0;0;1;0;0;0;1;0;790663,3535;5827366,809;13,28468049;52,51872943
2020;4;12;3;3;2;6;0;0;1;0;0;0;0;0;811356,3982;5822538,317;13,5841797;52,4640401
2020;4;20;5;3;5;3;1;1;1;0;0;0;0;0;793227,7901;5835953,437;13,32995185;52,59433113
2020;4;13;4;3;5;7;0;0;1;0;1;0;0;0;801249,0809;5827829,115;13,44064342;52,51712885
2020;4;15;1;2;3;6;0;1;0;0;1;0;0;0;802530,1844;5824116,998;13,45609389;52,48314813
2020;4;12;4;3;2;6;0;0;1;0;0;0;0;0;781539,4722;5830704,615;13,15340297;52,55344523
2020;4;12;4;3;5;7;0;1;1;0;0;0;0;0;802921,3879;5833393,28;13,47028654;52,56607301
2020;3;17;3;3;5;3;0;1;0;0;0;0;0;0;805147,6666;5829103,111;13,49908906;52,5263797
2020;4;12;4;3;2;6;0;0;1;0;0;0;0;0;796103,074;5831991,509;13,36873782;52,55725895
2020;4;15;5;3;5;2;0;1;1;0;0;0;0;0;795467,1275;5827765,191;13,35562643;52,51971912
2020;3;15;3;3;5;3;0;0;1;0;0;0;0;0;802877,5073;5838280,59;13,4741088;52,60990074
2020;4;11;4;3;6;7;0;0;1;1;0;0;0;0;793439,7127;5823787,912;13,32232711;52,48515928
2020;4;15;3;3;5;3;0;0;1;0;1;0;0;0;803696,6402;5839176,438;13,48699112;52,6174727
2020;4;9;4;3;5;3;0;0;1;0;0;0;0;0;805695,6529;5831380,454;13,50923618;52,54648295
2020;4;7;4;3;5;2;0;0;1;0;0;0;0;0;792052,5948;5824061,764;13,30219774;52,48835807
2020;4;17;3;3;0;1;0;1;0;0;0;0;0;0;796509,5905;5827657,373;13,37084928;52,51818682
2020;4;7;4;3;5;3;0;1;0;0;0;0;1;0;798671,2483;5827599,489;13,40256047;52,51648842
2020;4;22;7;3;8;1;2;0;1;0;0;0;0;0;810265,1902;5822726,37;13,56834395;52,46634603
2020;4;4;4;3;5;2;2;0;1;0;1;0;0;0;803547,232;5829751,882;13,4761631;52,53308785
2020;4;17;3;3;3;6;0;1;1;0;0;0;0;0;800104,2005;5827369,575;13,42340729;52,51364102
2020;3;15;3;3;2;6;0;0;1;0;0;1;1;0;807612,0607;5830735,391;13,53681128;52,53962332
2020;4;8;3;2;5;2;0;0;1;0;1;0;0;0;811329,1;5822438,024;13,58368563;52,46315687
2020;4;9;5;3;2;1;0;0;1;0;0;0;0;0;782090,8761;5828087,977;13,1592923;52,52969804
2020;4;17;6;3;1;6;0;1;1;0;0;0;0;0;799344,1271;5828911,01;13,41362746;52,52787531
2020;3;12;3;3;6;7;0;1;0;1;0;0;0;0;790333,6454;5826460,362;13,27904405;52,5107787
2020;4;16;3;3;2;7;0;1;1;0;0;0;0;0;806678,2956;5826943,552;13,51959004;52,50616655
2020;4;14;2;3;5;3;0;1;1;0;0;0;0;0;799888,6162;5827799,665;13,42062758;52,51761466
2020;4;15;3;3;5;3;0;1;0;0;0;0;1;0;783273,9535;5826761,403;13,17555597;52,51719009
2020;4;14;3;2;5;3;0;1;1;0;0;0;0;0;792900,675;5832166,526;13,32179065;52,56055976
2020;4;13;3;3;0;1;0;0;0;0;1;0;0;0;794905,89;5837259,34;13,35581709;52,60512998
2020;3;11;3;3;2;2;0;0;1;0;0;0;0;0;795348,7067;5818457,837;13,34564265;52,4363493
2020;4;2;6;3;1;5;2;0;1;0;0;0;0;0;797192,4806;5832256,342;13,38499711;52,55903943
2020;4;16;3;2;5;3;0;1;1;0;0;0;0;0;792573,9871;5829985,237;13,31506314;52,54118102
2020;4;17;4;3;6;4;0;1;0;1;0;0;0;0;801336,4994;5824690,198;13,43908724;52,48894589
2020;4;16;3;3;5;3;0;1;1;0;0;0;0;0;796945,022;5826780,999;13,37646559;52,51009415
2020;4;16;3;3;0;2;0;0;1;0;1;0;0;0;802386,374;5817896,428;13,44834945;52,42747207
2020;3;17;2;3;5;3;0;0;1;0;0;0;0;1;795597,3785;5818544,159;13,3493664;52,43698879
2020;4;0;6;3;8;1;2;0;1;0;0;0;0;0;789135,4737;5818784,759;13,25478307;52,44260035
2020;4;17;3;3;5;3;0;1;1;0;0;0;0;0;797088,9539;5818571,9;13,37126865;52,43642931
2020;4;20;4;3;1;5;2;1;1;0;0;0;1;0;800782,2057;5822704,906;13,42915738;52,47145671
2020;4;16;6;3;6;7;0;0;1;1;0;0;0;0;801613,6005;5826048,634;13,44438585;52,50096873
2020;4;18;3;3;5;3;0;1;1;0;0;0;0;0;794475,2114;5816588,988;13,33118479;52,42006681
2020;4;14;1;3;1;5;0;1;1;0;0;0;0;0;810740,5784;5825441,943;13,57784971;52,49041158
2020;4;16;7;3;2;2;0;0;1;0;0;0;0;0;804496,4279;5819983,853;13,48118871;52,44501105
2020;4;22;3;3;5;3;2;1;1;0;0;0;0;0;806856,4886;5832573,632;13,52740404;52,5565237
2020;4;12;3;3;1;5;0;1;1;0;0;0;0;0;786254,751;5838962,611;13,22989651;52,62502522
2020;4;12;3;3;5;2;0;1;1;0;0;0;0;0;797844,167;5825634,055;13,38864926;52,499323
2020;3;13;2;3;5;3;0;1;1;0;0;0;0;1;804356,7981;5840432,639;13,49786834;52,62836183
2020;4;17;5;3;2;6;0;0;1;0;0;0;0;0;809202,3243;5822900,417;13,55290934;52,46850831
2020;4;12;3;3;0;7;0;0;1;0;0;0;1;0;794354,3203;5834572,169;13,34530766;52,58134064
2020;4;12;4;3;5;2;0;0;1;0;1;0;0;0;790210,7992;5827298,093;13,27796964;52,51835441
2020;4;13;5;2;2;6;0;0;1;0;1;0;0;0;805014,3594;5820676,228;13,48941774;52,45092791
2020;4;14;7;3;6;4;0;0;1;1;0;0;0;0;797910,5944;5818566,038;13,38331441;52,43592986
2020;4;11;3;3;5;3;0;0;1;0;0;0;0;0;804251,2887;5828690,842;13,4855398;52,52318567
2020;4;17;1;3;3;6;0;1;0;0;0;0;0;0;796265,9944;5837341,488;13,37591605;52,60512684
2020;4;14;6;3;5;2;0;1;1;0;0;0;0;0;794020,3428;5830176,297;13,33649774;52,54211524
2020;4;13;7;3;6;4;0;0;1;1;0;0;0;0;793845,5456;5833399,924;13,3367815;52,57110728
2020;4;11;3;3;0;3;0;0;1;0;1;0;0;0;802545,3149;5827381,978;13,45928161;52,51240367
2020;4;20;1;2;0;7;2;0;0;0;1;0;0;1;817009,4965;5817089,961;13,66194818;52,41197016
2020;3;11;2;2;0;7;0;1;0;0;0;0;0;0;801814,7111;5820916,25;13,4426945;52,45485516
2020;4;10;3;3;5;3;0;0;1;0;1;0;0;0;785966,9788;5829204,803;13,21723738;52,53769163
2020;3;11;2;2;8;1;0;0;1;0;0;0;0;0;791213,3538;5829720,853;13,29482535;52,53953975
2020;4;10;3;3;9;1;0;0;1;0;0;0;0;0;806992,6231;5826008,698;13,52334487;52,49761148
2020;4;17;5;3;0;3;0;0;1;0;1;0;0;0;798382,4939;5819892,922;13,39142034;52,44756665
2020;4;9;3;2;6;4;0;1;0;1;0;0;0;0;792413,4249;5826224,566;13,30939558;52,50755394
2020;3;9;2;3;5;2;0;1;1;0;0;0;0;0;808064,7464;5832312,521;13,54492769;52,55350158
2020;4;9;3;3;1;5;0;1;1;0;0;0;0;0;807908,1057;5817697,725;13,52912266;52,42261195
2020;4;7;3;2;5;3;0;0;1;0;0;0;0;0;792387,1303;5835224,843;13,31693349;52,58825225
2020;4;13;7;2;5;2;0;0;1;0;1;0;0;0;799070,8547;5825608,174;13,40664295;52,49842015
2020;4;16;2;3;3;6;0;1;1;0;0;1;0;0;795638,5632;5830644,398;13,36070651;52,54543573
2020;4;15;1;2;5;2;0;1;1;0;0;0;0;0;810515,2102;5821126,045;13,57052409;52,45186247
2020;4;13;2;3;0;1;0;0;0;0;1;0;0;1;805136,599;5829983,673;13,49973463;52,53427786
2020;4;13;2;3;5;3;0;1;1;0;0;0;0;0;804746,5441;5827955,861;13,49214362;52,51632181
2020;3;9;2;2;0;1;0;0;0;0;1;0;0;0;793881,8822;5829141,5;13,33354677;52,5329136
2020;4;13;2;2;6;4;0;1;0;1;0;0;0;0;792747,2363;5838414,389;13,3250545;52,61665102
2020;4;14;5;2;5;7;0;0;1;0;1;0;0;0;802331,825;5822098,879;13,45135252;52,46516943
2020;4;12;2;3;5;2;0;1;1;0;0;0;0;0;797421,3474;5832531,171;13,38860952;52,56137797
2020;4;11;2;3;0;6;0;0;1;0;0;0;1;0;802919,2999;5818294,439;13,456524;52,43074469
2020;3;8;2;3;5;7;0;1;1;0;0;0;0;0;793677,978;5819140,834;13,32173652;52,4433718
2020;4;11;2;3;5;3;0;0;1;0;0;0;0;0;790219,2357;5834014,985;13,28396386;52,57856694
2020;4;16;5;3;6;7;0;0;1;1;0;0;0;0;793597,2015;5834903,13;13,33445897;52,58471655
2020;3;8;2;3;5;2;0;1;1;0;0;0;0;0;800543,1322;5814125,739;13,41793665;52,39468884
2020;4;20;2;3;6;4;1;0;0;1;0;0;1;0;801969,3134;5829037,068;13,4523221;52,52755745
2020;4;16;3;3;6;2;0;0;1;1;0;0;0;0;793263,5378;5819084,398;13,31560692;52,4430883
2020;4;12;7;3;5;3;0;1;1;0;0;0;0;0;792920,2742;5837068,656;13,32641166;52,60449413
2020;4;11;2;3;5;2;0;1;1;0;0;0;0;0;807184,7707;5829119,681;13,52903774;52,52538429
2020;4;18;7;2;0;5;0;1;1;0;0;0;0;0;795305,2526;5821757,307;13,34792258;52,46595048
2020;4;11;2;3;5;3;0;1;1;0;0;0;0;0;782907,2657;5830341,252;13,17321363;52,54947845
2020;4;19;2;3;6;4;1;0;1;1;0;0;0;0;786496,5904;5831386,528;13,22690681;52,55697405
2020;3;10;2;1;4;6;0;0;0;0;1;1;0;0;798898,3764;5821379,927;13,40031949;52,460614
2020;4;8;5;3;0;3;0;1;0;0;0;0;1;0;794569,8949;5832978,404;13,34706419;52,56693717
2020;4;11;2;3;5;2;0;0;1;0;0;0;0;0;805033,3674;5830423,664;13,49862126;52,53827902
2020;4;7;5;3;6;4;0;0;1;1;0;0;0;0;797691,3323;5819588,489;13,38100929;52,44521448
2020;4;16;6;3;5;3;0;1;1;0;0;0;0;0;803782,627;5826622,634;13,47676528;52,50491023
2020;3;17;1;3;1;5;0;1;1;0;0;0;0;0;783336,1904;5830768,014;13,17988668;52,55308192
2020;4;10;2;3;6;2;0;0;1;1;0;0;0;0;790662,722;5822761,981;13,28065259;52,47744716
2020;4;9;2;3;0;7;0;0;1;0;1;0;0;1;811032,2556;5818083,726;13,57527743;52,42430453
2020;3;0;1;3;5;2;2;0;1;0;0;0;0;0;794958,1529;5825654,926;13,34627672;52,50107765
2020;4;10;2;3;1;5;0;0;1;0;1;0;0;0;784389,4796;5828603,193;13,19352663;52,53312312
2020;4;15;3;3;2;6;0;0;1;0;0;0;0;0;789609,4492;5828391,873;13,27008448;52,52848004
2020;4;6;2;3;5;2;0;0;1;0;1;0;0;0;801466,6474;5828625,394;13,44456169;52,52414576
2020;4;18;2;3;5;2;1;0;1;0;1;0;0;0;799174,5995;5819063,45;13,40229811;52,43969863
2020;4;18;2;3;5;3;0;1;1;0;0;0;0;0;807546,3716;5831668,483;13,53670962;52,5480227
2020;3;11;7;3;0;1;0;1;0;0;0;0;0;0;785047,0605;5821462,188;13,19708216;52,46875318
2020;4;17;5;3;2;6;0;0;1;0;1;0;0;0;797083,8674;5828992,63;13,38048064;52,52984337
2020;4;2;2;3;8;1;2;0;1;0;0;0;0;0;795157,5448;5830614,472;13,35360712;52,54542829
2020;4;19;4;2;5;3;1;0;1;0;0;0;0;0;800213,601;5826108,907;13,42387765;52,50228099
2020;4;15;6;3;2;6;0;0;1;0;1;0;0;0;794425,4485;5829907,683;13,34221595;52,53948855
2020;4;11;7;3;0;2;0;1;1;0;0;0;0;0;787649,8886;5818150,111;13,23244056;52,43769378
2020;4;18;2;3;5;7;0;0;1;0;1;0;0;0;795319,9311;5836371,469;13,36112128;52,59694636
2020;4;10;1;3;1;5;0;1;1;0;0;0;0;0;790975,8604;5818625,543;13,28164485;52,44019674
2020;4;9;7;3;5;3;0;0;1;0;0;0;0;0;789453,4208;5826661,624;13,26628517;52,51305085
2020;4;2;2;2;5;3;2;1;1;0;0;0;0;0;797801,6081;5824910,423;13,38737724;52,49285972
2020;4;17;2;3;2;6;0;0;1;0;0;0;0;0;803465,5696;5831765,92;13,47680259;52,55118452
2020;4;16;2;3;0;6;0;0;1;0;0;0;1;0;785448,6753;5829251,57;13,20965643;52,53838268
2020;4;17;2;3;5;7;0;1;1;0;0;0;0;0;791932,0421;5828573,233;13,30438409;52,52886707
2020;4;15;2;3;1;5;0;0;1;0;0;0;0;0;789914,8722;5818894,558;13,26631312;52,44317207
2020;4;15;2;3;5;2;0;1;0;0;0;1;0;0;806554,9536;5822318,83;13,51352528;52,46478781
2020;3;13;7;3;0;2;0;0;0;0;1;0;1;0;799113,834;5828309,341;13,4097017;52,52260864
2020;4;11;5;3;2;2;0;0;1;0;0;0;1;0;812400,3633;5824665,78;13,60148889;52,48250899
2020;4;14;2;3;8;1;0;0;1;0;0;0;0;0;789494,3745;5819660,738;13,26080772;52,45026397
2020;4;15;4;3;5;2;0;0;1;0;0;0;0;0;793981,94;5826174,861;13,33239581;52,50626539
2020;4;19;6;3;5;3;0;1;1;0;0;0;0;0;794053,3612;5828530,044;13,33552666;52,52733977
2020;4;13;2;2;5;2;0;0;1;0;1;0;0;0;802359,9734;5825338,753;13,45470346;52,49419303
2020;4;19;1;3;5;3;1;0;1;0;1;0;0;0;800812,6862;5826156,163;13,43271964;52,50237464
2020;3;15;7;2;5;3;0;1;1;0;0;0;0;0;790166,551;5819757,978;13,27075556;52,45077939
2020;4;17;1;3;3;6;0;1;1;0;0;0;0;0;804457,6726;5821727,937;13,48221021;52,46066442
2020;3;16;7;3;5;3;0;1;0;0;0;0;0;0;784769,6398;5826817,377;13,19758669;52,51691298
2020;4;14;1;3;5;3;0;1;0;0;1;0;0;0;789613,0354;5823370,986;13,26576926;52,48346473
2020;4;17;5;3;5;2;0;1;1;0;0;0;0;0;795946,6745;5828332,571;13,36317826;52,52454513
2020;3;18;7;3;1;5;0;0;1;0;0;0;0;0;800279,3606;5821515,443;13,42070639;52,46107164
2020;4;14;1;3;0;3;0;0;1;0;1;0;0;0;792333,4364;5828249,571;13,30999969;52,52575043
2020;4;18;3;3;5;3;0;1;1;0;0;0;0;0;802628,8923;5819291,19;13,45316785;52,43983943
2020;4;7;7;3;0;1;0;0;0;0;1;0;0;0;794098,4028;5817424,4;13,32639426;52,42775864
2020;3;18;7;2;0;6;1;1;0;0;0;0;1;0;781834,1351;5813445,274;13,14315123;52,3985347
2020;4;13;1;3;5;2;0;1;1;0;0;0;0;0;781668,1168;5813210,633;13,14052029;52,39651611
2020;4;11;3;3;6;2;0;0;1;1;0;0;0;0;799184,1028;5830843,449;13,41301535;52,54528451
2020;4;8;5;3;6;4;0;0;1;1;0;0;0;0;805508,5865;5834600,482;13,50945046;52,57544662
2020;4;12;1;3;1;3;0;1;1;0;0;0;1;0;813234,1247;5826400,543;13,61535706;52,49757667
2020;4;15;1;3;0;1;0;1;0;0;0;0;0;0;798556,8736;5829215,31;13,40233049;52,53103465
2020;4;12;1;3;2;6;0;0;1;0;0;0;0;0;793340,8289;5829719,525;13,32610341;52,53838676