UJAHR;UMONAT;USTUNDE;UWOCHENTAG;UKATEGORIE;UART;UTYP1;ULICHTVERH;IstRad;IstPKW;IstFuss;IstKrad;IstGkfz;IstSonstige;USTRZUSTAND;LINREFX;LINREFY;XGCSWGS84;YGCSWGS84
2020;4;7;7;2;5;2;0;0;1;0;0;0;0;0;812081,8938;5831805,77;13,60351045;52,54667384
2020;4;10;5;2;1;5;0;0;1;0;1;0;0;0;794430,2213;5817347,067;13,33119233;52,4268869
2020;4;16;3;3;6;4;0;1;0;1;0;0;0;0;801398,0607;5833328,584;13,44782147;52,56633861
2020;4;13;6;2;5;2;0;0;1;0;1;0;0;0;779733,6793;5827861,793;13,12444454;52,5288847
2020;4;13;5;2;5;3;0;1;1;0;0;0;0;1;795215,4191;5828698,462;13,35275597;52,52822149
2020;4;16;5;3;3;6;0;0;1;0;0;0;0;0;793102,5126;5816600,482;13,31106719;52,42090677
2020;4;14;5;3;1;1;0;0;1;0;0;0;0;0;794188,4728;5820823,582;13,33070782;52,45818253
2020;4;10;2;3;5;3;0;0;1;0;1;0;0;0;793020,2867;5820148,128;13,31297138;52,45275482
2020;4;20;3;3;0;1;2;1;0;0;0;0;0;1;806948,8465;5821957,018;13,51897241;52,46132402
2020;4;13;6;3;5;3;0;0;1;0;0;0;0;0;807368,1837;5833140,095;13,53545256;52,56131177
2020;4;16;5;3;0;4;0;1;0;1;0;0;0;0;803062,188;5829555,145;13,46885485;52,53159445
2020;4;18;6;3;2;6;0;0;1;0;0;0;0;0;800450,0272;5823688,171;13,42516754;52,48045292
2020;4;15;2;2;5;3;0;0;1;0;0;0;0;0;800145,1645;5825897,952;13,42268231;52,50042777
2020;4;15;4;2;1;5;0;0;1;0;0;0;0;0;800988,5812;5824868,461;13,43413963;52,49073563
2020;4;17;4;3;2;2;0;0;1;0;1;0;0;1;793267,3313;5819089,625;13,31566716;52,44313312
2020;4;13;2;3;0;7;0;1;0;0;0;0;0;0;812985,8454;5827540,318;13,61278291;52,50793268
2020;4;15;4;3;5;3;0;1;1;0;0;0;0;0;797837,6959;5824927,691;13,38792265;52,49299481
2020;4;18;1;2;5;2;0;0;1;0;1;0;0;0;798625,2113;5826779,818;13,40114851;52,5091664
2020;4;18;7;3;2;6;0;0;1;0;1;0;0;0;803563,6626;5826263,027;13,47322131;52,50180902
2020;4;14;4;3;2;6;0;0;1;0;0;0;0;0;806834,991;5826406,159;13,52139628;52,50126225
2020;4;14;6;2;1;5;0;1;1;0;0;0;0;0;790931,5893;5825029,062;13,2865793;52,4976285
2020;4;14;3;3;2;6;0;1;0;0;0;0;0;0;794965,6665;5832108,681;13,35211325;52,55892655
2020;4;8;5;2;5;2;0;1;0;0;0;0;1;0;797768,9529;5824598,14;13,3866186;52,49007828
2020;4;19;5;3;6;4;0;0;1;1;0;0;0;0;797664,1443;5830663,431;13,39050612;52,54450345
2020;4;13;5;3;5;2;0;0;1;0;1;0;0;0;797254,0225;5820955,747;13,37581084;52,45770856
2020;4;10;2;3;5;3;0;0;1;0;0;0;0;0;794895,9367;5830229,114;13,34941835;52,54211552
2020;4;22;4;2;9;1;2;0;1;0;0;0;0;1;805147,069;5821478,417;13,49209755;52,45804357
2020;4;8;2;3;3;6;0;1;0;0;0;0;1;0;789566,107;5817328,505;13,25983959;52,42931655
2020;4;14;4;3;1;5;0;1;1;0;0;0;0;0;800432,4412;5823761,633;13,42497556;52,48112107
2020;4;15;7;3;1;5;0;1;1;0;0;0;0;0;800506,1029;5825140,91;13,42730059;52,4934435
2020;4;18;4;3;0;5;0;1;1;0;0;0;0;0;799510,4834;5834222,174;13,42086333;52,57538987
2020;4;16;2;3;1;5;0;1;1;0;0;0;0;0;795382,4409;5830399,271;13,35672257;52,54337731
2020;4;13;4;2;8;1;0;0;0;0;1;0;0;0;803106,4313;5829562,594;13,46951188;52,53163661
2020;4;1;1;3;0;1;2;0;0;0;1;0;0;0;797365,9202;5823623,292;13,37983043;52,4815595
2020;4;17;7;3;5;2;0;1;1;0;0;0;0;0;796399,979;5834692,328;13,37551805;52,58130724
2020;4;13;4;3;0;3;0;0;1;0;1;0;0;0;802033,381;5822156,648;13,44702507;52,46585228
2020;4;12;6;3;5;2;0;1;1;0;0;0;0;0;803792,0754;5827707,433;13,47789414;52,51462771
2020;4;12;2;3;5;2;0;1;1;0;0;0;0;0;796171,5097;5826735,257;13,36506063;52,51010463
2020;4;20;5;3;1;5;1;0;0;0;0;0;1;0;801743,9946;5826564,65;13,44676858;52,50552176
2020;4;18;5;3;5;2;0;1;1;0;0;0;0;0;803012,1476;5825739,391;13,46464478;52,49742226
2020;4;17;5;3;5;2;0;1;1;0;0;0;0;0;799727,2583;5827762,843;13,41822354;52,51737332
2020;4;8;2;2;3;6;0;1;1;0;0;0;0;0;799762,0902;5825710,301;13,416887;52,49895632
2020;4;16;4;3;1;5;0;1;1;0;0;0;0;0;796705,3377;5829720,986;13,37556711;52,53657845
2020;4;14;2;2;2;2;0;0;1;0;0;0;0;0;795950,5192;5828334,817;13,36323677;52,52456318
2020;4;13;4;3;5;2;0;1;0;0;0;0;1;0;799233,0457;5831604,617;13,41442081;52,55208031
2020;4;15;7;3;5;3;0;0;1;0;0;0;0;0;805212,2181;5833664,107;13,50422891;52,56722084
2020;4;10;5;3;5;3;0;1;1;0;0;0;0;0;804400,1152;5821751,08;13,48138677;52,4609039
2020;4;21;3;3;5;3;2;0;1;0;0;0;0;0;812256,3128;5820069,804;13,59507525;52,44140545
2020;4;13;6;3;5;3;0;1;1;0;0;0;0;0;807663,522;5833599,355;13,54022147;52,5652608
2020;4;11;4;3;2;6;0;0;1;0;1;0;0;0;790347,7849;5827463,928;13,28012756;52,51976822
2020;4;18;6;3;0;1;0;1;1;0;0;0;0;0;807250,4634;5824261,954;13,52552067;52,48181181
2020;4;18;2;3;5;3;0;1;1;0;0;0;0;0;801083,344;5817441,939;13,42883403;52,42411688
2020;4;17;5;2;5;3;0;1;0;0;0;0;1;0;806699,3892;5829159,021;13,52194195;52,52601011
2020;4;9;4;3;2;6;0;0;1;0;0;0;1;0;794916,8218;5830255,592;13,34974892;52,54234157
2020;4;14;7;3;3;6;0;1;1;0;0;0;0;0;793483,7349;5832435,704;13,33060516;52,56265884
2020;4;11;4;3;3;6;0;0;1;0;1;0;0;0;790361,7558;5825549,874;13,27866294;52,50260111
2020;4;10;6;3;5;7;0;0;1;0;1;0;0;0;801009,1433;5823876,922;13,43354612;52,48183686
2020;4;19;2;3;5;3;0;1;1;0;0;0;0;0;796504,8633;5817652,332;13,36188614;52,42850304
2020;4;17;5;3;5;3;0;0;1;0;1;0;0;0;788945,843;5829965,502;13,26169774;52,5429402
2020;4;22;2;3;0;1;2;1;0;0;0;0;0;0;793497,1496;5825728,63;13,32488026;52,50252615
2020;4;15;4;2;5;3;0;1;1;0;0;0;0;0;812630,343;5825283,015;13,60544335;52,48790852
2020;4;18;2;2;5;2;0;0;1;0;0;0;0;0;792767,4539;5817962,698;13,30734656;52,43329824
2020;4;11;4;3;2;6;0;0;1;0;0;0;0;0;781603,7866;5830695,409;13,15434124;52,55332943
2020;4;13;7;3;5;2;0;1;1;0;0;0;0;0;803741,257;5839258,6;13,48772357;52,61818414
2020;4;10;5;3;5;2;0;1;1;0;0;0;0;0;792286,5411;5827242,727;13,30842564;52,51674949
2020;4;10;3;3;5;3;0;1;0;0;1;0;0;0;790842,8047;5826549,178;13,28660305;52,5113037
2020;4;12;6;3;2;6;0;0;1;0;0;0;0;0;798243,3019;5833453,975;13,40152862;52,5692
2020;4;16;5;3;1;5;0;1;1;0;0;0;0;0;799487,3755;5833942,278;13,42027055;52,5728938
2020;4;15;6;3;2;1;0;1;1;0;0;0;0;0;791444,1818;5827463,498;13,29624031;52,51917949
2020;4;15;2;2;5;3;0;0;1;0;1;0;0;0;802654,8609;5829616,392;13,46292411;52,53236971
2020;4;17;4;2;0;1;0;0;0;0;1;0;0;1;807134,1945;5832516,736;13,53143479;52,55585726
2020;4;18;5;3;2;7;0;0;1;0;1;0;0;0;793424,9133;5833862,236;13,3310019;52,57547854
2020;4;6;3;3;2;2;0;0;1;0;0;0;1;0;807853,3144;5818113,851;13,52870239;52,42637218
2020;4;13;1;3;0;7;0;1;1;0;0;0;0;0;796297,3884;5830965,265;13,37067982;52,54795407
2020;4;13;1;3;5;3;0;0;1;0;0;0;0;0;797878,8008;5836018,239;13,39847097;52,59238456
2020;4;10;3;3;0;1;0;1;0;0;0;0;0;0;801201,5487;5827476,798;13,43962612;52,51399722
2020;4;12;2;3;2;6;0;0;1;0;0;1;0;0;791503,43;5825693,266;13,2955605;52,50327789
2020;4;12;4;3;0;3;0;0;1;0;0;0;1;0;797066,2358;5828286,302;13,37959046;52,52352155
2020;4;16;1;3;2;6;0;0;1;0;0;0;0;0;796625,3846;5831744,14;13,37619858;52,55475732
2020;4;10;4;2;0;1;0;1;0;0;0;0;0;0;811049,9597;5818047,037;13,57550284;52,42396568
2020;4;18;7;3;5;3;0;1;1;0;0;0;0;0;795433,0068;5826181,756;13,35371931;52,50554339
2020;4;9;5;3;5;2;0;1;1;0;0;0;0;0;799730,7703;5827546,009;13,41807981;52,51542781
2020;4;19;3;3;6;4;0;1;0;1;0;0;0;0;801467,7486;5827276;13,44335512;52,51205038
2020;4;12;6;3;3;6;0;1;1;0;0;0;0;0;797012,9116;5828951,602;13,37940107;52,52951427
2020;4;16;5;3;5;2;0;1;0;0;0;0;1;0;793274,9342;5832571,391;13,32765362;52,56398771
2020;4;14;2;3;5;2;0;1;0;0;0;0;0;0;789731,7372;5827431,037;13,27104497;52,51980101
2020;4;9;4;3;5;3;0;1;1;0;0;0;0;0;807667,6861;5833597,482;13,54028097;52,56524166
2020;4;5;4;3;2;2;0;0;1;0;1;0;0;1;792039,6209;5824075,318;13,30201909;52,48848652
2020;4;18;2;3;1;3;0;1;1;0;0;0;0;0;795787,9771;5818434,446;13,35206497;52,43590224
2020;4;7;4;3;5;2;0;1;1;0;0;0;0;0;796970,3211;5826730,348;13,37679208;52,50962635
2020;4;13;1;3;5;2;0;0;1;0;0;0;0;0;799730,882;5827547,138;13,41808246;52,51543786
2020;4;3;7;3;0;1;2;1;0;0;0;0;0;0;797895,8906;5820803,685;13,38509395;52,45599601
2020;4;7;4;3;5;2;0;0;1;0;1;0;0;0;800312,8292;5827614,124;13,42669313;52,51571817
2020;4;13;6;3;6;2;0;0;1;1;0;0;0;0;797224,505;5819538,169;13,37411616;52,44501737
2020;4;14;3;3;2;7;0;0;1;1;0;0;0;0;790668,5708;5823332,707;13,28123602;52,48256067
2020;4;7;5;3;0;7;0;0;0;0;1;1;0;1;798177,6439;5824316,501;13,39236808;52,48733065
2020;4;18;5;3;5;2;0;1;1;0;0;0;0;0;793540,8226;5835454,272;13,33411751;52,58968759
2020;4;12;5;3;0;1;0;1;0;0;0;0;0;0;800184,0496;5820492,87;13,41838841;52,45195816
2020;4;14;3;3;0;6;0;1;0;0;0;0;1;0;804502,4229;5841573,958;13,50106493;52,63850899
2020;4;12;6;3;2;3;0;1;0;0;0;0;0;0;794952,8529;5819448,249;13,3407105;52,44544144
2020;4;16;3;3;5;3;0;1;1;0;0;0;0;0;797522,3893;5831850,968;13,38948594;52,55522563
2020;4;12;6;3;5;2;0;1;1;0;0;0;0;0;790880,0814;5827048,891;13,2875876;52,51576374
2020;4;12;5;3;5;2;0;1;1;0;0;0;0;1;782219,6728;5820361,895;13,15464017;52,46035533
2020;4;13;5;2;9;1;0;0;0;0;1;0;0;0;796576,6481;5827869,882;13,37202411;52,52005529
2020;4;14;2;3;5;3;0;0;1;0;1;0;0;0;791831,7817;5833968,504;13,307653;52,57728785
2020;4;18;4;3;5;2;0;1;0;0;0;0;1;1;797835,902;5822577,683;13,38579685;52,47193066
2020;4;15;2;3;5;2;0;1;1;0;0;0;0;0;791710,2829;5819380,014;13,29307749;52,44656935
2020;4;19;3;3;1;5;0;1;1;0;0;0;0;0;799684,2016;5834985,926;13,4241096;52,58213995
2020;4;17;1;3;2;6;0;0;1;0;0;0;0;0;790670,1288;5822717,861;13,28072289;52,47704768
2020;4;17;7;3;1;5;0;1;1;0;0;0;0;0;784705,2705;5827674,988;13,19737472;52,52463595
2020;4;18;3;2;5;3;0;1;1;0;0;0;0;0;794720,1045;5816715,308;13,3348868;52,42106739
2020;4;11;6;3;5;7;0;0;1;0;0;0;0;0;807740,8044;5833564,597;13,5413258;52,56490563
2020;4;21;2;2;0;1;2;0;0;0;1;0;0;0;810770,9701;5820317,279;13,5735233;52,4444693
2020;4;17;5;3;5;3;0;1;1;0;0;0;0;0;797157,6352;5826452,467;13,37929592;52,50703345
2020;4;8;2;3;5;2;0;1;0;0;0;1;0;0;788107,2292;5827862,378;13,24754284;52,52452892
2020;4;16;4;3;5;2;0;0;1;0;0;0;0;0;791390,6072;5828585,558;13,29643614;52,52926725
2020;4;20;2;2;3;6;1;0;1;0;1;0;0;0;805309,7106;5830021,377;13,50231352;52,53451884
2020;4;18;3;3;2;2;0;0;1;0;1;0;0;0;807656,8187;5833605,325;13,54012842;52,5653181
2020;4;9;2;3;5;2;0;1;1;0;0;0;0;0;801442,073;5818563,137;13,43510426;52,43396909
2020;4;21;4;3;5;3;2;0;1;0;0;0;0;0;795531,9547;5819963,24;13,34966188;52,44974531
2020;4;15;2;3;2;2;0;0;1;0;0;0;0;0;792921,1549;5837070,959;13,32642666;52,60451429
2020;4;18;3;3;5;7;0;0;1;0;0;0;1;0;792822,7787;5816439,889;13,30682483;52,41961682
2020;4;21;7;2;5;2;2;0;1;0;0;0;0;0;799790,0233;5813976,983;13,40676857;52,39376811
2020;4;7;4;3;1;5;0;1;1;0;0;0;0;1;794674,9797;5823492,599;13,34020479;52,48184669
2020;4;10;6;3;5;7;0;0;1;0;1;0;0;0;807960,6769;5819011,078;13,53110264;52,43435288
2020;4;17;3;2;5;3;0;1;1;0;0;0;0;0;795323,3935;5820992,619;13,34751224;52,45908575
2020;4;19;6;3;5;2;0;1;1;0;0;0;0;0;795064,5525;5831487,957;13,35301592;52,55330872
2020;4;18;2;3;5;2;0;1;1;0;0;0;0;0;798411,9276;5831802,081;13,40252371;52,55430076
2020;4;16;5;3;5;3;0;1;1;0;0;0;0;1;809450,9119;5834611,838;13,56745189;52,57332125
2020;4;17;5;2;1;5;0;0;1;0;0;0;0;0;784720,2679;5830098,856;13,19967186;52,5463605
2020;4;12;2;3;1;5;0;0;1;0;1;0;0;0;792566,6653;5833272,933;13,31785325;52,57065778
2020;4;14;4;3;1;5;0;1;1;0;0;0;0;0;789557,3222;5817916,331;13,26021981;52,43459131
2020;4;21;1;2;5;2;2;0;1;0;0;0;0;0;792935,9392;5817749,196;13,30963073;52,43129403
2020;4;17;3;3;2;6;0;0;1;0;0;0;0;0;790889,933;5824731,465;13,28570752;52,49498273
2020;4;12;7;3;1;5;0;1;1;0;0;0;0;0;793660,1833;5825431,589;13,32701328;52,49977559
2020;4;7;5;3;4;6;0;1;1;0;0;0;0;0;810755,8434;5825978,469;13,5785742;52,49521096
2020;4;22;3;3;6;2;2;0;0;1;0;0;1;0;801980,6698;5826926,712;13,45057343;52,50863599
2020;4;9;6;3;3;6;0;1;0;0;0;0;0;0;799272,3944;5824566,579;13,40866734;52,48897325
2020;4;17;6;3;2;6;0;0;1;0;0;0;0;0;793545,7404;5829012,865;13,32849184;52,53194159
2020;4;14;7;3;5;2;0;1;1;0;0;0;0;0;812067,0661;5821203,944;13,59335939;52,45167693
2020;4;7;5;3;5;2;0;1;1;0;0;0;0;0;796394,8067;5815912,813;13,35873123;52,41296915
2020;4;12;3;2;2;6;0;0;1;0;1;0;0;0;795483,9149;5822744,162;13,35141894;52,47470036
2020;4;8;6;2;6;4;0;0;1;1;0;0;0;0;801069,6481;5831181,523;13,44104339;52,54727605
2020;4;17;6;3;5;3;0;1;1;0;0;0;0;0;795264,3929;5826626,177;13,35163648;52,50961856
2020;4;17;2;3;5;3;0;1;1;0;0;0;0;0;796317,3031;5832460,459;13,37230729;52,56134606
2020;4;10;4;3;0;2;0;1;0;0;0;0;1;0;804145,0127;5829822,08;13,48501299;52,53338379
2020;4;8;3;3;0;7;0;0;1;0;0;0;1;0;797803,7566;5829122,25;13,39117763;52,53061244
2020;4;22;1;3;1;5;2;0;1;0;0;0;0;0;804294,2397;5823135,319;13,48109553;52,47336944
2020;4;11;4;3;5;2;0;0;1;0;0;0;1;0;792950,1106;5817757,837;13,30984615;52,43136391
2020;4;18;1;3;5;3;0;0;1;0;1;0;0;0;806623,2707;5827334,778;13,51914221;52,50970373
2020;4;16;3;3;5;2;0;0;1;0;1;0;0;0;793944,503;5835295,312;13,33991821;52,58804464
2020;4;9;7;3;5;2;0;0;1;0;0;0;0;0;800071,8602;5833884,802;13,42881723;52,5720567
2020;4;14;4;3;0;7;0;1;0;0;0;0;0;0;799954,084;5825469,135;13,41948964;52,49668915
2020;4;17;3;3;5;2;0;1;1;0;0;0;0;0;803887,6532;5826860,145;13,47852468;52,50698049
2020;4;8;6;3;5;3;0;1;1;0;0;0;0;0;804919,5305;5829938,668;13,49650304;52,53399598
2020;4;14;5;3;5;3;0;0;1;0;0;0;1;0;796917,6175;5828138,219;13,37727416;52,52227509
2020;4;17;5;3;5;2;0;0;1;0;1;0;0;0;792144,0637;5827324,525;13,30640374;52,51755913
2020;4;11;2;3;5;2;0;1;1;0;0;0;0;0;800544,4167;5825153,244;13,42787435;52,49353296
2020;4;18;4;3;2;6;1;0;1;0;0;0;0;1;785958,0743;5830415,703;13,21814888;52,54855294
2020;4;17;2;3;6;4;0;0;1;1;0;0;0;0;803268,9998;5823463,52;13,46634598;52,47688125
2020;4;16;3;3;3;6;0;0;1;0;1;0;0;0;794142,1808;5833882,983;13,34157429;52,57527733
2020;4;1;1;3;9;1;2;0;1;0;0;0;0;0;795527,166;5823819,656;13,3530071;52,48431798
2020;4;15;2;3;6;4;0;0;1;1;0;0;0;0;789503,0826;5826794,37;13,26713043;52,5142146
2020;4;16;3;3;1;5;0;0;1;0;0;0;1;0;807045,9715;5827808,27;13,52578787;52,51370948
2020;4;17;4;3;5;2;0;0;1;0;1;0;0;1;797278,5432;5836374,724;13,38995588;52,59590839
2020;4;6;3;3;9;1;0;0;1;0;0;0;0;0;799348,2963;5837715,404;13,42163386;52,60678994
2020;4;16;3;2;0;3;0;0;0;0;1;0;1;0;809569,3411;5828034,69;13,56306475;52,51431237
2020;4;19;1;2;6;7;0;0;0;1;1;0;0;0;803108,088;5822334,318;13,46295799;52,4668496
2020;4;2;1;3;0;1;2;1;0;0;0;0;0;0;799016,9677;5827870,955;13,40788416;52,51873228
2020;4;16;3;3;5;2;0;1;1;0;0;1;0;0;801370,7987;5819267,247;13,43469382;52,44031954
2020;4;7;6;3;5;3;0;1;1;0;0;0;0;0;802259,5409;5821610,163;13,44984916;52,460829
2020;4;15;3;3;2;6;0;0;1;0;0;0;0;0;797675,5588;5830716,097;13,39072114;52,54496929
2020;4;8;6;3;0;1;0;1;0;0;0;0;0;0;801648,356;5831110,865;13,44948772;52,54632263
2020;4;9;5;3;0;1;0;1;0;0;0;0;0;0;804569,1621;5831032,332;13,49235603;52,54399383
2020;4;13;5;3;3;6;0;1;1;0;0;0;0;0;798491,2126;5829067,667;13,40123284;52,52974719
2020;4;14;2;3;3;5;0;0;1;0;1;0;0;0;798189,8225;5824980,644;13,39314122;52,49327722
2020;4;14;4;3;2;3;0;0;1;0;1;0;0;0;795293,2516;5826169,231;13,35165512;52,50550677
2020;4;10;2;3;5;2;0;0;1;0;0;0;0;0;799731,2741;5827550,046;13,41809084;52,51546372
2020;4;15;3;2;5;3;0;1;0;0;1;0;0;0;798176,4687;5824842,093;13,39282112;52,49204258
2020;4;15;1;2;5;3;0;0;1;0;1;0;0;0;794030,7203;5823089,255;13,33038941;52,4785782
2020;4;14;7;3;2;6;0;0;1;0;1;0;1;0;787515,0067;5829899,111;13,24059968;52,54310191
2020;4;15;3;3;5;2;0;1;1;0;0;0;0;0;796685,4176;5824819,925;13,3709044;52,49265632
2020;4;10;6;3;5;2;0;1;0;0;0;0;1;0;801470,0657;5826032,482;13,4422631;52,50090328
2020;4;16;7;3;1;5;0;1;1;0;0;0;0;0;793874,7143;5830235,091;13,33440856;52,54272086
2020;4;15;3;3;5;2;0;0;1;0;0;0;1;0;805546,882;5818559,479;13,49529434;52,43165899
2020;4;13;6;3;5;2;0;1;0;0;0;1;0;0;792081,322;5832942,495;13,31042136;52,56795618
2020;4;19;3;3;1;5;0;1;0;0;0;0;1;0;802164,6169;5824938,326;13,45147156;52,49071216
2020;4;20;5;3;3;6;1;1;0;0;0;0;0;1;801262,5649;5824587,69;13,43790897;52,48806789
2020;4;11;5;3;5;3;0;1;0;0;0;0;1;0;790947,1343;5818105,229;13,28077052;52,43554732
2020;4;14;2;3;5;3;0;0;1;0;0;0;0;0;797744,9205;5815400,623;13,37806749;52,40764517
2020;4;7;4;3;6;2;0;0;1;1;0;0;0;0;792944,0298;5821915,576;13,31340353;52,46864047
2020;4;20;2;3;5;2;1;0;1;0;0;0;0;0;805016,4709;5822703,253;13,49130077;52,46909421
2020;4;15;3;3;1;5;0;0;1;0;0;0;0;0;801458,1132;5823633,243;13,4399171;52,47940504
2020;4;16;7;3;0;1;0;0;0;0;1;0;0;0;782020,6019;5815648,8;13,14774073;52,41819722
2020;4;8;3;3;3;6;0;0;1;0;0;0;0;0;791236,2418;5828955,961;13,29449155;52,53267036
2020;4;8;6;3;5;3;0;1;1;0;0;0;0;0;793978,1507;5825543,667;13,33178286;52,50060911
2020;4;14;3;3;5;2;0;1;0;0;0;0;1;0;792266,4735;5833931,572;13,31401705;52,57672347
2020;4;18;6;3;1;5;0;0;1;0;1;0;0;0;791074,4739;5827430,332;13,29077796;52,51907962
2020;4;17;2;3;2;7;0;0;1;0;1;0;0;0;800376,834;5823626,841;13,42403776;52,47994346
2020;4;16;5;3;5;3;0;1;1;0;0;0;0;0;803198,9008;5828285,08;13,4697061;52,5201351
2020;4;11;3;3;2;2;0;0;1;0;0;0;0;0;804907,5328;5826255,789;13,49295154;52,50099492
2020;4;12;2;3;5;2;0;0;1;0;0;0;0;0;803662,2124;5822279,683;13,47104024;52,46605222
2020;4;13;4;3;2;6;0;1;1;0;0;0;0;0;794005,3303;5821605,066;13,32870852;52,46528676
2020;4;19;2;3;2;2;0;1;1;0;0;0;0;0;797201,9517;5827496,533;13,38087932;52,5163682
2020;4;17;5;2;8;1;0;1;0;0;0;0;0;0;796044,0254;5820811,138;13,35792658;52,45706902
2020;4;8;2;3;0;2;0;1;1;0;0;0;0;0;790945,2785;5826751,364;13,28828553;52,51306164
2020;4;15;4;3;5;3;0;0;1;0;1;0;0;0;801152,8326;5831129,121;13,44221891;52,54676038
2020;4;18;2;3;1;5;0;0;1;0;0;0;0;0;802241,6279;5819087,086;13,44730336;52,43822416
2020;4;12;3;3;1;5;0;1;1;0;0;0;0;0;800019,4467;5825498,591;13,4204761;52,49691726
2020;4;13;7;3;0;2;0;0;1;0;0;0;1;0;793646,0678;5836127,085;13,3362631;52,59566208
2020;4;12;4;3;0;2;0;1;1;0;0;0;0;0;800546,1033;5820558,8;13,42375955;52,45235019
2020;4;10;3;3;2;6;0;0;1;0;0;0;0;0;811119,382;5820270,894;13,57858982;52,4438555
2020;4;8;6;3;5;2;0;0;1;0;0;0;0;0;792439,5283;5824108,623;13,30792125;52,48857102
2020;4;15;5;3;4;6;0;1;0;0;0;0;0;0;795048,4161;5828276,241;13,34992669;52,52452701
2020;4;8;6;3;2;6;0;0;1;0;0;0;0;0;793930,6811;5815475,91;13,32222301;52,41038111
2020;4;16;2;3;5;2;0;1;1;0;0;0;0;0;797160,1669;5827687,541;13,38043596;52,51810314
2020;4;17;4;3;0;1;0;1;0;0;0;0;0;1;784950,0763;5817740,417;13,19248267;52,43543376
2020;4;15;5;3;5;2;0;1;1;0;0;0;0;0;810003,7842;5819362,632;13,56138629;52,43634943
2020;4;19;3;3;2;2;0;1;1;0;0;0;0;0;802354,6184;5824745,953;13,45408692;52,48888271
2020;4;10;1;3;0;1;0;1;0;0;0;0;0;0;799582,9143;5819560,685;13,40873284;52,44393215
2020;4;18;1;3;0;1;0;1;0;0;0;0;0;0;798309,0176;5824460,692;13,39442619;52,48855137
2020;4;12;3;3;1;5;0;0;1;0;0;0;0;0;793458,4389;5837804,553;13,33498817;52,61080069
2020;4;21;6;3;5;2;2;1;1;0;0;0;0;0;801991,6831;5823302,276;13,44745018;52,47614375
2020;4;7;6;3;5;7;0;0;1;0;0;0;0;0;794865,9534;5821509,097;13,34125544;52,46396269
2020;4;16;3;3;5;7;0;1;0;0;0;0;1;0;806051,2674;5832677,429;13,51565956;52,55790704
2020;5;16;1;3;6;4;0;1;0;1;0;0;0;0;800327,798;5826549,361;13,42595226;52,5061661
2020;5;19;7;2;5;3;0;0;1;0;0;0;0;0;797424,7787;5820799,365;13,37817723;52,45621385
2020;5;12;6;3;2;6;0;0;1;0;0;0;0;0;783805,1137;5826333,149;13,1829975;52,51307412
2020;5;17;2;3;5;3;0;0;1;0;0;0;0;1;802665,0296;5827243,86;13,4609147;52,51109932
2020;5;9;2;3;5;3;0;1;1;0;0;0;0;1;810932,7429;5821586,156;13,57707693;52,45574848
2020;5;8;6;3;0;1;0;0;1;0;0;0;0;0;794308,3617;5835479,53;13,34543723;52,58949927
2020;5;13;6;3;5;3;0;0;0;0;1;0;1;0;795332,894;5830379,147;13,35597618;52,54322377
2020;5;2;6;3;5;3;2;0;1;0;0;0;1;0;797877,5819;5827467,335;13,39078051;52,51573788
2020;5;20;5;3;0;1;1;1;0;0;0;0;0;0;798881,4705;5828574,678;13,40652554;52,52511443
2020;5;13;1;3;0;2;0;1;1;0;0;0;0;0;800250,8343;5821580,434;13,42034624;52,46166986
2020;5;16;4;3;0;1;0;1;0;0;0;0;0;0;804592,9018;5831060,192;13,49273056;52,54423026
2020;5;15;1;3;0;7;0;0;0;1;1;0;0;0;812407,8114;5831289,291;13,60781545;52,54185887
2020;5;8;5;2;5;3;0;0;1;0;1;0;0;0;802074,5785;5822682,06;13,44810533;52,47053884
2020;5;15;3;3;7;7;0;0;1;0;0;0;0;0;821235,7408;5819450,968;13,72613806;52,43066088
2020;5;20;1;3;5;3;0;0;1;0;0;0;0;1;795487,5347;5824675,181;13,35318372;52,49200858
2020;5;17;6;2;0;7;0;1;0;0;0;0;0;0;797733,8624;5819137,554;13,38123141;52,44114916
2020;5;11;5;3;6;4;0;0;1;1;0;0;0;0;804923,9395;5833089,752;13,499461;52,56223481
2020;5;20;5;3;5;3;0;1;1;0;0;0;0;0;804354,8259;5826851,525;13,48537882;52,50664282
2020;5;17;5;3;0;1;0;1;0;0;0;0;0;0;800653,1804;5825820,08;13,43007341;52,49945012
2020;5;17;5;3;2;6;0;0;1;0;0;0;0;0;793208,4578;5832608,018;13,32670809;52,56435185
2020;5;17;5;3;5;3;0;1;1;0;0;0;0;0;804395,587;5841005,239;13,49896704;52,63347188
2020;5;13;4;3;5;3;0;1;1;0;0;0;0;0;793850,5679;5830086,21;13,33392184;52,54139925
2020;5;10;6;3;2;2;0;0;1;0;0;0;0;0;792516,256;5817077,457;13,30288779;52,42549651
2020;5;16;5;3;5;2;0;1;1;0;0;0;0;0;794563,5909;5817695,466;13,33345502;52,42993837
2020;5;16;5;3;5;2;0;1;1;0;0;0;0;0;797160,0403;5827688,286;13,38043476;52,51810989
2020;5;16;4;3;5;7;0;0;1;0;1;0;0;0;793451,5307;5824372,478;13,32301538;52,49039333
2020;5;19;1;3;5;3;0;0;1;0;0;0;0;1;799721,3324;5830080,383;13,42022556;52,5381496