UJAHR;UMONAT;USTUNDE;UWOCHENTAG;UKATEGORIE;UART;UTYP1;ULICHTVERH;IstRad;IstPKW;IstFuss;IstKrad;IstGkfz;IstSonstige;USTRZUSTAND;LINREFX;LINREFY;XGCSWGS84;YGCSWGS84
2020;5;13;7;3;1;5;0;1;1;0;0;0;0;0;800723,6435;5822857,946;13,42843579;52,47286071
2020;5;7;4;3;0;2;0;1;1;0;0;0;0;0;794582,0359;5826069,503;13,34111862;52,50499725
2020;5;22;6;3;0;1;2;1;0;0;0;0;0;0;797801,3323;5824910,485;13,38737324;52,49286042
2020;5;18;7;2;5;3;1;0;1;0;0;0;1;0;809638,3939;5829695,582;13,56562517;52,52915744
2020;5;13;7;3;2;6;0;0;1;0;0;0;0;0;810436,0609;5821243,85;13,5694726;52,45296315
2020;5;14;2;3;5;3;0;1;1;0;0;0;0;1;800062,7935;5826416,979;13,4219402;52,50512531
2020;5;10;2;3;0;7;0;0;1;0;0;0;0;1;801613,5291;5836187,534;13,45359198;52,59184381
2020;5;12;7;3;5;3;0;1;1;0;0;0;0;1;799326,9125;5826235,581;13,41096761;52,50390356
2020;5;13;6;2;5;3;0;0;1;0;1;0;0;0;803446,6526;5830133,128;13,47503293;52,53656086
2020;5;12;7;3;6;7;0;1;0;1;0;0;0;0;794220,7;5817537,539;13,3282873;52,42870713
2020;5;9;7;3;0;3;0;1;0;0;0;0;1;0;805526,228;5825987,951;13,50179206;52,4982484
2020;5;14;2;3;0;1;0;0;0;0;1;0;0;1;797135,7883;5817017,07;13,37057409;52,42246618
2020;5;10;2;2;6;2;0;0;1;1;0;0;0;1;790372,2494;5834885,678;13,28697851;52,58629098
2020;5;13;7;3;2;6;0;0;1;0;0;0;0;1;806569,8286;5827988,214;13,51895915;52,51558999
2020;5;7;6;3;5;2;0;1;0;0;0;1;0;0;790608,3527;5834475,73;13,29009414;52,58248978
2020;5;14;7;3;0;6;0;0;1;0;1;0;0;1;799843,3279;5830802,774;13,42267086;52,54455753
2020;5;11;7;2;5;3;0;0;1;0;0;0;0;1;794828,6372;5823178,153;13,34218287;52,47894493
2020;5;14;5;3;0;1;0;1;0;0;0;0;0;0;799609,9813;5828510,543;13,41717383;52,52413971
2020;5;15;7;3;2;6;0;0;1;0;0;0;0;1;808616,4089;5819192,284;13,540885;52,4356073
2020;5;13;3;3;5;3;0;1;1;0;0;0;0;0;788987,2803;5816093,577;13,25028301;52,4185508
2020;5;21;6;3;2;7;2;0;1;0;0;0;0;0;785961,2445;5830417,55;13,21819709;52,54856784
2020;5;17;7;3;2;6;0;1;0;0;0;0;0;0;798278,28;5825307,329;13,39473277;52,49615722
2020;5;16;7;3;2;2;0;0;1;0;0;0;0;1;797996,4438;5820848,82;13,38660969;52,45634579
2020;5;18;1;3;0;2;0;1;1;0;0;0;0;0;810776,4892;5821266,276;13,57448708;52,45297071
2020;5;16;7;3;2;6;0;0;1;0;0;0;0;0;781474,3019;5828409,369;13,15049932;52,53289855
2020;5;11;6;2;5;3;0;0;1;0;0;0;0;0;798936,7218;5832601,053;13,41096078;52,56117453
2020;5;17;7;3;0;7;0;0;1;0;0;0;1;0;810319,0279;5831796,998;13,57758874;52,54760217
2020;5;18;7;3;5;3;0;0;1;0;0;0;0;1;795988,0384;5822763,411;13,35883664;52,47459997
2020;5;20;4;3;5;2;1;1;1;0;0;0;0;0;801644,6516;5823758,831;13,44276911;52,48042771
2020;5;20;6;2;0;1;1;1;0;0;0;0;0;0;781339,7863;5820475,392;13,14181958;52,46182675
2020;5;3;7;3;6;6;2;0;1;1;0;0;0;0;795760,5774;5836274,369;13,36752124;52,59583649
2020;5;14;6;3;2;6;0;0;1;0;0;0;0;0;811178,6551;5821572,76;13,58067183;52,45548849
2020;5;18;6;2;0;1;0;0;1;0;1;0;0;0;805050,9228;5831216,351;13,49960713;52,54537358
2020;5;2;5;2;0;1;2;0;1;0;0;0;0;0;793055,3671;5836538,248;13,32793122;52,59966654
2020;5;15;6;3;3;6;0;1;0;0;0;0;1;0;791357,6744;5828713,944;13,29606456;52,53043581
2020;5;20;6;3;0;6;2;0;1;0;1;0;0;1;795630,608;5824975,108;13,35555103;52,49461972
2020;5;17;3;3;5;5;0;0;1;0;1;0;0;0;795235,6454;5824967,257;13,34974329;52,49476313
2020;5;15;6;2;5;2;0;0;1;0;0;0;0;0;780873,5973;5828324,105;13,14159472;52,53244392
2020;5;13;6;3;5;2;0;1;1;0;0;0;0;0;793117,4331;5832637,846;13,3253954;52,56466826
2020;5;15;6;3;5;2;0;0;1;0;0;0;0;0;816062,6857;5822760,451;13,65343557;52,4633289
2020;5;10;6;3;3;6;0;0;1;0;1;0;0;0;809674,6083;5821537,485;13,55857524;52,45602654
2020;5;21;5;3;0;1;2;1;0;0;0;0;0;0;795261,1438;5831728,258;13,35612081;52,55535627
2020;5;2;6;3;8;7;2;0;1;0;0;0;0;0;796806,0907;5833953,078;13,38083226;52,57445939
2020;5;23;6;3;6;7;2;1;0;1;0;0;0;0;803712,7889;5826310,986;13,47545525;52,50215588
2020;5;14;4;3;5;3;0;1;0;0;0;0;1;0;784697,6416;5828599,058;13,19805391;52,53292517
2020;5;15;6;3;2;6;0;0;1;0;0;0;0;0;785048,5854;5826293,019;13,20123721;52,51206586
2020;5;17;1;3;2;6;0;0;1;0;0;0;0;0;811362,5462;5820103,101;13,58199958;52,44221343
2020;5;22;6;3;0;1;2;0;0;0;1;0;0;1;793683,9011;5820649,551;13,32314999;52,45689378
2020;5;7;3;3;5;3;0;0;1;0;0;0;0;0;804630,3878;5816380,791;13,47987173;52,41264295
2020;5;15;6;3;5;3;0;0;1;0;0;0;0;0;802463,8735;5822870,455;13,45398978;52,47201204
2020;5;18;6;3;2;6;0;0;1;0;0;0;0;0;799991,7488;5824444,722;13,41912046;52,48748618
2020;5;16;6;2;7;7;0;1;0;0;0;0;0;0;800845,4636;5832335,566;13,43879296;52,55774373
2020;5;10;3;3;2;6;0;0;1;0;0;0;0;0;786462,4824;5828442,398;13,22386602;52,53059589
2020;5;13;6;3;3;6;0;1;0;0;0;0;0;0;812308,3976;5821343,054;13,59702925;52,45278573
2020;5;9;6;3;5;2;0;1;1;0;0;0;0;0;804531,5583;5822523,307;13,48402007;52,46775192
2020;5;19;6;3;2;6;0;0;1;0;1;0;0;0;800254,5871;5821578,282;13,42039937;52,46164851
2020;5;17;6;3;6;4;0;0;1;1;0;0;0;0;795253,4052;5831718,812;13,35599859;52,55527579
2020;5;16;5;3;3;2;0;0;1;0;1;0;0;0;793081,2771;5816627,836;13,31077977;52,42116337
2020;5;16;6;2;1;5;0;1;1;0;0;0;0;0;785363,5034;5818291,081;13,19901786;52,44015554
2020;5;15;6;3;4;6;0;1;1;0;0;0;0;0;787560,5322;5816264,815;13,22950849;52,42083762
2020;5;12;4;3;5;7;0;0;0;0;1;0;1;0;792524,6063;5833026,886;13,31701743;52,56847468
2020;5;12;6;3;0;7;0;0;1;0;1;0;0;1;802471,0456;5827177,988;13,45800515;52,51061651
2020;5;13;1;3;0;5;0;0;1;0;1;0;0;0;787228,7037;5830343,475;13,23677379;52,54723688
2020;5;14;6;3;6;4;0;0;1;1;0;0;0;0;795040,0151;5829937,148;13,35127742;52,53942028
2020;5;14;2;3;6;4;0;0;1;1;0;0;0;0;812305,107;5830610,82;13,6056683;52,5358379
2020;5;13;6;3;5;2;0;1;1;0;0;0;0;0;793249,8187;5833866,977;13,32842968;52,57561542
2020;5;12;6;3;5;2;0;1;1;0;0;0;0;0;786955,6004;5825630,172;13,22868971;52,50512307
2020;5;14;6;3;0;1;0;0;0;0;1;0;0;0;792881,557;5835208,466;13,32419636;52,58783946
2020;5;4;6;2;9;1;2;0;1;0;0;0;0;0;796403,9584;5819731,942;13,36225052;52,44719982
2020;5;11;6;2;0;1;0;1;0;0;0;0;0;0;814206,7404;5821708,084;13,62521681;52,45496898
2020;5;12;5;3;2;6;0;0;1;0;0;0;1;0;801392,5972;5820254,867;13,43590441;52,4491599
2020;5;17;6;2;0;1;0;0;0;0;1;0;0;0;795370,4278;5831533,334;13,35755462;52,55354969
2020;5;19;3;3;5;2;0;1;1;0;0;0;0;0;800576,7008;5827015,005;13,43002891;52,51020273
2020;4;9;5;3;6;7;0;0;1;1;0;0;0;1;800157,9494;5837983,432;13,43379735;52,60874587
2020;5;14;5;3;2;6;0;0;0;0;0;0;1;0;797210,1523;5831915,66;13,38495196;52,55597599
2020;4;14;5;3;2;6;0;0;1;0;0;0;0;1;786012,2781;5830447,292;13,21897328;52,5488077
2020;5;10;4;3;5;3;0;0;1;0;0;0;0;0;802931,4403;5828619,448;13,46608079;52,52328063
2020;5;11;6;3;5;3;0;1;1;0;0;0;0;0;790134,0793;5833685,988;13,28242275;52,57566291
2020;5;2;7;3;1;5;2;1;1;0;0;0;0;0;791705,3512;5827377,742;13,30000328;52,51827105
2020;4;14;5;3;5;2;0;1;1;0;0;0;0;1;791958,017;5825248,17;13,3018485;52,49904463
2020;5;21;1;3;5;3;2;0;1;0;0;0;1;0;797897,4585;5834639,842;13,39750636;52,580019
2020;5;11;2;2;7;7;0;0;1;0;0;0;0;1;784499,9145;5831406,646;13,19755179;52,55820124
2020;4;15;5;2;5;3;0;1;1;0;0;0;0;0;809399,7513;5825604,444;13,5583155;52,49262943
2020;5;14;6;2;5;2;0;1;1;0;0;0;0;0;791925,3599;5826232,701;13,30223199;52,50788825
2020;5;17;2;2;6;4;0;0;0;1;0;0;1;1;805781,8682;5833582,842;13,51253241;52,56617287
2020;4;15;5;3;2;6;0;0;1;0;1;0;0;1;793976,6675;5824693,999;13,33101118;52,49299306
2020;4;15;5;3;5;3;0;1;1;0;0;0;0;1;796350,3082;5829441,538;13,37009881;52,53426667
2020;5;10;5;3;6;7;0;0;0;1;0;1;0;0;795202,8786;5825583,619;13,34980831;52,50030609
2020;5;17;2;3;5;2;0;1;0;0;0;0;1;0;793152,056;5832636,139;13,32590323;52,56463431
2020;4;15;5;3;5;3;0;1;1;0;0;0;0;1;792849,072;5825770,312;13,31539651;52,50324802
2020;5;19;3;3;2;2;0;0;1;0;0;0;0;0;794489,1166;5830676,523;13,34383358;52,54634625
2020;5;11;6;2;0;6;0;0;1;0;1;0;0;0;783420,5519;5829187,98;13,17977924;52,53887116
2020;5;12;7;3;2;6;0;0;1;0;0;0;1;0;796565,4855;5830500,828;13,37420731;52,54364502
2020;4;15;5;2;5;2;0;0;1;0;0;0;0;1;798708,726;5816017,768;13,39274485;52,41265223
2020;4;14;5;3;2;2;0;0;1;0;0;0;0;1;793385,0363;5833154,983;13,32978942;52,56915994
2020;5;15;3;3;3;6;0;0;1;1;0;1;0;0;802343,2312;5822093,207;13,45151477;52,46511228
2020;5;16;5;3;6;4;0;0;1;1;0;0;0;0;800740,367;5822813,521;13,42864121;52,4724533
2020;5;20;3;3;6;4;1;0;1;1;0;0;0;0;787039,1406;5830361,151;13,23400122;52,54749527
2020;5;10;4;2;5;3;0;1;1;0;0;0;0;0;794502,879;5817197,113;13,3321258;52,42550352
2020;5;12;2;3;5;3;0;0;1;0;0;0;0;1;801315,423;5819540,193;13,43412771;52,44279657
2020;5;16;4;3;0;1;0;1;0;0;0;0;0;0;797619,8312;5815536,105;13,37635441;52,40892766
2020;5;16;4;3;5;3;0;0;0;0;1;0;0;0;804141,7307;5822927,7;13,47866782;52,47159355
2020;5;18;7;2;0;7;0;1;0;0;0;0;0;0;799727,905;5813527,556;13,40545648;52,38977355
2020;5;15;3;3;1;7;0;0;1;1;0;0;0;0;800999,1591;5822173,141;13,43186202;52,46657083
2020;5;13;7;2;3;6;0;0;1;0;0;0;0;0;785718,7323;5828022,272;13,21257067;52,52721948
2020;5;19;3;2;5;2;0;1;1;0;0;0;0;0;791472,4995;5828291,553;13,29738217;52,52658775
2020;5;15;3;3;2;6;0;1;1;0;0;0;0;0;800267,8612;5819688,306;13,41889486;52,4447004
2020;5;16;6;2;6;4;0;0;1;1;0;0;0;0;812264,9529;5830690,593;13,60515317;52,53657577
2020;5;18;5;3;3;6;0;1;1;0;0;0;0;0;795691,1243;5818965,79;13,35111445;52,44071776
2020;5;14;3;3;2;2;0;0;1;0;1;0;0;0;801478,1725;5827277,883;13,44350996;52,5120615
2020;5;16;2;3;0;4;0;1;0;1;0;0;0;0;792959,4603;5825627,993;13,31689296;52,50191292
2020;5;13;5;3;5;3;0;1;1;0;0;0;0;0;794893,7717;5833871,422;13,35262281;52,57476696
2020;5;16;4;3;5;2;0;1;1;0;0;0;0;0;792927,5561;5825024,955;13,31589388;52,49652401
2020;5;22;1;3;5;3;2;0;1;0;0;0;0;1;784589,946;5831095,726;13,19860966;52,55536651
2020;5;7;4;3;0;7;0;0;1;0;0;0;1;0;797018,1189;5823301,09;13,37443695;52,47886056
2020;5;12;7;3;2;6;0;0;1;0;0;0;0;0;811362,5613;5820103,259;13,58199995;52,44221483
2020;5;0;6;3;0;1;2;1;0;0;0;0;0;0;800563,0324;5832871,069;13,43512443;52,56269948
2020;5;15;3;3;8;7;0;1;1;0;0;0;0;0;805861,29;5823703,045;13,50461559;52,47758248
2020;5;10;2;3;0;6;0;1;1;0;0;0;0;0;807251,8062;5824281,809;13,52555868;52,481989
2020;5;14;4;2;5;7;0;0;1;0;1;0;0;0;782131,2811;5830547,398;13,16197499;52,55172931
2020;5;16;7;3;5;3;0;0;1;0;0;0;0;0;812722,7868;5824262,651;13,60584327;52,47871194
2020;5;1;7;3;2;6;2;0;1;0;0;0;0;1;802487,8061;5820675,572;13,45235197;52,45232587
2020;5;17;3;3;2;6;0;0;1;0;0;0;0;0;803880,9848;5827874,399;13,47935279;52,51607465
2020;5;15;3;3;0;7;0;0;0;0;1;0;1;1;793418,1129;5833369,845;13,33046614;52,57106823
2020;5;14;6;3;5;2;0;1;1;0;0;0;0;0;793257,325;5819088,495;13,31551937;52,44312836
2020;5;14;5;3;5;2;0;0;1;0;0;0;0;0;783760,05;5826933,541;13,1828473;52,51848079
2020;5;12;7;3;0;6;0;1;0;0;0;0;0;0;795531,2766;5824330,765;13,35352066;52,48889747
2020;5;14;3;3;5;3;0;0;1;0;0;0;0;0;791291,0296;5830682,874;13,29681105;52,54812259
2020;5;17;2;3;6;4;0;1;0;1;0;0;0;0;796350,5204;5828583,487;13,36933703;52,52657499
2020;5;12;5;3;2;3;0;0;1;0;1;0;0;0;794139,3072;5831098,892;13,33906394;52,55032148
2020;5;16;4;3;2;6;0;0;1;0;0;0;0;0;783417,3252;5828616,367;13,17924427;52,53374764
2020;5;13;1;3;4;1;0;0;1;0;0;0;0;1;798689,7468;5814477,235;13,39109262;52,39885338
2020;5;16;4;2;0;7;0;0;1;0;0;1;0;0;816594,995;5812976,76;13,65198891;52,37535291
2020;5;8;6;2;2;6;0;1;0;0;0;0;0;0;794282,8842;5819446,938;13,33088028;52,44579069
2020;5;18;6;3;5;2;0;0;1;0;0;0;0;0;793341,186;5829717,405;13,32610678;52,53836756
2020;5;14;3;3;5;3;0;1;1;0;0;0;0;0;793363,0027;5824936,995;13,32221232;52,4955016
2020;5;14;3;3;0;2;0;1;1;0;0;0;0;0;802822,5338;5820820,178;13,4573938;52,45343666
2020;5;10;5;3;5;7;0;0;1;0;0;0;0;0;803315,8668;5821649,898;13,46538524;52,46059988
2020;5;20;3;3;2;2;0;0;1;0;0;0;0;0;799981,4814;5826928,971;13,42120718;52,50975922
2020;5;10;4;2;5;3;0;1;1;0;0;0;0;0;810363,6782;5822669,175;13,56973588;52,46577753
2020;5;14;3;3;0;7;0;0;0;0;1;0;1;1;793398,8725;5833244,342;13,33007203;52,56995354
2020;5;15;2;3;2;6;0;0;1;0;0;0;0;1;807841,8946;5830175,553;13,53967083;52,53447632
2020;5;20;4;3;5;3;1;0;1;0;1;0;0;0;794310,3148;5823912,288;13,33522097;52,48580566
2020;5;12;3;3;2;6;0;0;1;0;0;0;1;0;794989,9031;5830283,871;13,35084854;52,54255551
2020;5;12;5;2;1;5;0;1;1;0;0;0;0;0;792020,734;5826460,964;13,30383351;52,50988354
2020;5;10;5;3;0;1;0;0;0;0;1;0;0;0;796996,1602;5829382,875;13,37954017;52,53338927
2020;5;18;7;3;5;7;0;0;1;0;1;0;0;0;802516,7914;5827262,138;13,45875365;52,51134537
2020;5;11;3;3;6;7;0;0;1;1;0;0;0;0;796620,3935;5834176,11;13,37829962;52,57655985
2020;5;8;2;3;6;2;0;0;1;1;0;0;0;0;791587,585;5825066,994;13,29624845;52,49761845
2020;5;8;5;3;5;2;0;0;1;0;0;0;1;0;793353,276;5829678,31;13,32625002;52,53801059
2020;5;16;4;2;6;4;0;0;1;1;0;0;0;0;795870,757;5836440,513;13,36929157;52,59726585
2020;5;0;7;2;6;4;2;0;1;1;0;0;0;1;795966,4395;5824532,073;13,36008976;52,49046629
2020;5;14;4;3;5;3;0;0;1;0;0;1;0;0;811002,2454;5820318,803;13,57691654;52,44435147
2020;5;11;6;3;2;6;0;0;1;0;0;0;0;0;788048,3526;5831012,142;13,24940802;52,55279895
2020;5;21;6;3;2;6;1;0;1;0;0;0;0;1;795554,6351;5830733,127;13,35955141;52,54627665
2020;5;10;3;3;0;3;0;0;1;0;1;0;0;0;794184,6192;5836203,314;13,34425875;52,59605435
2020;5;9;3;3;1;6;0;1;1;0;0;0;1;0;784001,0324;5823226,891;13,18322785;52,48512078
2020;5;5;5;2;0;6;0;0;1;0;1;0;0;0;796994,144;5820360,515;13,37146791;52,45251414
2020;5;20;3;3;5;3;0;1;1;0;0;0;0;0;811702,5103;5829892,66;13,59613931;52,52974728
2020;5;17;4;3;5;3;0;1;1;0;0;0;0;0;799853,1733;5823654,169;13,41637462;52,48047619
2020;5;13;2;3;2;6;0;0;1;0;0;0;1;1;800126,3571;5827357,968;13,42372234;52,51352479
2020;5;17;4;3;2;6;0;0;1;0;1;0;0;0;804620,946;5827640,954;13,49001012;52,51356961
2020;5;14;4;3;5;3;0;1;1;0;0;0;0;0;800337,6581;5833771,74;13,43262504;52,57089672
2020;5;9;3;3;5;2;0;0;1;0;0;0;0;0;793341,3024;5829716,812;13,32610797;52,53836219
2020;5;13;7;3;2;6;0;0;1;0;0;0;0;0;813185,3622;5828868,16;13,61696263;52,51971695
2020;5;20;3;3;5;3;0;0;1;0;0;0;0;0;798424,9884;5824768,379;13,39640466;52,49124602
2020;5;15;4;3;5;2;0;1;1;0;0;0;0;0;788378,6283;5819139,419;13,24398501;52,44617976
2020;5;19;7;3;3;6;0;1;1;0;0;0;0;0;799844,075;5826537,582;13,41883605;52,50632657
2020;5;11;4;3;5;7;0;0;1;0;0;0;0;0;795445,76;5825670,097;13,35345267;52,50094986
2020;5;7;6;2;5;2;0;1;1;0;0;0;0;0;787769,0744;5821679,917;13,23723089;52,46927821
2020;5;16;6;3;5;2;0;1;0;0;0;0;1;0;809674,446;5833230,17;13,56945007;52,56081233
2020;5;13;3;3;5;3;0;1;1;0;0;0;0;0;808968,219;5831698,923;13,55764008;52,547491
2020;5;8;3;3;5;2;0;1;0;0;0;0;0;0;793193,7661;5827783,051;13,32223345;52,5211063
2020;5;16;5;3;5;2;0;1;1;0;0;0;0;0;807934,6072;5829198,169;13,54012811;52,52566473
2020;5;19;3;3;5;3;0;1;1;0;0;0;0;0;797429,074;5835037,436;13,39097105;52,58383911
2020;5;10;4;3;5;3;0;1;1;0;0;0;0;0;794741,7021;5838685,052;13,35466973;52,61799917
2020;5;11;2;3;2;6;0;0;1;0;0;0;0;0;809975,5512;5832063,413;13,57278825;52,55018518
2020;5;16;4;3;5;3;0;1;0;0;0;0;1;0;810368,5336;5820336,127;13,56763871;52,44486677
2020;5;17;7;3;5;2;0;1;1;0;0;0;0;0;803785,3743;5827703,101;13,47779174;52,51459262
2020;5;8;3;3;5;7;0;0;1;0;1;0;0;0;797235,8628;5824001,387;13,37825804;52,48501953
2020;5;11;7;3;5;3;0;0;1;0;1;0;0;0;799900,1656;5835627,76;13,4278683;52,58777386
2020;5;18;3;3;9;1;0;0;1;0;1;0;0;0;803680,2171;5827465,166;13,47602973;52,51251863
2020;5;7;3;3;5;3;0;1;1;0;0;0;0;0;804610,7044;5816576,172;13,47976102;52,41440507
2020;5;15;6;3;5;3;0;1;1;0;0;0;0;0;797556,7671;5825153,32;13,38399852;52,49517054
2020;5;17;5;2;0;1;0;0;0;0;1;0;0;0;787066,7807;5818444,86;13,22413931;52,44064284
2020;5;23;7;3;5;3;2;0;1;0;0;0;0;0;799902,6124;5826514,019;13,4196747;52,50608319
2020;5;6;3;3;1;5;0;1;1;0;0;0;0;0;791253,2093;5834364,555;13,299487;52,58114831
2020;5;20;2;3;1;5;1;1;1;0;0;0;0;0;792476,0307;5825406,25;13,30959656;52,50018439
2020;5;12;5;3;2;6;0;0;1;0;0;0;0;0;781810,3355;5819930,985;13,14826759;52,45670275
2020;5;6;3;2;3;5;0;0;1;0;1;0;0;0;802073,286;5817670,099;13,44355432;52,42561636
2020;5;20;6;3;5;3;0;0;1;0;0;0;0;0;806121,4474;5820098,667;13,5051288;52,44513275
2020;5;22;5;3;0;1;2;1;0;0;0;0;0;0;818151,0195;5820737,249;13,68214394;52,44398879
2020;5;6;3;3;0;3;1;0;1;0;1;0;0;0;811312,9345;5831177,197;13,59161814;52,54148096
2020;5;7;3;3;5;3;0;1;1;0;0;0;0;0;793882,1996;5821381,989;13,32670481;52,46335321
2020;5;14;5;2;3;6;0;1;0;0;0;0;0;0;791430,0022;5819078,643;13,2887023;52,444017
2020;5;8;4;3;2;6;0;0;1;0;0;0;0;0;800419,3678;5820549,394;13,42189169;52,45233554
2020;5;9;2;3;2;6;0;1;0;0;0;0;0;0;797233,8781;5831913,917;13,38529933;52,55594743
2020;5;8;4;3;5;2;0;1;1;0;0;0;0;0;800787,5296;5825815,253;13,43204223;52,49933283
2020;5;14;7;3;1;5;0;1;1;0;0;0;0;0;798622,8088;5829352,458;13,40342282;52,53222787
2020;5;11;6;3;0;4;0;1;0;1;0;0;0;0;793351,9964;5816256,819;13,31442412;52,41769222
2020;5;15;3;3;5;2;0;1;1;0;0;0;0;0;792030,4163;5824085,771;13,30189307;52,48858516
2020;5;5;3;3;5;3;0;0;1;0;0;0;1;0;796161,5242;5815922,829;13,35532024;52,41318519
2020;5;13;6;3;5;3;0;1;1;0;0;0;0;0;807663,522;5833599,355;13,54022147;52,5652608
2020;5;13;5;3;0;4;0;1;0;1;0;0;0;0;782029,2903;5815164,879;13,14746033;52,41385355
2020;5;0;7;3;2;6;2;0;1;0;0;0;0;0;792264,8922;5817835,017;13,29986362;52,43242234
2020;5;4;3;3;0;7;1;1;0;0;0;0;0;0;799427,2611;5823776,297;13,41023147;52,4818046
2020;5;17;2;3;5;2;0;1;1;0;0;0;0;1;791403,0446;5827477,565;13,29564807;52,51932758
2020;5;10;5;3;5;3;0;0;1;0;0;0;0;0;797033,9307;5823574,726;13,37491286;52,48130484
2020;5;15;4;3;1;5;0;0;1;0;0;0;0;0;793935,9152;5821028,023;13,32718149;52,46015115
2020;5;19;1;3;0;1;1;0;0;0;1;0;0;1;798800,3865;5829708,392;13,4063529;52,53532098
2020;5;13;4;3;0;2;0;1;0;0;0;1;0;0;805468,0564;5824454,119;13,4995317;52,48453405
2020;5;12;6;3;6;4;0;0;1;1;0;0;0;0;804898,089;5822518,968;13,48939504;52,46750861
2020;5;19;4;3;5;3;0;1;1;0;0;0;0;0;803373,1492;5833510,493;13,47703837;52,566872
2020;5;16;1;3;2;6;0;0;1;0;0;0;0;1;811306,7788;5822450,94;13,58337018;52,46328533
2020;5;6;4;3;1;5;0;1;1;0;0;0;0;0;804789,3234;5821614,491;13,48697292;52,45946277
2020;5;9;7;3;5;3;0;0;1;0;0;0;0;0;798033,0059;5826582,141;13,39227148;52,50771833
2020;5;12;6;3;5;2;0;0;1;0;1;0;0;0;792313,8301;5833748,998;13,31455294;52,57506134
2020;5;15;3;3;1;1;0;0;1;0;0;0;0;0;804556,615;5821707,621;13,48364345;52,4604272
2020;5;9;3;3;0;1;0;1;0;0;0;0;0;0;798604,3714;5829316,603;13,40311961;52,53191657
2020;5;8;5;3;0;1;0;1;0;0;0;0;0;0;799228,155;5829413,773;13,41237557;52,53244548
2020;5;9;5;3;1;5;0;0;1;0;0;0;0;0;789994,2884;5827349,612;13,27483265;52,51893147
2020;5;20;7;3;5;2;0;1;1;0;0;0;0;0;798858,9224;5828961,742;13,40654206;52,52859626
2020;5;14;3;3;0;1;0;0;0;0;1;0;0;0;799082,4005;5820863,741;13,40255755;52,45588638
2020;5;6;2;3;5;3;0;0;1;0;0;0;1;1;797403,3877;5830013,675;13,38609059;52,53882158
2020;5;10;4;3;5;2;0;1;1;0;0;0;0;0;800293,1085;5831595,723;13,43000056;52,55141721
2020;5;16;4;3;2;6;0;0;1;0;0;0;0;0;804856,9516;5822453,885;13,48873188;52,46694825
2020;5;20;7;2;5;7;1;1;1;0;0;0;0;0;794168,2856;5825307,15;13,33436689;52,49838641
2020;5;12;4;3;5;3;0;0;1;0;0;0;0;0;796806,947;5831270,429;13,37844524;52,55041214
2020;5;11;6;3;5;3;0;1;1;0;0;0;0;0;809061,554;5828645,354;13,55617293;52,52007293
2020;5;15;6;3;5;2;0;1;1;0;0;0;0;0;809334,7806;5818491,173;13,55077014;52,42891823
2020;5;13;3;3;3;6;0;0;1;0;1;0;0;0;795648,4435;5830876,479;13,36105838;52,54751077
2020;5;13;2;1;5;2;0;1;0;0;0;1;0;0;806301,0626;5830198,209;13,51704636;52,53554744
2020;5;17;5;3;0;6;0;1;0;0;0;0;0;0;807929,6868;5816500,828;13,52833779;52,41187295
2020;5;18;3;3;5;7;0;0;1;0;0;0;0;0;798266,47;5817111,593;13,38723674;52,42269838
2020;5;11;4;3;3;6;0;1;0;0;0;1;0;0;790609,114;5817905,736;13,27563878;52,43393852
2020;5;18;6;3;1;5;0;1;1;0;0;0;0;0;803127,9371;5826595,113;13,46712413;52,50502768
2020;5;14;3;3;5;2;0;1;1;0;0;0;0;0;803316,8133;5831996,402;13,47482593;52,55333311
2020;5;17;2;3;0;7;0;1;0;0;0;0;1;0;793898,6307;5826990,373;13,33189201;52,51362092
2020;5;8;5;3;5;3;0;1;1;0;0;0;0;0;801098,5278;5823793,47;13,43478301;52,48103958
2020;5;18;3;3;3;6;0;1;1;0;0;0;1;0;801932,0875;5823540,962;13,44679148;52,47831608
2020;5;20;4;3;5;3;1;1;1;0;0;0;0;0;800141,5634;5827349,357;13,42393798;52,51343924
2020;5;15;2;3;5;2;0;0;1;0;0;0;0;0;808560,8685;5832400,325;13,55230357;52,55400764
2020;5;18;4;3;2;6;0;0;1;0;0;0;0;0;802359,0581;5823236,224;13,45278292;52,47534848
2020;5;14;4;3;6;4;0;0;1;1;0;0;0;0;793033,7733;5832675,605;13,32419805;52,56505178
2020;5;14;7;3;2;6;0;0;1;0;0;0;1;0;782487,5969;5827002,058;13,16420248;52,51975581
2020;5;11;4;3;5;2;0;1;1;0;0;0;0;0;813761,912;5821738,85;13,61872083;52,45550019
2020;5;10;4;3;3;6;0;1;0;0;0;0;1;0;798031,3336;5822213,859;13,38834051;52,4685628
2020;5;0;6;3;0;1;2;1;0;0;0;0;0;0;799094,0616;5831809,407;13,41256155;52,55399227
2020;5;15;6;3;2;7;0;1;1;0;0;0;0;0;805151,1947;5829103,204;13,49914099;52,52637856
2020;5;19;2;2;6;4;0;0;1;1;0;0;0;0;801073,1753;5821989,664;13,43278275;52,46488549
2020;5;15;5;3;5;3;0;1;0;0;0;0;0;0;803974,8989;5827046,413;13,47997628;52,50860134
2020;5;17;3;3;2;6;0;0;1;0;0;0;0;0;797195,7331;5832004,805;13,38481971;52,55678294