UJAHR;UMONAT;USTUNDE;UWOCHENTAG;UKATEGORIE;UART;UTYP1;ULICHTVERH;IstRad;IstPKW;IstFuss;IstKrad;IstGkfz;IstSonstige;USTRZUSTAND;LINREFX;LINREFY;XGCSWGS84;YGCSWGS84
2020;5;9;4;3;5;2;0;0;1;0;0;0;1;0;795571,1431;5830493,538;13,35958094;52,54412
2020;5;10;2;3;5;2;0;0;1;0;0;0;0;1;783688,1192;5830164,945;13,18454816;52,54749154
2020;5;15;4;2;6;4;0;0;1;1;0;0;0;0;808418,573;5820877,047;13,53953897;52,45081783
2020;5;13;4;3;2;6;0;1;0;0;0;0;0;0;786207,9962;5816044,218;13,20948479;52,41956881
2020;5;16;7;3;0;3;0;0;1;0;0;0;1;0;784764,9833;5826957,234;13,19763796;52,51816938
2020;5;13;2;3;5;2;0;1;1;0;0;0;0;1;795794,9751;5824116,163;13,35720258;52,48683092
2020;5;17;4;3;0;6;0;0;1;1;0;0;0;0;794398,9391;5836270,076;13,34747309;52,59653684
2020;5;13;4;3;6;2;0;0;1;1;0;0;0;0;793978,3799;5821552,324;13,32826649;52,46482846
2020;5;14;4;3;6;4;0;0;1;1;0;0;0;0;799118,9255;5830551,181;13,4117939;52,54270057
2020;5;18;7;3;0;5;0;0;1;0;0;0;1;0;798833,9842;5816074,306;13,39463146;52,41309067
2020;5;19;2;3;2;2;0;1;1;0;0;0;0;0;784847,5859;5829237,623;13,20080583;52,53857217
2020;5;13;7;3;5;2;0;0;1;0;0;0;0;0;793946,2063;5835296,111;13,33994399;52,58805088
2020;5;20;3;2;1;5;1;1;0;0;0;0;1;0;799195,8247;5828673,849;13,41123449;52,52583093
2020;5;19;2;3;2;7;0;0;1;0;1;0;0;0;791521,6141;5825096,252;13,29530501;52,49791599
2020;5;17;6;3;5;2;0;0;1;0;0;0;0;0;791665,3577;5830679,34;13,30231272;52,54789063
2020;5;21;5;3;0;1;0;1;0;0;0;0;0;0;801679,3735;5831381,597;13,45018966;52,54873201
2020;5;15;2;3;1;5;0;0;1;0;0;0;0;0;791399,1451;5834431,57;13,30169363;52,58167095
2020;5;7;3;2;5;3;0;1;1;0;0;0;0;0;815171,4853;5820959,84;13,63866165;52,44770875
2020;5;13;5;3;5;3;0;1;1;0;0;0;0;0;800819,8511;5825028,788;13,43180674;52,4922657
2020;5;7;4;3;0;1;0;0;0;0;1;0;0;0;794471,0212;5829900,545;13,34287963;52,53939994
2020;5;16;1;3;0;1;0;1;0;0;0;0;0;0;793387,6547;5829890,109;13,32694246;52,53989075
2020;5;8;4;2;5;3;0;1;1;0;0;0;0;0;792230,0018;5833717,003;13,31329124;52,57481954
2020;5;13;4;3;3;7;0;1;0;0;0;0;0;0;786173,3571;5816025,287;13,20896063;52,41941719
2020;5;14;7;3;6;4;0;1;0;1;0;0;0;0;790350,5464;5839376,889;13,29059937;52,62656553
2020;5;3;6;2;6;4;2;0;0;1;0;0;1;0;794827,8339;5831009,583;13,34910984;52,54914867
2020;5;13;3;3;5;3;0;1;1;0;0;0;0;0;809675,3091;5820507,316;13,5576304;52,44679396
2020;5;18;2;3;2;6;0;0;1;0;0;0;0;0;787933,9306;5836257,777;13,25228092;52,59988832
2020;5;14;5;2;5;2;0;0;1;0;1;1;0;0;781673,0892;5831214,378;13,1558011;52,5579469
2020;5;12;5;2;7;7;0;1;0;0;0;0;0;0;814748,515;5818533,687;13,63017425;52,42621185
2020;5;1;7;2;8;1;2;0;0;0;0;0;1;0;802719,8343;5832383,469;13,46640079;52,55713442
2020;5;2;7;3;0;1;2;1;0;0;0;0;0;1;798734,1806;5824694,611;13,40087896;52,49041567
2020;5;13;3;3;5;2;0;1;1;0;0;0;0;0;803089,2327;5829538,17;13,46923684;52,53142727
2020;5;9;2;3;2;6;0;0;1;0;0;0;0;0;801320,2967;5826461,798;13,44045189;52,50483403
2020;5;14;6;3;0;3;0;1;1;0;0;0;0;0;785179,6799;5828322,25;13,20490361;52,53019132
2020;5;15;5;2;0;7;0;1;1;0;0;0;0;0;787918,8695;5818902,875;13,23703513;52,4443013
2020;5;14;7;3;0;4;0;0;0;1;0;1;0;0;796179,0736;5836506,476;13,37388924;52,5976893
2020;5;8;2;3;5;2;0;0;1;0;0;0;0;0;794437,927;5833821,064;13,3458709;52,57456235
2020;5;17;2;3;5;5;0;1;1;0;0;0;0;1;790821,2794;5826159,838;13,28594657;52,50782473
2020;5;12;5;3;5;3;0;0;1;0;0;0;0;0;791709,8042;5823762,226;13,29690139;52,48585601
2020;5;18;4;3;5;2;0;0;1;0;0;0;0;0;812515,075;5831044,436;13,60916165;52,53960321
2020;5;14;1;3;2;2;0;0;1;0;1;0;0;1;797159,5702;5827691,056;13,38043033;52,51813497
2020;5;15;4;1;6;4;0;0;0;1;0;1;0;0;798357,7917;5820519,188;13,39161737;52,45319389
2020;5;13;4;3;2;6;0;0;1;0;0;0;0;0;802935,5619;5817449,144;13,45599688;52,42315922
2020;5;7;6;3;5;2;0;1;1;0;0;0;0;0;800316,8826;5827622,637;13,42676036;52,51579224
2020;5;9;6;3;5;2;0;0;1;0;0;0;0;0;791915,9347;5834713,275;13,30954727;52,58391931
2020;5;15;3;3;5;7;0;0;1;0;1;0;0;0;793918,6302;5825635,274;13,33098939;52,50146238
2020;5;7;2;3;6;4;0;0;0;1;1;0;0;0;792617,4284;5827627,636;13,31362661;52,52002264
2020;5;10;5;3;5;2;0;0;1;0;0;0;0;0;812011,7481;5830583,152;13,60133123;52,53575798
2020;5;17;3;3;5;2;0;1;1;0;0;0;0;0;795817,1658;5816031,462;13,35036801;52,41434522
2020;5;0;5;3;9;1;2;0;1;0;0;0;0;0;793474,059;5817735,588;13,31751115;52,43088362
2020;5;17;2;3;0;3;0;1;1;0;0;0;0;0;798800,798;5831030,888;13,40754837;52,54717498
2020;5;15;2;2;5;7;0;0;1;0;1;0;0;1;793854,5448;5828167,172;13,33228375;52,52419404
2020;5;21;4;2;0;1;2;1;0;0;0;0;0;0;791302,2376;5834166,019;13,30003406;52,57934225
2020;5;16;4;3;0;1;0;0;0;0;1;0;0;0;795871,7322;5836441,679;13,36930697;52,59727578
2020;5;18;7;3;1;5;0;0;1;0;0;0;0;0;791327,5324;5836493,671;13,30245328;52,60019543
2020;5;12;4;3;5;3;0;1;1;0;0;0;0;0;794709,9168;5819457,011;13,33715415;52,44565098
2020;5;17;2;3;9;1;0;0;0;0;1;0;0;0;809418,4316;5831418,227;13,56399687;52,54472002
2020;5;8;2;3;5;2;0;0;1;0;1;0;0;1;806368,5428;5822234,347;13,51071237;52,46413518
2020;5;8;5;3;5;2;0;1;1;0;0;0;0;0;802333,8637;5829225,851;13,45785113;52,52904745
2020;5;17;4;3;5;3;0;1;1;0;0;0;0;0;798645,804;5828136,554;13,40266875;52,5213164
2020;5;16;1;3;5;2;0;1;1;0;0;0;0;1;801211,238;5827469,075;13,43976148;52,51392265
2020;5;14;4;2;5;2;0;1;1;0;0;0;0;0;792628,8502;5825459,274;13,311888;52,5005778
2020;5;11;6;3;0;7;0;0;1;0;0;0;1;0;802895,0765;5831170,792;13,46787157;52,54616805
2020;5;21;6;3;0;1;2;0;0;0;1;0;0;0;802580,9348;5831570,55;13,46361731;52,54992557
2020;5;10;3;3;5;3;0;1;1;0;0;0;0;0;805380,7058;5826729,609;13,50033515;52,50497692
2020;5;20;2;3;2;6;1;0;1;0;1;0;0;0;797339,2342;5819381,854;13,37566013;52,44355378
2020;5;7;5;3;2;6;0;0;1;0;0;0;0;0;796570,4416;5819906,358;13,36484783;52,44867303
2020;5;17;3;3;5;3;0;0;0;0;1;1;0;0;791554,3274;5834393,837;13,30394424;52,58124955
2020;5;20;4;2;0;1;0;0;0;0;1;0;0;0;795206,6546;5826830,949;13,35096982;52,51148544
2020;5;13;2;3;8;1;0;0;0;0;1;0;0;1;809729,41;5820877,735;13,55876733;52,45008294
2020;5;18;4;3;5;2;0;1;0;0;0;0;0;0;810763,2256;5821243,45;13,57427129;52,45277369
2020;5;12;4;2;6;4;0;0;1;1;0;0;0;0;785568,6402;5826169,091;13,20877333;52,51068271
2020;5;14;4;3;1;5;0;1;1;0;0;0;0;0;799746,4839;5829610,204;13,42017121;52,53392138
2020;5;14;7;3;5;2;0;1;1;0;0;0;0;0;781215,8398;5830781,914;13,14870768;52,55430554
2020;5;11;4;3;5;2;0;0;1;0;0;0;0;0;784758,352;5827277,902;13,19781502;52,52104795
2020;5;8;4;3;0;6;0;1;0;0;0;1;0;0;796216,6527;5828476,351;13,3672741;52,52568737
2020;5;20;6;3;1;5;0;1;1;0;0;0;0;0;800713,3444;5824367,12;13,42964567;52,48639364
2020;5;12;6;3;5;2;0;1;0;0;0;1;0;0;797657,4353;5831889,663;13,39150667;52,55549869
2020;5;9;6;3;2;2;0;0;1;0;1;1;0;0;800965,3595;5819499,172;13,42895598;52,44262166
2020;5;17;6;3;2;5;0;1;1;0;0;0;1;0;784065,5609;5816132,867;13,17814088;52,42147996
2020;5;13;3;2;5;3;0;0;1;0;1;0;0;0;807721,1025;5817907,072;13,52657385;52,42459335
2020;5;17;2;3;1;5;0;1;1;0;0;0;0;0;801772,738;5821074,25;13,44222147;52,45629452
2020;5;16;5;3;0;5;0;0;1;0;0;0;1;0;812617,4263;5828552,455;13,60832296;52,51721375
2020;5;16;3;3;2;6;0;0;1;0;1;0;0;0;803499,4975;5818628,638;13,46533504;52,43341855
2020;5;10;4;3;5;3;0;1;1;0;0;0;0;0;797973,2756;5825639,662;13,39055058;52,49930278
2020;5;12;2;2;5;2;0;1;1;0;0;0;0;1;800128,5238;5838382,761;13,43372632;52,61234134
2020;5;16;4;3;5;2;0;1;0;0;0;0;1;0;797763,3542;5829744,547;13,39114127;52,53621262
2020;5;14;4;3;2;6;0;0;1;0;0;1;0;0;803167,6617;5822701,168;13,46416558;52,4701046
2020;5;17;7;3;8;1;0;0;1;0;0;0;0;0;792388,5249;5832887,469;13,31489246;52,56729798
2020;5;17;2;2;5;3;0;1;1;0;0;0;0;0;798213,1219;5826240,73;13,39461164;52,50455959
2020;5;13;7;3;1;5;0;0;1;0;1;0;0;0;798639,971;5828463,637;13,40287673;52,52425143
2020;5;19;3;3;5;3;0;0;1;0;0;0;0;0;789992,2345;5819203,25;13,26771606;52,44589857
2020;5;16;2;3;6;7;0;1;0;1;0;0;0;0;789758,8988;5835082,739;13,27812299;52,58838468
2020;5;15;6;2;5;2;0;0;1;0;0;0;0;0;794904,568;5830229,158;13,34954529;52,54211124
2020;5;18;5;3;1;5;0;1;1;0;0;0;0;0;799075,2316;5830207,503;13,41084214;52,539644
2020;5;15;2;3;2;6;0;0;0;0;1;0;1;0;800166,5717;5826860,411;13,42386443;52,50904288
2020;5;16;2;3;4;6;0;1;0;0;0;0;1;0;798420,5211;5832406,451;13,40319346;52,55971336
2020;5;13;5;3;5;2;0;0;1;0;1;0;0;0;807431,9637;5830569,392;13,53401058;52,53823726
2020;5;19;4;3;6;4;0;0;1;1;0;0;0;0;796178,4834;5828479,902;13,36671629;52,52573993
2020;5;0;1;3;0;1;2;1;0;0;0;0;0;0;796021,0876;5817675,589;13,35481223;52,42897349
2020;5;6;4;3;5;2;0;1;1;0;0;0;0;0;807934,6072;5829198,169;13,54012811;52,52566473
2020;5;18;3;3;2;2;0;1;1;0;0;0;0;0;794998,7962;5825087,574;13,34637122;52,49596975
2020;5;15;2;3;5;2;0;1;1;0;0;0;0;0;793122,8297;5817654,669;13,31228892;52,4303465
2020;5;7;3;3;5;2;0;0;1;0;0;0;1;0;792087,2024;5818853,647;13,29814751;52,44164925
2020;5;14;5;3;5;2;0;1;1;0;0;0;0;0;804753,4637;5827443,584;13,49177613;52,51172666
2020;5;9;4;2;5;3;0;1;1;0;0;0;0;0;802178,0082;5836471,394;13,46215852;52,59407468
2020;5;8;2;3;0;2;0;0;1;0;0;0;1;1;796360,625;5826128,817;13,36729918;52,50456576
2020;5;10;4;3;2;3;0;0;0;0;1;0;1;0;795562,6612;5831538,742;13,3603865;52,55349389
2020;5;16;7;3;5;2;0;1;1;0;0;0;0;0;800755,4188;5826518,564;13,43220585;52,5056545
2020;5;14;7;3;3;6;0;0;1;0;1;0;0;0;785160,9613;5829602,729;13,2057272;52,54168178
2020;5;16;3;2;0;7;0;1;0;0;0;0;0;0;798113,5493;5825402,862;13,39239893;52,49710355
2020;5;15;2;3;2;6;0;1;0;0;1;0;0;0;802082,435;5827156,891;13,45227722;52,51064275
2020;5;14;6;2;5;3;0;1;1;0;0;0;0;0;787026,3012;5828365,376;13,23208835;52,52960874
2020;5;14;5;3;0;3;0;1;0;0;0;0;1;0;813431,0934;5821598,652;13,61373659;52,45443365
2020;5;11;7;2;0;7;0;0;0;0;1;0;0;0;797801,2447;5834698,161;13,39614301;52,58059441
2020;5;13;2;2;2;6;0;0;1;0;0;0;0;0;797703,8323;5819425,307;13,38104727;52,44374492
2020;5;17;2;3;2;6;1;0;1;0;0;0;0;0;799236,492;5816312,533;13,40074475;52,41500621
2020;5;12;5;3;5;2;0;1;0;0;0;1;0;0;802328,0656;5825301,084;13,45420072;52,49387308
2020;5;15;4;3;5;2;0;1;1;0;0;0;0;0;798646,5408;5830286,807;13,4046113;52,54058996
2020;5;7;1;3;1;5;0;1;1;0;0;0;0;0;796728,2766;5833309,283;13,37911135;52,56873097
2020;5;16;4;3;0;3;0;1;1;0;0;0;0;0;794597,7389;5820276,705;13,33623134;52,4530596
2020;5;15;6;3;5;3;0;0;1;0;1;0;0;0;792605,715;5837382,758;13,32205773;52,60747927
2020;5;18;6;3;5;3;0;0;1;0;0;0;0;0;793845,653;5836158,084;13,33922869;52,59583216
2020;5;10;3;3;2;6;0;0;1;0;1;0;0;0;799070,7461;5828333,088;13,40908987;52,52284514
2020;5;13;2;2;0;1;0;1;0;0;0;0;0;0;811221,5801;5827845,386;13,58715721;52,51167576
2020;5;21;5;3;5;2;1;1;0;0;1;0;0;0;799713,2582;5827025,681;13,41735389;52,5107735
2020;5;10;7;3;5;2;0;0;1;0;0;0;0;0;802746,262;5832375,06;13,46678176;52,55704436
2020;5;12;6;3;5;2;0;0;1;0;0;0;1;0;794959,5899;5832717,991;13,35256548;52,56439179
2020;5;13;3;3;2;6;0;0;1;0;1;0;0;0;805043,7829;5826726,326;13,49538359;52,50513596
2020;5;13;2;3;5;3;0;0;1;0;0;0;0;0;793604,7719;5815914,276;13,31782981;52,41448585
2020;5;10;5;3;3;6;0;0;1;0;1;0;0;0;793145,0445;5826925,142;13,32076149;52,51344169
2020;5;10;5;3;4;7;0;0;1;0;0;0;0;0;797881,5794;5828855,314;13,39208231;52,52817719
2020;5;20;7;3;0;4;0;1;0;1;0;0;0;0;801908,0528;5825684,336;13,44838028;52,49754068
2020;5;13;2;3;5;2;0;1;1;0;0;0;0;0;800323,0497;5831578,697;13,43042543;52,55124809
2020;5;7;2;3;5;3;0;1;1;0;0;0;0;1;800596,4241;5821189,336;13,42506544;52,45797429
2020;5;14;5;3;5;3;0;0;1;0;0;0;0;0;785853,4224;5831729,326;13,2177409;52,56038548
2020;5;16;4;3;2;6;0;0;1;0;0;0;0;0;793411,997;5832495,575;13,32960284;52,56323421
2020;5;8;7;3;0;1;0;0;0;0;1;0;0;1;793747,5246;5838515,07;13,33987616;52,61701377
2020;5;13;4;3;0;6;0;0;1;0;1;0;0;0;793602,846;5829833,205;13,33005602;52,53926473
2020;5;18;3;3;6;7;0;0;1;1;0;0;0;0;798059,7092;5832941,005;13,3983669;52,5647025
2020;5;11;6;3;1;5;0;0;1;0;0;0;0;0;795658,5378;5833096,866;13,36318468;52,56740892
2020;5;20;6;3;5;2;0;1;1;0;0;0;0;0;793522,3399;5825730,336;13,32525181;52,50252788
2020;5;9;3;2;5;2;0;1;1;0;0;0;0;0;790253,4165;5820057,916;13,27229089;52,45342229
2020;5;13;2;2;6;7;0;0;1;1;0;0;0;0;805830,76;5832316,752;13,51208474;52,55479845
2020;5;18;5;3;5;3;0;1;1;0;0;0;0;0;805573,5344;5818588,611;13,49571177;52,43190521
2020;5;16;3;3;0;1;0;1;0;0;0;0;0;0;798425,2816;5828385,231;13,39965133;52,52366618
2020;5;11;4;3;1;7;0;0;1;0;0;0;0;0;793768,5337;5827607,672;13,33052546;52,51922477
2020;5;13;2;2;5;3;0;0;1;0;1;0;0;1;801289,5965;5820442,44;13,43456256;52,45089794
2020;5;17;4;3;6;4;0;0;1;1;0;0;0;0;796386,3073;5832584,638;13,37343317;52,56242163
2020;5;14;4;3;5;2;0;1;1;0;0;0;0;0;790103,5346;5819596,773;13,26969084;52,44936758
2020;5;15;3;3;5;3;0;0;1;0;0;0;0;0;811313,96;5827393,324;13,58809129;52,50757196
2020;5;7;4;3;5;2;0;1;0;0;0;0;1;0;794957,4089;5825673,022;13,34628182;52,50124026
2020;5;14;2;3;6;4;0;1;0;1;0;0;0;0;801561,5296;5827916,855;13,44531363;52,5177426
2020;5;18;4;2;3;2;0;1;1;0;0;0;0;0;800142,6425;5837860,359;13,43346035;52,6076512
2020;5;16;4;3;1;5;0;1;1;0;0;0;0;0;799675,5161;5831754,782;13,42106276;52,55318303
2020;5;18;7;3;5;3;0;1;1;0;0;0;0;0;806473,3442;5815446,406;13,50602822;52,4032399
2020;5;11;4;3;2;6;0;0;1;0;0;0;0;0;813058,1727;5826703,041;13,61305794;52,50038832
2020;5;4;6;3;5;3;1;1;1;0;0;0;0;0;809121,2642;5829722,03;13,55805091;52,52968794
2020;5;14;6;3;2;6;0;0;1;0;0;0;0;0;799260,381;5831802,677;13,41500129;52,55384058
2020;5;8;3;3;2;6;0;0;1;0;0;0;0;0;809762,0563;5820704,278;13,55908534;52,44850996
2020;5;13;2;3;5;3;0;1;1;0;0;0;0;0;791315,8532;5826639,011;13,29363248;52,5118566
2020;5;15;5;3;1;5;0;0;1;0;0;0;0;0;799698,3067;5827247,525;13,41733401;52,51277021
2020;5;15;3;3;5;2;0;1;1;0;0;0;0;0;793675,7637;5828111,735;13,32960721;52,5237934
2020;5;10;4;3;1;5;0;0;1;0;1;0;0;0;781099,9121;5819397,744;13,13739084;52,45228715
2020;5;11;2;3;0;2;0;0;0;1;0;0;1;1;812182,7574;5830917,114;13,60415803;52,53865274
2020;5;18;4;3;5;2;0;0;1;0;0;0;0;0;782365,1007;5830495,832;13,16537051;52,55114579
2020;5;17;7;3;5;2;0;1;1;0;0;0;0;0;802523,8227;5822940,852;13,45493352;52,47260981
2020;5;10;7;3;1;5;0;1;1;0;0;0;0;0;799858,9134;5814846,2;13,4085559;52,40152183
2020;5;17;3;3;6;4;0;0;1;1;0;0;0;0;801853,2141;5823063,549;13,44520155;52,47408054
2020;5;12;2;2;9;1;0;0;1;0;0;0;0;0;805946,2608;5816991,651;13,49971658;52,41738403
2020;5;14;6;3;1;5;0;1;1;0;0;0;0;0;784840,6547;5832234,499;13,20327509;52,56544556
2020;5;19;7;3;2;2;0;0;1;0;0;0;1;0;797465,8855;5826811,998;13,38414554;52,51008824
2020;5;10;2;3;6;7;0;0;0;1;0;0;1;0;797676,6783;5832855,579;13,39265607;52,56414633
2020;5;13;7;3;2;6;0;0;1;0;0;0;0;0;783219,8461;5830281,607;13,17776036;52,54878122
2020;5;20;3;3;5;2;1;1;1;0;0;0;0;0;794021,903;5830177,809;13,33652202;52,54212795
2020;5;16;1;3;0;6;0;1;0;0;0;0;0;0;812064,8152;5821280,381;13,59339779;52,4523632
2020;5;18;6;2;0;1;0;0;0;0;1;0;0;0;792272,6025;5825487,218;13,30667933;52,50101924
2020;5;23;5;3;1;5;2;1;1;0;0;0;0;0;793888,1838;5820481,095;13,32599954;52,45527382
2020;5;16;1;3;2;6;0;1;1;0;0;0;0;0;794748,8229;5820906,407;13,33900412;52,45862309
2020;5;7;3;3;5;2;0;1;1;0;0;0;0;0;802769,8947;5827689,332;13,46286048;52,51503385
2020;5;13;5;3;5;2;0;1;1;0;0;0;0;0;792903,341;5823281,644;13,31400596;52,48090873
2020;5;8;4;3;1;5;0;1;1;0;0;0;0;0;809002,2008;5821617,635;13,54878513;52,45712537
2020;5;8;2;3;1;7;0;1;1;0;0;0;0;1;793529,8081;5834045,19;13,33270733;52,57706204
2020;5;8;4;2;6;4;0;0;0;1;1;0;0;0;805365,4453;5841931,335;13,51410924;52,6412272
2020;5;14;7;2;5;2;0;1;1;0;0;0;0;0;799875,8405;5834306,771;13,42631513;52,57594695
2020;5;9;6;3;2;2;0;0;1;0;0;0;0;0;802574,808;5823086,521;13,45581399;52,47388721
2020;5;15;3;3;5;2;0;0;1;0;1;0;0;0;798440,9186;5826537,43;13,39822379;52,50709456
2020;5;14;1;3;0;7;0;1;1;0;0;0;0;0;811509,7537;5829105,914;13,59257001;52,52280723
2020;5;12;6;2;0;5;0;0;0;0;0;0;1;0;801167,83;5831608,016;13,44287372;52,55104447
2020;5;12;5;2;5;7;0;0;1;0;1;0;0;0;807776,168;5820031,035;13,5293363;52,44359777
2020;5;6;7;2;8;1;0;0;1;0;0;0;0;0;789500,5811;5817686,149;13,25918817;52,43255766
2020;5;21;1;3;0;1;2;1;0;0;0;0;0;0;798654,1318;5828507,658;13,40312437;52,52463826
2020;5;16;2;3;2;2;0;0;1;0;0;0;0;1;793172,7104;5825606,908;13,32000703;52,50160937
2020;5;9;5;3;0;3;0;0;1;0;1;0;0;0;799906,0465;5829988,961;13,42285835;52,53722854
2020;5;15;4;3;6;4;0;0;1;1;0;0;0;0;791598,489;5838526,874;13,30823435;52,61827705
2020;5;16;5;3;5;3;0;0;1;0;0;0;1;0;798311,8858;5829381,657;13,39887891;52,53265984
2020;5;19;7;3;1;5;0;1;0;0;0;0;1;0;805622,188;5830188,209;13,50705945;52,53583892
2020;5;20;1;3;5;3;1;1;1;0;0;0;0;0;801695,5212;5827204,874;13,44663681;52,51128694
2020;5;17;2;3;2;6;0;0;1;0;1;0;0;1;800763,819;5822752,329;13,42893026;52,4718919
2020;5;12;5;3;6;4;0;0;1;1;0;0;0;0;793804,1741;5819369,968;13,32378935;52,44535812
2020;5;19;4;3;5;3;0;1;0;0;1;0;0;0;794824,0519;5828305,577;13,34665523;52,52491136
2020;5;14;1;3;5;3;0;0;1;0;0;0;0;1;805295,6821;5817571,041;13,49070873;52,42294019
2020;5;4;4;3;5;3;1;0;1;0;0;0;0;0;803343,027;5826305,903;13,4700199;52,502316
2020;5;12;6;3;2;6;0;0;1;0;0;0;0;0;801063,1464;5833894,391;13,44340876;52,57159527
2020;5;11;6;3;2;6;0;0;1;0;0;0;0;0;790763,4855;5837568,341;13,29509278;52,61013151
2020;5;13;3;3;2;6;0;0;1;0;0;1;0;0;790387,4929;5827325,354;13,28059017;52,51850474
2020;5;20;1;3;5;2;1;1;1;0;0;0;0;0;794235,8381;5822026,119;13,3324631;52,46893722
2020;5;16;5;3;3;2;0;0;1;0;0;0;0;0;805551,6907;5833390,627;13,50897002;52,56457943
2020;5;8;5;3;1;5;0;1;1;0;0;0;0;0;789468,308;5823623,05;13,26386286;52,48580131
2020;5;20;1;2;2;6;0;0;1;0;0;0;0;0;800077,3105;5821426,384;13,41766136;52,46038435
2020;5;6;2;3;0;6;0;0;1;0;1;0;0;1;788058,9466;5829363,657;13,24813412;52,53801404
2020;5;16;4;3;6;7;0;0;0;1;0;0;1;0;800369,0258;5824360,505;13,42458417;52,48652387
2020;5;16;4;3;2;6;0;0;1;0;0;0;1;0;786701,028;5829275,624;13,22809173;52,53794089
2020;5;20;7;3;9;2;1;0;1;0;0;0;0;0;781911,6558;5828696,051;13,1571731;52,53524304
2020;5;12;4;3;5;3;0;0;1;0;1;0;0;0;797089,1516;5818577,873;13,37127685;52,43648274
2020;5;10;6;2;2;7;0;0;1;0;1;0;0;0;788740,8125;5820164,52;13,25018548;52,45517918
2020;5;17;6;3;5;3;0;1;1;0;0;0;0;0;794590,0695;5830730,237;13,34536566;52,54677317
2020;5;13;3;3;5;3;0;1;1;0;0;0;0;0;803261,6035;5818341,987;13,4615865;52,43098123
2020;5;16;1;2;6;4;0;0;1;1;0;0;0;0;806777,377;5822281,577;13,51675482;52,4643291
2020;5;15;4;3;5;3;0;1;1;0;0;0;0;0;785035,6138;5829507,633;13,20380232;52,54089474
2020;5;11;6;3;3;6;0;1;0;0;0;0;1;0;798824,3653;5829752,405;13,40674495;52,53570234
2020;5;17;6;3;5;3;0;1;1;0;1;0;0;0;791834,8262;5821376,651;13,2966499;52,4644027
2020;5;10;3;3;5;3;0;1;1;0;0;0;0;0;804402,289;5823884,746;13,48336543;52,48002614
2020;5;17;1;3;5;2;0;1;1;0;0;0;0;0;801247,6592;5827817,435;13,44061195;52,51702494
2020;5;7;5;3;5;3;0;0;1;0;0;0;0;0;791655,2468;5834637,692;13,30564405;52,58338154
2020;5;15;3;3;5;3;0;0;1;0;1;0;0;0;807189,7318;5824802,754;13,52512752;52,48669273
2020;5;22;4;3;5;7;2;0;1;0;1;0;0;0;797766,6091;5819019,022;13,38160615;52,4400688
2020;5;13;2;3;5;2;0;1;1;0;0;0;0;1;809251,523;5834486,389;13,56440211;52,57231036
2020;5;18;4;3;2;6;0;0;1;0;0;0;0;0;796138,057;5828456,499;13,3661013;52,52555211
2020;5;16;3;2;5;2;0;0;1;0;1;0;0;0;780871,8864;5828329,989;13,14157453;52,53249757
2020;5;14;4;3;0;1;0;1;0;0;0;0;0;0;800885,4433;5825555,197;13,43324536;52,4969479
2020;5;14;7;3;2;7;0;1;1;0;0;0;0;0;800466,1242;5823626,796;13,42534855;52,47989394
2020;5;11;4;3;2;6;0;0;1;0;0;0;0;0;788258,9247;5827800,763;13,24971918;52,52389633
2020;5;13;3;3;2;3;0;0;1;0;0;0;1;0;801787,1786;5828672,974;13,44931503;52,52439491
2020;5;22;6;3;8;1;2;0;0;0;1;0;0;0;793353,6227;5818140,236;13,31609982;52,4345758
2020;5;12;6;3;1;5;0;1;1;0;0;0;0;0;796288,1578;5823952,727;13,36429924;52,48509844
2020;5;17;1;3;1;5;0;1;1;0;0;0;0;0;791853,4001;5825915,617;13,30089675;52,50508415
2020;5;15;5;2;5;2;0;1;1;0;0;0;0;0;797952,3386;5833668,643;13,39744114;52,57128353
2020;5;9;4;3;3;6;0;0;0;0;0;0;1;0;809208,9475;5830218,119;13,5598008;52,53408399
2020;6;19;2;3;5;3;0;1;1;0;0;0;0;0;794149,8256;5831111,663;13,33922994;52,55043029
2020;6;22;2;3;0;2;1;0;1;0;1;0;0;0;797357,4135;5821919,945;13,378187;52,46629538
2020;6;10;7;3;6;7;0;1;0;1;0;0;0;0;787476,2718;5830305,589;13,24038189;52,54676663
2020;6;14;6;2;5;2;0;1;1;0;0;0;0;0;797601,768;5815557,269;13,37610845;52,40912719
2020;6;13;4;3;2;6;0;1;1;0;0;0;0;0;787181,7574;5838502,897;13,24315448;52,62041445
2020;6;20;7;3;8;1;0;0;1;0;0;0;0;0;799937,5461;5820444,868;13,41472874;52,4516632
2020;6;14;6;3;2;2;0;0;1;0;1;0;0;0;801268,504;5819690,902;13,43357537;52,44417328
2020;6;11;6;3;5;2;0;1;1;0;0;0;0;0;800455,3655;5828239,635;13,42935225;52,5212463
2020;6;16;3;3;3;6;0;1;1;0;0;0;0;0;803667,5419;5826245,494;13,47473099;52,50159407
2020;6;15;2;2;5;2;0;0;1;0;0;0;0;0;790388,4135;5820843,748;13,27495542;52,46039576
2020;6;11;6;3;5;2;0;1;0;0;0;1;0;0;806143,1329;5830146,724;13,5146778;52,53517475
2020;6;11;2;2;3;6;0;0;1;0;0;1;0;0;807785,284;5829187,244;13,53792391;52,52565113
2020;6;15;2;3;1;5;0;1;1;0;0;0;0;0;798550,6607;5829201,347;13,40222663;52,53091288