UJAHR;UMONAT;USTUNDE;UWOCHENTAG;UKATEGORIE;UART;UTYP1;ULICHTVERH;IstRad;IstPKW;IstFuss;IstKrad;IstGkfz;IstSonstige;USTRZUSTAND;LINREFX;LINREFY;XGCSWGS84;YGCSWGS84
2020;6;23;6;3;0;1;2;0;0;0;0;0;1;1;794151,658;5824741,455;13,33362312;52,49332421
2020;6;17;5;3;0;7;0;0;1;0;0;0;0;1;793854,5851;5836148,288;13,33935148;52,59573952
2020;6;16;1;3;0;7;0;0;0;0;0;0;1;0;812463,8868;5831034,388;13,60839991;52,53954252
2020;6;14;2;3;0;7;0;1;0;0;0;0;0;0;787232,9617;5838550,51;13,24395014;52,62081426
2020;6;14;6;3;2;7;0;1;1;0;0;0;0;1;811652,4765;5816945,702;13,58330938;52,41375322
2020;6;22;6;3;5;2;2;0;1;0;0;0;0;1;796917,2525;5822287,148;13,37205349;52,4698264
2020;6;6;4;3;5;3;0;1;0;0;0;0;1;0;798966,1668;5831437,084;13,41034552;52,55072518
2020;6;21;6;3;5;3;2;1;1;0;0;0;0;0;796288,5023;5828494,613;13,36834634;52,52581202
2020;6;10;3;3;5;3;0;0;1;0;0;0;0;0;802731,3231;5837325,006;13,4710825;52,60141762
2020;6;21;6;3;5;3;1;0;1;0;0;0;1;0;807409,7673;5818300,613;13,52237128;52,42829536
2020;6;13;6;2;5;2;0;0;1;0;0;0;0;0;783691,1825;5830168,217;13,18459601;52,54751928
2020;6;8;3;3;5;3;0;1;0;0;0;0;0;0;799722,679;5824706,961;13,41540549;52,48998454
2020;6;11;6;3;2;6;0;0;1;0;0;0;0;0;797682,3965;5821903,004;13,38294162;52,46596656
2020;6;15;2;3;0;7;0;1;1;0;0;0;1;0;803532,7025;5818189,293;13,46542317;52,42946228
2020;6;12;2;3;3;6;0;1;0;0;0;0;0;0;789585,6804;5834319,246;13,27490603;52,58163219
2020;6;10;6;3;1;7;0;0;1;0;0;0;0;0;783501,0646;5830253,764;13,18187283;52,54838529
2020;6;17;4;3;5;3;0;1;1;0;0;0;0;0;791914,3719;5818765,961;13,29553542;52,44095543
2020;6;16;5;3;1;5;0;1;1;0;0;0;0;0;802401,6136;5831134,616;13,46058377;52,54611793
2020;6;17;1;3;5;3;0;0;1;0;0;0;0;0;807245,7401;5824082,798;13,52528625;52,48020885
2020;6;13;2;3;5;3;0;1;1;0;0;0;0;0;802302,0941;5833159,42;13,46096452;52,56432119
2020;6;20;6;3;1;5;1;0;1;0;1;0;0;0;800734,1493;5829698,207;13,43476798;52,53416612
2020;6;13;6;3;1;5;0;1;1;0;0;0;0;0;800925,3444;5824243,086;13,43264639;52,48516508
2020;6;10;4;3;2;6;0;0;1;0;0;0;0;0;787223,58;5829410,869;13,23589205;52,53887826
2020;6;9;6;3;1;5;0;1;1;0;0;0;0;1;801578,7806;5823866,426;13,44189942;52,48142848
2020;6;8;3;3;5;3;0;1;0;0;0;0;1;0;813322,0103;5828734,904;13,61884448;52,51844436
2020;6;20;6;3;0;2;0;1;1;0;0;0;0;0;792734,5612;5826389,931;13,31425913;52,50886416
2020;6;9;2;3;5;3;0;0;1;0;0;0;0;0;805050,068;5817550,949;13,48708961;52,42289707
2020;6;13;2;3;5;3;0;0;0;0;1;0;1;0;805063,2431;5831515,834;13,50006332;52,54805076
2020;6;10;7;3;6;2;0;0;1;1;0;0;0;0;799195,8697;5819999,716;13,40344845;52,44807942
2020;6;12;6;3;2;6;0;0;1;0;0;0;0;0;788120,6928;5827857,8;13,24773678;52,52448076
2020;6;15;4;3;0;3;0;1;1;0;0;0;0;0;800650,2993;5821236,535;13,42589847;52,45836773
2020;6;22;7;3;6;4;2;0;0;1;0;0;1;0;799774,7637;5825695,648;13,41705994;52,49881802
2020;6;12;2;3;2;6;0;1;1;0;0;0;0;0;785081,992;5834121,682;13,20844854;52,58223939
2020;6;18;6;3;2;6;0;0;1;0;0;0;0;0;794843,8012;5831024,94;13,34935828;52,54927769
2020;6;10;2;3;5;2;0;0;1;0;0;0;0;0;802067,801;5821985,812;13,44737557;52,46430202
2020;6;12;2;3;5;3;0;1;1;0;0;0;0;0;811848,4274;5829321,611;13,59774783;52,52454655
2020;6;19;6;3;5;3;0;1;1;0;0;0;0;0;784584,7717;5828434,851;13,19625383;52,53151182
2020;6;16;4;3;6;4;0;0;1;1;0;0;0;0;804817,5534;5818566,034;13,48460595;52,4321246
2020;6;12;5;3;6;4;0;0;1;1;0;0;0;0;806231,1766;5833252,297;13,51883553;52,56295795
2020;6;17;1;3;3;6;0;0;1;0;1;0;0;0;801684,2793;5830052,531;13,44905484;52,53681688
2020;6;11;2;3;2;6;0;0;1;0;0;0;0;0;797194,4718;5831916,811;13,38472238;52,55599487
2020;6;12;6;3;5;3;0;1;1;0;0;0;0;0;797971,5219;5826184,45;13,3910123;52,5041871
2020;6;8;6;3;0;1;0;0;0;0;1;0;0;1;799653,1802;5830086,154;13,41922892;52,53823881
2020;6;8;4;3;5;2;0;0;1;0;0;0;1;0;792825,7875;5823220,373;13,31281342;52,48040105
2020;6;8;6;2;5;3;0;0;1;0;0;0;0;0;811385,604;5819732,774;13,5819927;52,4388816
2020;6;15;3;2;4;6;0;0;0;0;0;0;1;0;796473,2069;5824881,148;13,36784237;52,49332043
2020;6;7;6;2;1;5;0;1;1;0;0;0;0;1;795159,6429;5819752,639;13,34401319;52,44805853
2020;6;20;2;3;5;2;0;1;0;0;0;0;1;0;806665,3736;5821254,948;13,51416826;52,45519098
2020;6;10;2;3;0;1;0;1;0;0;0;0;0;0;811976,3931;5817603,319;13,58866946;52,41946195
2020;6;9;7;2;5;3;0;1;1;0;0;0;0;0;793641,1961;5837889,542;13,33775488;52,61146385
2020;6;7;6;3;0;1;0;1;0;0;0;0;0;1;813738,1588;5821733,747;13,61836761;52,45546809
2020;6;14;4;3;5;3;0;0;1;0;0;0;0;0;786291,0236;5817664,724;13,21208951;52,43405484
2020;6;23;7;3;5;7;2;0;1;0;0;0;0;0;792840,1671;5825515,527;13,31504163;52,50096874
2020;6;7;6;3;5;3;0;1;1;0;0;0;0;1;796957,3436;5826859,548;13,3767167;52,51079155
2020;6;18;6;3;2;6;0;1;1;0;0;0;0;1;801511,2891;5826001,727;13,44284071;52,50060483
2020;6;18;3;3;5;2;0;1;1;0;0;0;0;0;793522,1396;5825721,716;13,32524127;52,50245072
2020;6;10;2;3;0;2;0;1;1;0;0;0;0;0;812410,8989;5819584,024;13,59688811;52,43696393
2020;6;16;6;3;2;2;0;0;1;0;0;0;1;0;800832,5368;5833476,112;13,43963691;52,56797371
2020;6;23;2;3;0;1;2;1;0;0;0;0;0;0;796902,7946;5824147,572;13,37349772;52,48651115
2020;6;7;6;3;0;1;0;0;0;0;1;0;0;1;801612,8295;5831647,883;13,44945313;52,55115559
2020;6;19;3;2;3;6;0;1;0;0;0;0;0;0;814870,901;5821832,79;13,63507633;52,45570429
2020;6;7;5;3;0;3;0;1;0;0;0;0;0;0;790471,479;5818105,684;13,27379365;52,43580421
2020;6;13;3;3;5;3;0;0;1;0;0;0;1;0;799688,2194;5831265,195;13,42080768;52,54878771
2020;6;17;5;3;0;1;0;0;1;0;0;0;0;0;812375,8915;5829914,409;13,6060541;52,52955676
2020;6;17;2;3;5;3;0;0;1;0;0;0;0;0;794554,8589;5834265,523;13,34798628;52,57848329
2020;6;10;2;3;5;7;0;0;1;0;1;0;0;0;793845,8546;5826552,283;13,33072973;52,5097221
2020;6;15;7;3;5;2;0;0;0;0;1;0;1;0;801157,0273;5831615,246;13,44272143;52,55111525
2020;6;14;5;3;1;5;0;0;1;0;0;0;1;0;794049,2273;5826129,523;13,3333443;52,5058227
2020;6;13;4;3;2;6;0;0;1;0;0;0;1;0;796259,1395;5832389,354;13,37138829;52,56074032
2020;6;18;7;3;5;2;0;1;1;0;0;0;0;1;796017,1603;5824954,977;13,36121034;52,49422976
2020;6;16;5;3;0;5;0;0;1;0;0;0;0;0;791186,9981;5824682,487;13,29002807;52,49438524
2020;6;15;3;3;2;6;0;0;1;0;1;0;0;0;797119,6416;5819654,629;13,37268138;52,44611832
2020;6;21;2;3;5;3;1;1;1;0;0;0;0;0;795686,436;5830921,085;13,36165675;52,54789
2020;6;8;5;3;2;6;0;0;1;0;0;0;1;0;792239,5427;5826876,775;13,30741357;52,51349401
2020;6;15;2;3;5;2;0;0;1;0;1;0;0;0;801328,2135;5835385,47;13,44866339;52,5848131
2020;6;5;2;2;0;1;0;0;0;0;1;0;0;0;796788,0398;5831574,969;13,37843943;52,55315229
2020;6;16;5;3;5;3;0;1;1;0;0;0;0;1;801905,2722;5827408,928;13,44990328;52,51299985
2020;6;17;5;3;5;3;0;1;1;0;0;0;0;1;798672,516;5829459,746;13,40424984;52,53316231
2020;6;13;1;3;5;3;0;1;1;0;0;0;0;0;795934,3498;5825633,376;13,36059687;52,50035594
2020;6;20;2;3;3;6;0;1;1;0;0;0;0;0;792804,8597;5830564,973;13,3189687;52,54625409
2020;6;23;5;3;1;5;2;0;0;0;1;0;0;1;799856,0576;5826253,731;13,41875642;52,5037757
2020;6;19;2;2;5;3;0;0;1;0;0;0;1;0;796633,6566;5826676,577;13,37179806;52,50932752
2020;6;16;5;2;5;2;0;1;1;0;0;0;0;1;809945,8115;5821592,809;13,56260511;52,45636862
2020;6;3;5;3;0;7;2;1;0;0;0;0;0;0;802186,9119;5824709,076;13,45159104;52,48864504
2020;6;16;2;3;2;7;0;0;1;0;1;0;0;0;801097,9184;5832539,621;13,44269073;52,55943317
2020;6;20;2;3;6;4;0;0;1;1;0;0;0;0;802610,0686;5827007,819;13,45989271;52,5090142
2020;6;7;5;3;5;2;0;1;1;0;0;0;0;0;799582,3591;5828044,167;13,41634784;52,51997456
2020;6;14;5;3;2;6;0;0;1;0;0;0;0;0;801045,4987;5827051,988;13,43694921;52,51027572
2020;6;18;4;3;2;6;0;0;1;0;0;0;1;0;783380,799;5826751,9;13,17711826;52,51704937
2020;6;16;7;3;3;6;0;0;1;0;0;0;1;0;784561,6453;5828635,626;13,19608571;52,53332405
2020;6;13;5;3;0;7;0;1;0;0;0;0;0;0;801989,1026;5823302,803;13,44741278;52,47614991
2020;6;13;3;3;2;7;0;0;1;0;1;0;0;0;799701,0521;5813971,98;13,40546046;52,39377195
2020;6;22;5;3;1;5;2;0;1;0;0;0;0;1;783263,8905;5830651,08;13,17872339;52,55207108
2020;6;14;2;3;5;2;0;1;1;0;0;0;0;0;801727,7387;5822098,27;13,44248683;52,46549789
2020;6;19;2;3;5;2;0;1;1;0;0;0;0;0;797861,1874;5825643,634;13,38890781;52,49939958
2020;6;11;5;3;0;1;0;1;0;0;0;0;0;0;789398,3022;5836320,502;13,27389669;52,59967323
2020;6;17;4;3;2;6;0;0;1;0;0;0;1;0;795294,3296;5824964,298;13,35060256;52,49470486
2020;6;14;5;3;5;3;0;1;1;0;0;0;0;0;793275,7108;5823928,174;13,32004226;52,48650479
2020;6;20;1;3;0;7;1;1;0;0;0;0;0;0;806280,1003;5822397,13;13,50956399;52,46564369
2020;6;19;2;3;2;6;0;0;1;0;0;0;0;0;794479,395;5837203,474;13,34948773;52,60486037
2020;6;11;5;3;5;3;0;0;1;0;1;0;0;0;807699,1177;5817825,783;13,52617678;52,42387718
2020;6;11;5;2;5;2;0;1;1;0;0;0;0;0;799727,0195;5827763,92;13,418221;52,5173831
2020;6;10;4;3;5;3;0;1;1;0;0;0;0;0;810989,3136;5821975,859;13,57826976;52,45920864
2020;6;19;5;2;5;3;0;0;1;0;0;0;0;1;803742,2854;5822182,25;13,47212663;52,46513444
2020;6;8;3;3;3;6;0;1;0;0;0;0;0;0;810651,5035;5820306,622;13,57176131;52,44444167
2020;6;18;5;3;5;3;0;1;1;0;0;0;0;1;798176,4687;5824842,093;13,39282112;52,49204258
2020;6;12;4;2;5;3;0;0;1;0;0;0;0;0;802915,2785;5817455,519;13,45570528;52,42322759
2020;6;19;5;3;6;4;0;1;0;1;0;0;0;1;794577,3796;5825486,108;13,34053411;52,49976998
2020;6;9;3;3;2;6;0;0;1;0;0;0;0;0;803254,2844;5830224,599;13,47228887;52,53748776
2020;6;17;5;2;1;1;0;0;1;0;0;0;0;1;796608,2815;5821216,565;13,36656677;52,4603974
2020;6;12;2;3;5;2;0;1;0;0;0;1;0;0;788515,7402;5816865,564;13,24403427;52,42572095
2020;6;17;2;3;5;3;0;1;0;0;0;0;0;0;798655,4881;5830297,111;13,40475209;52,54067741
2020;6;10;5;3;5;2;0;0;1;0;0;0;1;0;794223,6114;5825972,582;13,33576747;52,5043218
2020;6;16;4;3;1;5;0;1;1;0;0;0;0;0;803046,5509;5827818,039;13,46704218;52,51603378
2020;6;6;4;3;5;2;0;1;0;0;0;0;1;0;805850,9288;5823348,094;13,504138;52,47440706
2020;6;15;1;3;4;6;0;1;1;0;0;0;0;0;800926,8441;5826923,23;13,43508971;52,5091871
2020;6;18;2;2;5;3;0;0;1;0;1;0;0;0;783813,9605;5826379,433;13,18316699;52,5134845
2020;6;17;5;3;5;3;0;1;1;0;0;0;0;0;811035,0462;5829168,941;13,58565474;52,52364301
2020;6;10;5;2;8;1;0;1;0;0;0;0;0;0;797110,539;5827970,825;13,37995973;52,5206695
2020;6;17;4;3;5;2;0;1;1;0;0;0;0;0;800000,8709;5833019,327;13,42699014;52,56433838
2020;6;7;5;3;5;2;0;0;1;0;0;0;0;0;806427,9466;5822974,92;13,51226411;52,47073916
2020;6;15;3;3;5;3;0;1;1;0;0;0;0;0;800145,3717;5823272,037;13,42032039;52,47689045
2020;6;5;5;3;5;2;0;0;1;0;1;0;0;0;798615,4213;5826924,342;13,40113435;52,51046722
2020;6;19;2;3;0;5;0;0;1;0;1;0;0;0;786645,3069;5829241,803;13,22724324;52,53766698
2020;6;18;2;3;5;3;0;1;1;0;0;0;0;0;801637,5642;5822641,488;13,44165454;52,47041665
2020;6;13;7;3;2;6;0;0;1;0;0;0;0;0;785674,1559;5828015,998;13,21190999;52,52718659
2020;6;0;5;3;1;7;2;0;0;0;1;0;0;0;791328,8163;5825234,317;13,29259374;52,49925669
2020;6;14;4;3;5;3;0;0;1;0;0;0;0;0;806173,0057;5831395,213;13,51626733;52,54634718
2020;6;9;5;3;5;2;0;0;1;0;0;0;0;0;793962,438;5822006,091;13,32843226;52,46890487
2020;6;11;2;3;2;6;0;0;1;0;0;0;0;0;790398,276;5833695,283;13,28631861;52,57560532
2020;6;17;2;3;2;2;0;0;1;0;0;0;0;0;795148,8428;5828487,441;13,35159011;52,5263659
2020;6;17;6;3;0;5;0;1;1;0;0;0;0;0;799845,5944;5825805,958;13,41819955;52,49976787
2020;6;17;5;3;2;2;0;0;1;0;0;0;0;1;802697,3278;5831786,299;13,46552533;52,55179462
2020;6;14;4;3;5;3;0;1;1;0;0;0;0;0;799955,9753;5835682,927;13,42873957;52,58823756
2020;6;21;7;3;1;5;0;0;1;0;0;0;0;0;804326,1839;5839616,46;13,49666615;52,62106413
2020;6;9;5;3;0;3;0;1;1;0;0;0;0;0;802002,6495;5823720,378;13,4479898;52,47988519
2020;6;9;5;3;1;5;0;1;1;0;0;0;0;0;807961,3704;5817853,525;13,53004691;52,42397829
2020;6;17;3;3;4;6;0;1;0;0;0;0;0;0;807140,7287;5825728,706;13,52526157;52,49501882
2020;6;8;5;3;5;2;0;1;1;0;0;0;0;0;796143,4679;5825693,807;13,36372226;52,50078419
2020;6;14;7;3;3;6;0;1;1;0;0;0;0;0;794668,1006;5829870,51;13,34575045;52,53902416
2020;6;11;3;3;2;6;0;0;1;0;0;0;0;0;784737,88;5827491,012;13,19769655;52,52296939
2020;6;7;5;3;5;3;0;0;1;0;0;0;1;0;797993,2951;5828907,177;13,39377071;52,52858102
2020;6;17;2;2;5;2;0;0;1;0;1;0;0;0;793792,0384;5820810,582;13,32487859;52,45827924
2020;6;17;2;3;1;5;0;1;1;0;0;0;0;0;793892,6904;5830229,336;13,33466778;52,54265956
2020;6;23;6;3;5;3;2;0;0;0;1;0;1;0;798295,488;5825312,195;13,39498986;52,49619143
2020;6;16;5;3;2;6;0;0;1;0;0;0;0;0;794932,96;5824627,567;13,34499701;52,49188167
2020;6;19;4;3;6;7;0;0;1;1;0;0;0;0;801591,7352;5823018,469;13,44132273;52,47382093
2020;6;16;7;3;2;6;0;0;1;0;0;0;0;0;802354,628;5829234,351;13,45816401;52,52911212
2020;6;16;5;2;5;3;0;1;1;0;0;0;0;1;796566,4634;5830500,476;13,37422137;52,54364133
2020;6;14;7;2;5;3;0;1;1;0;0;0;0;0;793949,5055;5822398,617;13,3285883;52,47243066
2020;6;10;3;3;1;5;0;1;0;0;0;0;1;0;798656,1963;5824579,585;13,3996307;52,48942728
2020;6;20;7;3;5;7;1;0;1;0;0;0;0;0;793920,5792;5825687,324;13,33106397;52,50192794
2020;6;7;5;3;5;2;0;1;1;0;0;0;0;0;798005,4674;5825273,743;13,39069602;52,49600518
2020;6;14;7;3;2;3;0;1;0;0;1;0;0;0;801858,9761;5829003,068;13,45066972;52,52731381
2020;6;16;5;2;2;2;0;0;1;0;0;0;1;1;806251,2218;5816368,387;13,50361653;52,41162746
2020;6;18;3;3;1;5;0;1;1;0;0;0;0;0;801028,5915;5822823,098;13,43288039;52,47238039
2020;6;5;2;3;6;4;0;0;1;1;0;0;0;0;800156,463;5830854,642;13,42732148;52,54485002
2020;6;15;5;3;5;2;0;0;1;0;0;0;1;0;799129,0797;5821712,383;13,4040029;52,4634678
2020;6;17;2;3;0;1;0;0;0;0;0;0;1;0;792333,056;5834075,748;13,31512395;52,57798019
2020;6;17;2;3;0;2;0;1;1;0;0;0;0;0;787125,1883;5828129,753;13,23333859;52,52744416
2020;6;15;5;2;5;2;0;1;1;0;0;0;0;0;799061,6276;5825597,127;13,40649751;52,49832618
2020;6;17;5;3;6;4;0;0;1;1;0;0;0;1;797655,6113;5824023,303;13,38444082;52,48498732
2020;6;16;2;3;5;2;0;0;1;0;1;0;0;0;803109,0481;5827114,914;13,46731996;52,50969707
2020;6;17;2;3;1;7;0;0;1;0;0;0;0;0;801424,6196;5821051,246;13,43709295;52,45628042
2020;6;15;5;2;0;1;0;0;0;0;1;0;0;1;799440,3415;5831384,252;13,41727032;52,54999118
2020;6;15;5;3;3;7;0;1;0;0;0;0;0;1;790224,9237;5815008,425;13,26749008;52,4081671
2020;6;7;4;2;0;7;0;0;1;0;1;0;0;0;805960,368;5825334,698;13,50756747;52,4921505
2020;6;9;5;3;5;2;0;1;0;0;0;0;1;0;795657,7106;5829732,303;13,36017634;52,53724925
2020;6;13;7;3;5;3;0;1;1;0;0;0;0;0;799190,97;5831607,125;13,41380435;52,55212591
2020;6;10;3;3;5;2;0;1;1;0;0;0;0;0;802391,1255;5828832,527;13,45833497;52,52549036
2020;6;17;4;3;3;6;0;1;0;0;0;0;0;0;799987,5215;5830256,199;13,42429727;52,53957904
2020;6;10;2;3;5;3;0;0;1;0;1;0;0;0;812540,5749;5825040,529;13,60389822;52,48578695
2020;6;16;2;3;1;1;0;1;1;0;0;0;0;0;815047,4592;5815080,488;13,63130704;52,39509596
2020;6;22;4;3;1;1;2;1;1;0;0;0;0;0;806483,8274;5821598,156;13,5118199;52,45836876
2020;6;16;4;3;5;2;0;1;1;0;0;0;0;0;796367,9127;5816708,048;13,3590412;52,42011243
2020;6;13;5;3;5;3;0;1;1;0;0;0;0;1;803698,1365;5826380,817;13,47530374;52,50278991
2020;6;19;4;3;0;2;0;1;1;0;0;0;0;0;797941,3924;5825259,318;13,38974208;52,49591087
2020;6;15;2;2;0;2;0;0;1;0;0;0;1;0;794842,9631;5819317,941;13,33898333;52,44433257
2020;6;16;2;3;1;5;0;0;1;0;0;0;0;0;797786,1455;5830514,591;13,39216645;52,54310262
2020;6;19;4;3;5;2;0;1;0;0;1;0;0;0;795808,4616;5822504,63;13,35597093;52,47237747
2020;6;17;4;3;5;2;0;1;1;0;0;0;0;0;791912,7224;5824773,162;13,30076687;52,49481048
2020;6;16;5;3;5;2;0;1;1;0;0;0;0;1;795246,6494;5822270,144;13,34751624;52,47057941
2020;6;18;1;3;5;7;0;1;1;0;0;0;0;0;790563,6261;5825204,939;13,28132764;52,49940129
2020;5;16;1;3;3;2;0;0;1;0;0;0;0;0;784979,5514;5829499,331;13,20297079;52,54084963
2020;6;19;4;3;5;2;0;1;1;0;0;0;0;0;798254,3038;5824521,598;13,39367728;52,48912721
2020;6;8;4;3;5;2;0;1;1;0;0;0;0;0;797424,0578;5829329,401;13,38578208;52,53267661
2020;6;10;4;3;1;5;0;1;1;0;0;0;0;0;793963,3613;5817015,737;13,32405469;52,42416767
2020;6;6;4;2;2;6;0;0;1;0;0;0;0;0;804155,233;5817820,294;13,47421569;52,42580927
2020;6;18;7;3;0;1;0;0;0;0;1;0;0;1;794099,8806;5818685,753;13,32752548;52,43906542
2020;6;9;3;3;1;5;0;1;1;0;0;0;0;0;793678,9845;5826128,306;13,32790395;52,50601122
2020;6;6;4;3;5;7;0;0;1;0;1;0;0;0;791589,4204;5825441,389;13,2966032;52,50097389
2020;6;12;2;3;5;2;0;0;1;0;1;0;0;0;793670,1714;5819157,254;13,32163642;52,4435232
2020;5;23;1;3;5;3;2;0;1;0;0;0;0;0;803463,1016;5822050,728;13,46791008;52,46411075
2020;6;17;6;3;5;3;0;1;0;0;0;0;0;0;803736,9271;5826209,997;13,47571766;52,50123731
2020;6;22;4;3;5;2;2;0;1;0;0;0;0;0;799245,0365;5828468,812;13,41177322;52,52396607
2020;6;15;4;2;6;4;0;0;1;1;0;0;0;0;810452,8934;5819924,861;13,56849386;52,44113324
2020;6;14;7;3;0;7;0;1;0;0;0;0;0;0;802188,4676;5823357,515;13,4503888;52,47653002
2020;5;19;1;3;5;7;0;0;1;0;0;0;0;0;801569,7785;5823589,945;13,4415172;52,4789553
2020;6;22;4;2;0;1;2;1;0;0;0;0;0;0;791873,8068;5819135,037;13,29526271;52,44428585
2020;6;19;4;3;2;6;0;0;1;0;0;0;0;0;793816,523;5832719,856;13,3357521;52,56502659
2020;6;14;3;2;0;6;0;1;0;0;0;0;0;0;800621,7462;5827235,588;13,43088989;52,51215506
2020;6;19;4;3;5;7;0;1;1;0;0;0;0;0;804050,0046;5826307,591;13,4804048;52,50193767
2020;6;19;1;3;4;6;0;1;1;0;0;0;0;0;797167,663;5833579,157;13,38581696;52,57091036
2020;5;19;1;3;5;3;0;1;1;0;0;0;0;0;796355,9797;5825093,333;13,3663095;52,49528614
2020;6;19;4;2;3;6;0;1;1;0;0;0;0;0;812246,3717;5820068,177;13,59492795;52,44139655
2020;6;18;4;2;5;3;0;0;1;0;0;0;0;0;797373,6674;5826183,353;13,38222916;52,50450343
2020;6;9;4;3;0;3;0;1;0;0;1;0;0;0;797972,2761;5830852,291;13,39520592;52,54602789
2020;6;18;4;2;5;3;0;0;1;0;1;0;0;0;804959,8712;5827935,818;13,4952593;52,51602294
2020;6;16;3;3;5;2;0;1;0;0;0;0;0;0;801241,0056;5826205,578;13,43905541;52,50258126
2020;6;12;4;2;4;6;0;0;1;0;0;0;0;0;799659,9511;5819025,737;13,40938321;52,43909486
2020;6;12;2;3;2;7;0;0;1;0;0;0;0;0;799666,6965;5832767,678;13,42184756;52,5622668
2020;5;17;1;3;0;1;0;0;0;0;1;0;0;0;798993,5684;5819077,134;13,39965504;52,43992029
2020;6;13;6;3;0;2;0;1;1;0;0;0;0;0;803003,3237;5822810,57;13,46185303;52,47117634
2020;6;11;4;3;5;3;0;1;1;0;0;0;0;0;809364,6466;5819655,819;13,55228564;52,4393388
2020;6;15;4;3;2;6;0;0;0;0;1;0;1;0;799212,9932;5828465,147;13,41129903;52,52395081
2020;6;23;7;3;5;3;2;1;1;0;0;0;0;0;796296,9332;5835140,563;13,37440244;52,58538128
2020;6;10;4;3;5;7;0;1;1;0;0;0;0;0;805477,5624;5817215,158;13,49305023;52,41964903
2020;6;12;7;3;5;2;0;0;1;0;0;0;0;0;810380,3036;5827953,764;13,57490155;52,5131263
2020;6;10;4;3;5;3;0;1;1;0;0;0;0;0;813024,6327;5824671,263;13,61065688;52,48220064
2020;6;19;3;2;5;7;0;0;1;0;0;0;0;0;795813,2721;5835200,271;13,36733775;52,58617969
2020;6;8;4;3;5;3;0;0;1;0;0;0;0;0;788149,1865;5818734,107;13,24026887;52,44266685
2020;6;19;7;3;1;5;0;1;1;0;0;0;0;0;790404,0582;5835314,135;13,28782227;52,59011507
2020;6;18;2;3;0;5;0;1;1;0;0;0;0;0;794957,1533;5824156,386;13,34493526;52,48764477
2020;6;17;4;3;2;6;0;0;1;0;0;0;0;0;794422,0502;5832537,414;13,34449786;52,56306401
2020;6;16;2;3;5;3;0;1;1;0;0;0;0;0;798533,8248;5824758,256;13,39799384;52,49109577
2020;6;13;3;3;8;1;0;0;1;0;0;0;0;0;808016,219;5816995,798;13,53006145;52,4162603
2020;6;18;4;3;5;2;0;1;1;0;0;0;0;0;780520,7842;5820690,843;13,12997758;52,46417976
2020;6;18;2;3;5;3;0;0;1;0;1;0;0;0;803960,3503;5823452,472;13,47648395;52,47639792
2020;5;19;1;2;7;7;1;0;0;0;1;0;0;0;788490,2503;5821210,432;13,24741221;52,46468867
2020;6;10;6;2;9;1;0;0;1;0;0;0;0;0;799437,971;5828842,603;13,41494506;52,52721061
2020;6;16;4;3;1;5;0;1;1;0;0;0;0;0;800691,9551;5831934,529;13,43617214;52,55423395
2020;6;13;4;2;0;2;0;0;1;0;1;0;0;0;783729,0181;5830615,648;13,18553481;52,55151129
2020;6;18;7;3;1;5;0;1;1;0;0;0;0;1;795107,9879;5824769,802;13,34769347;52,49306212
2020;6;16;4;3;2;6;0;0;1;0;0;0;0;0;805312,7959;5833220,901;13,50530037;52,56319231
2020;6;15;4;3;2;6;0;0;1;0;0;0;0;0;795749,1291;5833621,41;13,3649851;52,57206172
2020;6;15;3;3;1;5;0;1;1;0;0;0;0;0;795139,3003;5825599,023;13,34888807;52,50047857
2020;5;18;1;3;4;6;1;1;0;0;1;0;0;0;794590,5529;5826146,69;13,34131204;52,50568458
2020;6;15;4;3;2;6;0;0;1;0;0;0;1;0;802339,2738;5829200,473;13,45790756;52,52881699
2020;6;16;2;3;5;2;0;1;1;0;0;0;0;0;798555,5863;5824513,796;13,39809438;52,4888926
2020;5;17;1;3;2;7;0;0;1;0;0;0;0;0;793346,6511;5816264,586;13,31435256;52,41776471
2020;6;15;4;3;5;7;0;0;1;0;1;0;0;0;790079,0548;5815807,409;13,26604402;52,41540761
2020;6;17;5;2;5;3;0;1;1;0;0;0;0;1;811001,4405;5821743,693;13,57823141;52,45712117
2020;6;17;1;3;0;1;0;1;0;0;0;0;0;0;804550,4646;5820091,606;13,48207953;52,44594671
2020;5;17;1;3;1;5;0;1;1;0;0;0;0;0;803305,7786;5831549,149;13,47425513;52,54933066
2020;6;14;4;3;5;7;0;0;1;0;0;0;0;0;803889,7893;5823175,166;13,47519557;52,47395175
2020;6;15;4;3;5;2;0;1;1;0;0;0;0;0;792844,8139;5835127,368;13,32358387;52,58713224
2020;6;17;4;3;1;5;0;1;1;0;0;0;0;0;798142,8949;5826223,553;13,39356466;52,50444399
2020;6;14;4;3;3;6;0;1;1;0;0;0;0;0;794963,855;5825958,603;13,34662948;52,50379681
2020;6;12;7;3;5;2;0;1;1;0;0;0;0;0;793732,6268;5821047,727;13,32421537;52,4604371
2020;5;13;1;3;2;6;0;0;1;0;0;0;0;0;783900,4739;5826594,016;13,18462152;52,51536346
2020;6;14;4;3;6;4;0;0;1;1;0;0;0;0;802248,4661;5819059,119;13,44737836;52,43796971
2020;6;14;4;3;5;7;0;0;1;0;0;0;1;0;803173,8392;5830371,395;13,47124035;52,5388482