UJAHR;UMONAT;USTUNDE;UWOCHENTAG;UKATEGORIE;UART;UTYP1;ULICHTVERH;IstRad;IstPKW;IstFuss;IstKrad;IstGkfz;IstSonstige;USTRZUSTAND;LINREFX;LINREFY;XGCSWGS84;YGCSWGS84
2020;6;18;4;2;5;3;0;1;1;0;0;0;0;0;800593,0012;5827054,91;13,43030441;52,51055143
2020;6;16;7;3;1;5;0;1;1;0;0;0;0;0;792260,499;5837441,002;13,31702576;52,60818711
2020;6;14;4;3;5;3;0;0;1;0;0;0;1;0;809227,6721;5831404,66;13,56118018;52,54470672
2020;6;6;3;3;5;3;0;0;1;0;0;0;1;0;800420,7688;5832298,613;13,4325138;52,55764696
2020;6;14;4;3;5;3;0;1;1;0;0;0;0;0;802550,4763;5826711,739;13,45874823;52,5063935
2020;6;15;2;2;5;2;0;0;1;0;1;0;0;0;796373,6861;5832793,082;13,37343371;52,56429697
2020;5;13;1;2;5;2;0;0;1;0;1;0;0;0;784665,788;5829707,58;13,19853527;52,5428808
2020;6;11;4;1;5;2;0;1;0;0;0;1;0;0;801992,5903;5828251,977;13,45195128;52,52050778
2020;6;17;4;3;5;3;0;1;1;0;0;0;0;0;797971,3841;5826082,886;13,39091939;52,50327677
2020;6;16;5;3;5;3;0;0;1;0;1;0;0;1;798070,4619;5826355,713;13,39261899;52,50566822
2020;6;17;1;3;1;5;0;0;1;0;0;0;1;0;793272,0611;5828544,631;13,32405573;52,52789141
2020;5;12;1;3;5;7;0;1;1;0;0;0;0;0;819450,9123;5819880,073;13,70038514;52,43555071
2020;6;14;4;3;2;2;0;0;1;0;0;0;1;0;796571,3437;5815881,756;13,36129168;52,41259512
2020;6;13;4;3;5;2;0;0;1;0;0;0;0;0;805092,7968;5817916,852;13,48804974;52,42615274
2020;6;10;4;3;5;2;0;0;1;0;0;0;0;0;805543,2917;5818561,593;13,49524362;52,43167994
2020;6;13;4;3;5;2;0;1;1;0;0;0;0;0;795525,3937;5816092,174;13,34614414;52,41504707
2020;6;8;3;3;5;3;0;0;1;0;1;0;0;0;798035,6309;5827401,341;13,39304363;52,51505999
2020;6;11;4;3;0;6;0;0;1;0;0;0;1;0;785401,3472;5830332,932;13,20988961;52,54810281
2020;6;8;2;3;5;2;0;1;1;0;0;0;0;0;790013,9828;5819787,241;13,26854219;52,4511227
2020;5;12;1;3;5;2;0;1;1;0;0;0;0;0;781905,1165;5828691,401;13,157073;52,53520472
2020;6;10;3;3;5;3;0;0;1;0;0;0;1;0;800185,478;5830935,652;13,42782127;52,54556015
2020;6;12;3;3;2;6;0;0;1;0;1;0;0;0;798445,9068;5824771,655;13,39671477;52,49126395
2020;6;9;2;3;0;4;0;1;0;1;0;0;0;0;798292,8201;5824822,864;13,39451255;52,49180665
2020;5;10;1;3;2;6;0;0;1;0;1;0;0;0;800765,484;5822748,034;13,42895083;52,4718525
2020;6;9;3;2;3;6;0;1;0;0;0;0;0;0;797339,6058;5824886,656;13,38057118;52,49289853
2020;6;16;4;3;5;3;0;1;1;0;0;0;0;0;809294,1682;5831945,947;13,5626617;52,54951979
2020;6;18;4;3;5;2;0;1;1;0;0;0;0;0;797902,3162;5826578,031;13,3903479;52,50775286
2020;6;18;1;3;5;3;0;0;1;0;0;0;0;0;791533,8897;5819563,866;13,29064989;52,44831167
2020;5;17;1;3;5;3;0;1;1;0;0;0;0;0;797158,6193;5826452,623;13,37931052;52,50703431
2020;6;21;3;3;6;4;1;1;0;1;0;0;0;0;794327,9316;5825949,05;13,33727918;52,50405459
2020;6;19;3;3;5;2;0;1;1;0;0;0;0;0;804237,1912;5841130,874;13,49674947;52,63468662
2020;6;8;4;3;5;2;0;1;1;0;0;0;0;0;800415,7378;5828046,205;13,42859526;52,51953437
2020;6;19;3;2;5;2;0;1;0;0;0;0;0;0;784466,6035;5816997,24;13,18475762;52,42902187
2020;6;12;7;2;6;7;0;1;0;1;0;0;0;0;797899,3623;5830330,293;13,39366573;52,54138874
2020;6;15;3;3;5;3;0;1;1;0;0;0;0;0;790552,2382;5821756,026;13,27815414;52,46848741
2020;6;19;3;3;6;7;0;0;1;1;0;0;0;0;797837,5016;5826969,187;13,38974575;52,51129449
2020;6;20;2;3;5;7;0;1;1;0;0;0;0;0;797806,6369;5824595,977;13,38717005;52,49003833
2020;5;5;1;2;4;7;0;0;1;0;0;0;0;0;799407,6478;5824952,229;13,4109999;52,49235589
2020;6;18;6;3;5;3;0;1;1;0;0;0;0;0;809839,7654;5819988,25;13,55956115;52,44204904
2020;6;16;3;3;5;2;0;1;1;0;0;0;0;0;798570,7375;5825153,25;13,39888986;52,49461618
2020;6;14;4;3;5;2;0;0;1;0;0;0;0;0;780873,5084;5828323,787;13,14159314;52,53244112
2020;6;11;7;3;6;7;0;1;0;1;0;0;0;0;798329,2187;5824099,987;13,39439996;52,48530707
2020;6;12;3;2;3;6;0;1;1;0;0;0;0;0;814797,4928;5821269,478;13,63346861;52,45069882
2020;6;18;3;3;1;5;0;1;1;0;0;0;0;0;807914,4489;5822039,694;13,53321625;52,46152178
2020;6;18;3;3;1;5;0;1;1;0;0;0;0;0;795450,7341;5830649,054;13,35794886;52,54557937
2020;6;17;6;3;2;6;0;0;1;0;0;0;1;1;795975,4686;5831253,539;13,36620312;52,55071316
2020;6;18;3;3;5;2;0;1;1;0;0;0;0;0;796016,734;5824976,293;13,36122302;52,49442106
2020;6;15;4;2;5;2;0;0;1;0;1;0;0;0;786097,5613;5829140,785;13,21910233;52,53704912
2020;6;22;7;3;5;7;2;1;1;0;0;0;0;0;801387,8047;5823754,66;13,43899471;52,48053213
2020;6;16;3;3;2;6;0;0;1;0;0;0;0;0;799274,9238;5828508,348;13,412248;52,52430405
2020;6;16;3;3;0;4;0;0;0;1;0;0;1;0;792658,8324;5817306,082;13,30517869;52,42746987
2020;6;19;3;3;6;7;0;0;1;1;0;0;0;0;784934,3867;5827595,396;13,2006745;52,52380264
2020;6;16;3;2;5;2;0;0;1;0;1;0;0;0;797577,5394;5826520,822;13,38552559;52,5074173
2020;6;12;3;2;0;1;0;1;0;0;0;0;0;0;803374,0659;5826684,122;13,47082038;52,50568865
2020;6;15;3;3;3;6;0;1;1;0;0;0;0;0;794828,7489;5823465,399;13,34243851;52,48151986
2020;6;17;2;2;5;3;0;0;1;0;1;0;0;0;800678,4265;5830666,459;13,43482508;52,5428755
2020;5;17;1;3;5;3;0;1;1;0;0;0;0;0;807841,9373;5829091,164;13,53866741;52,52475809
2020;6;16;6;3;1;5;0;1;1;0;0;0;0;0;801771,5909;5824810,452;13,44558467;52,48978342
2020;6;16;3;3;0;7;0;1;0;0;0;0;0;0;800744,0007;5836893,968;13,44143614;52,59865708
2020;6;20;4;3;5;2;1;1;1;0;0;0;0;0;784785,3359;5828822,841;13,199535;52,53488578
2020;6;17;7;3;5;3;0;1;1;0;0;0;0;0;799370,134;5825175,046;13,41064922;52,49437369
2020;6;15;3;3;6;7;0;1;0;1;0;0;0;0;801225,7571;5825250,152;13,43796738;52,49402599
2020;6;14;3;3;0;7;0;0;1;0;0;0;1;0;797517,3826;5824026,241;13,38241381;52,48508899
2020;6;15;3;3;3;6;0;0;0;0;1;0;1;0;796498,5342;5831901,557;13,37447366;52,55623747
2020;6;15;2;3;6;4;0;0;1;1;0;0;0;0;800942,1124;5822306,161;13,43114477;52,46779456
2020;5;16;1;2;1;5;0;0;1;0;0;0;0;0;784733,5274;5830557,599;13,20026021;52,55046663
2020;5;1;1;2;9;1;2;0;1;0;0;0;0;0;796574,9475;5815867,42;13,36133181;52,41246466
2020;6;15;3;3;2;7;0;1;1;0;0;0;0;0;801002,2352;5823902,622;13,4334679;52,48207102
2020;6;21;2;3;3;6;1;0;1;0;0;0;0;0;791145,7462;5829115,013;13,29330052;52,53414459
2020;5;17;1;3;2;6;0;0;1;0;0;0;0;0;789386,686;5827509,962;13,26604243;52,52069182
2020;6;15;3;3;1;5;0;0;1;0;0;0;1;0;797527,8243;5828757,579;13,38679557;52,52749429
2020;6;17;5;3;5;3;0;1;1;0;0;0;0;0;806136,2744;5827312,766;13,51196861;52,50977995
2020;6;16;2;3;5;2;0;1;1;0;0;0;0;0;796635,518;5826670,283;13,37181979;52,50927008
2020;5;17;1;3;0;2;0;0;1;0;1;0;0;0;804208,9952;5829078,218;13,4852727;52,52668116
2020;6;14;3;2;1;5;0;0;1;0;0;0;0;0;785191,7637;5827662,176;13,20451508;52,52426682
2020;6;14;3;3;0;2;0;1;1;0;0;0;0;0;813015,7361;5827636,645;13,61331247;52,50877872
2020;6;8;4;3;5;2;0;1;1;0;0;0;0;0;796254,4584;5825960,287;13,36558964;52,5031127
2020;6;16;7;3;5;2;0;1;1;0;0;0;0;0;793989,3422;5821547,807;13,32842341;52,46478207
2020;6;15;3;3;2;6;0;0;1;0;0;0;0;0;790857,3473;5824365,942;13,28490977;52,49172317
2020;6;10;3;3;5;3;0;0;1;0;0;0;1;0;804919,8596;5829936,705;13,49650607;52,5339782
2020;6;14;3;3;5;6;0;0;1;0;0;0;0;0;802803,5156;5828237,159;13,46385301;52,51992529
2020;6;12;2;3;5;2;0;1;1;0;0;0;0;0;795870,9445;5825420,374;13,3594763;52,49848094
2020;5;16;1;3;1;5;0;1;1;0;0;0;0;0;802275,8588;5827497,084;13,45542764;52,51358475
2020;6;13;3;2;5;2;0;0;1;0;1;0;0;0;799067,7236;5825600,247;13,40658985;52,49835081
2020;6;16;4;3;5;3;0;1;0;0;0;0;0;0;798377,497;5834193,783;13,40416838;52,57575773
2020;6;12;5;3;5;2;0;1;1;0;0;0;0;0;797858,107;5825635,107;13,38885494;52,49932482
2020;6;20;1;3;5;3;0;0;1;0;0;0;1;0;804251,9204;5828690,858;13,4855491;52,52318545
2020;5;16;1;3;5;7;0;0;1;0;0;0;0;0;801036,2065;5820591,557;13,43097953;52,45237413
2020;6;13;3;3;5;3;0;1;1;0;0;0;0;0;810593,4497;5825391,14;13,57564236;52,49004004
2020;6;13;3;3;5;3;0;0;1;0;1;0;0;0;792602,8711;5837527,997;13,32214427;52,60878278
2020;6;9;4;3;5;2;0;0;1;0;1;0;0;0;791117,0981;5838211,768;13,30086648;52,61571036
2020;6;10;3;3;5;7;0;0;1;0;0;0;0;0;793769,5065;5822843,384;13,32633765;52,47651464
2020;6;17;4;3;3;6;0;0;1;0;1;0;0;0;793530,3143;5832379,535;13,33124066;52,5621302
2020;6;17;5;3;5;3;0;1;1;0;0;0;0;1;797106,9731;5819477,975;13,37233844;52,44454166
2020;6;11;1;2;0;1;0;1;0;0;0;0;0;1;810880,2948;5820634,821;13,57542208;52,44725284
2020;5;15;1;2;1;5;0;1;1;0;0;0;0;0;800023,9951;5827056,171;13,42194639;52,51087598
2020;6;9;3;2;0;3;0;0;1;0;1;0;0;0;802064,3359;5831018,196;13,45551923;52,54526156
2020;6;12;3;3;5;2;0;1;1;0;0;0;0;0;788365,7693;5817759,846;13,24260596;52,43381783
2020;6;11;4;2;0;1;0;1;0;0;0;0;0;0;800039,8915;5837333,134;13,43146961;52,60298234
2020;6;8;3;3;5;2;0;1;1;0;0;0;0;0;794434,1466;5831457,389;13,34371767;52,55337585
2020;6;9;3;2;5;2;0;1;0;0;0;1;0;0;798869,8108;5830455,997;13,40804582;52,54198408
2020;6;8;3;3;1;5;0;1;1;0;0;0;0;0;802434,7043;5824101,22;13,45467783;52,4830596
2020;6;9;2;3;5;2;0;1;0;0;0;0;0;0;803796,9146;5829131,679;13,479266;52,52739008
2020;5;14;1;2;6;4;0;0;1;1;0;0;0;0;797376,4128;5832446,439;13,38787267;52,560643
2020;6;8;3;3;5;2;0;1;1;0;0;0;0;0;801426,0995;5836111,578;13,45076438;52,59126692
2020;6;15;4;3;1;5;0;1;1;0;0;0;0;0;794208,178;5820147,842;13,33040161;52,45211421
2020;6;13;1;2;5;2;0;1;1;0;0;0;0;0;799858,9868;5825691,642;13,41829332;52,49873584
2020;5;13;1;3;0;7;0;1;0;0;0;0;0;0;798775,1992;5831025,514;13,40716714;52,54714085
2020;6;8;3;3;2;7;0;1;0;0;0;0;1;0;790698,9832;5816836,832;13,27602782;52,42430778
2020;6;7;3;2;5;2;0;1;1;0;0;0;0;0;796591,2823;5815876,027;13,36157889;52,41253297
2020;6;10;3;3;5;2;0;1;1;0;0;0;0;0;802236,16;5829337,394;13,45651664;52,53010138
2020;6;7;3;3;2;7;0;1;1;0;0;0;0;0;798505,8472;5829096,165;13,40147352;52,52999462
2020;6;14;3;3;5;7;0;1;1;0;0;0;0;0;801013,6738;5824039,388;13,43375932;52,48329059
2020;6;7;3;3;5;2;0;1;1;0;0;0;0;0;787287,0332;5837903,125;13,24418431;52,61498164
2020;6;7;3;3;1;5;0;1;0;0;0;0;1;0;811111,586;5828333,407;13,58599786;52,51611184
2020;6;8;3;2;6;4;0;0;1;1;0;0;0;0;790759,8113;5827536,211;13,28624613;52,52019669
2020;6;12;3;3;5;2;0;1;0;0;0;0;1;0;797211,4466;5818625,485;13,37311291;52,4368431
2020;6;11;2;3;2;2;0;0;1;0;0;0;0;0;796922,9252;5822282,416;13,37213254;52,46978089
2020;5;17;1;3;0;6;0;0;1;0;0;0;1;0;796834,8644;5831313,595;13,37889435;52,55078386
2020;6;16;6;3;5;3;0;0;1;0;0;0;0;0;803462,7542;5822050,303;13,46790459;52,46410713
2020;6;5;3;3;2;6;0;0;1;0;0;0;0;0;813691,227;5828259,486;13,62381986;52,51397196
2020;6;15;4;3;5;7;0;1;1;0;0;0;0;0;798533,7539;5824757,625;13,39799223;52,49109016
2020;6;20;7;3;5;3;0;1;1;0;0;0;0;0;793407,9128;5829570,113;13,32695775;52,53701124
2020;6;19;3;3;5;3;0;1;1;0;0;0;0;0;800721,7204;5826208,98;13,43143124;52,50289819
2020;6;12;7;3;5;2;0;0;1;0;0;0;0;0;800023,6891;5833422,285;13,42769019;52,56793762
2020;6;12;3;3;5;2;0;0;1;0;1;0;0;0;796295,3203;5823018,464;13,36357414;52,47671969
2020;6;19;3;3;6;6;0;1;0;1;0;0;0;0;797890,6387;5833084,478;13,3960088;52,56608107
2020;6;16;3;2;1;7;0;0;1;0;1;0;1;0;795761,3883;5835075,991;13,36646324;52,58509387
2020;6;11;7;3;2;6;0;0;1;0;0;0;0;0;810709,794;5831992,834;13,5835162;52,5491344
2020;6;11;2;3;0;6;0;0;1;0;0;0;1;0;809757,0656;5820492,822;13,55881608;52,44661776
2020;6;18;2;3;0;6;0;0;1;0;0;0;1;0;793084,409;5830252,73;13,32280388;52,54330466
2020;6;17;2;3;5;3;0;1;1;0;1;0;0;0;801971,3299;5829016,554;13,4523331;52,52737245
2020;5;22;7;3;1;5;2;1;1;0;0;0;0;0;800991,4967;5824796,775;13,43411769;52,49009149
2020;6;19;4;3;3;6;0;1;1;0;0;0;0;0;800559,6308;5825015,615;13,42797362;52,49229096
2020;6;15;7;2;2;7;0;0;1;0;0;0;0;0;795835,4584;5819064,329;13,35331891;52,44152304
2020;6;16;7;2;5;2;0;0;1;0;0;0;0;0;788003,6264;5829673,507;13,24758931;52,54082122
2020;6;22;2;2;5;3;2;0;1;0;0;0;0;0;784499,2746;5828871,101;13,19537026;52,53546789
2020;6;12;4;3;1;5;0;0;1;0;1;0;0;0;817007,1283;5817133,508;13,66195471;52,41236173
2020;6;15;4;3;5;3;0;1;1;0;0;0;0;0;801413,183;5830904,938;13,44584326;52,54460705
2020;6;19;2;3;5;2;0;1;1;0;0;0;0;0;799603,8485;5826091,425;13,41490576;52,50245942
2020;6;19;2;3;1;5;0;1;1;0;0;0;0;0;788189,4749;5826894,242;13,24791297;52,51580569
2020;6;18;2;3;4;6;0;1;0;0;0;0;0;0;795878,3175;5818104,877;13,35309835;52,43289901
2020;6;11;4;3;5;7;0;0;1;0;0;0;0;0;784189,7329;5828731,419;13,19069943;52,534377
2020;6;18;2;3;0;7;0;1;1;0;0;0;0;0;799260,255;5824660,428;13,40857336;52,48982113
2020;6;10;4;3;6;4;0;1;0;1;0;0;0;0;798652,8167;5824571,144;13,39957351;52,48935347
2020;6;17;2;3;5;7;0;0;1;0;0;0;0;0;793855,8986;5826060,109;13,33044283;52,50530461
2020;6;13;5;2;3;6;0;1;1;0;0;0;0;0;793220,9718;5827792,972;13,32264202;52,5211806
2020;6;10;4;2;5;2;0;1;1;0;0;0;0;0;801770,2529;5825801,321;13,44646254;52,49866543
2020;6;17;2;3;5;5;0;1;1;0;0;0;0;0;798175,0648;5829605,825;13,39706892;52,53474407
2020;6;16;2;3;5;2;0;1;1;0;0;0;0;0;795224,7897;5824368,521;13,34905333;52,48940176
2020;6;16;2;2;0;1;0;1;0;0;0;0;0;0;800716,8864;5828488,016;13,43341966;52,52332844
2020;6;16;2;3;2;6;0;1;1;0;0;0;0;0;797579,3084;5828732,066;13,38752941;52,5272375
2020;6;10;4;3;5;3;0;1;1;0;0;0;0;0;792956,2994;5825133,017;13,31641111;52,49747733
2020;6;15;2;3;2;6;0;0;1;0;1;0;0;0;792461,765;5824085,243;13,3082273;52,48834951
2020;6;12;2;3;2;6;0;0;1;0;0;0;1;0;803975,5225;5823467,455;13,47672031;52,47652376
2020;6;11;5;3;2;6;0;0;1;0;1;0;0;0;797580,9474;5815565,188;13,3758103;52,40920949
2020;6;9;4;3;5;3;0;0;1;0;0;0;0;0;799173,4332;5830743,896;13,41276882;52,54439804
2020;6;23;2;3;1;5;2;1;1;0;0;0;0;0;797634,6083;5824022,168;13,38413142;52,4849886
2020;6;13;2;3;5;2;0;1;1;0;0;0;0;0;782374,3895;5830505,202;13,16551511;52,55122498
2020;6;22;2;2;5;3;2;1;0;0;1;0;0;0;806621,6551;5827360,87;13,51914252;52,50993848
2020;6;9;4;3;5;3;0;1;1;0;0;0;0;0;793573,8253;5822125,7;13,32283311;52,47018609
2020;6;15;4;3;5;2;0;0;1;0;0;0;0;0;793598,0271;5815905,152;13,31772292;52,41440767
2020;6;21;2;3;1;5;1;1;1;0;0;0;0;0;801359,9965;5826439,664;13,44101499;52,50461371
2020;6;20;2;2;5;3;1;1;1;0;0;0;0;0;805428,7462;5834483,492;13,50816819;52,57444294
2020;6;8;4;3;5;3;0;1;1;0;0;0;0;0;802304,4046;5833112,279;13,46095555;52,56389739
2020;6;9;4;3;5;2;0;0;1;0;1;0;0;0;800415,4837;5828046,278;13,42859159;52,51953516
2020;6;20;2;2;2;4;0;0;1;1;0;0;0;0;793214,4802;5819719,027;13,31544421;52,44880391
2020;6;9;4;3;2;6;0;0;1;0;0;0;0;0;817182,2099;5821130,478;13,66831097;52,44807506
2020;6;20;2;3;5;2;1;1;1;0;0;0;0;0;804986,9775;5833001,816;13,50030725;52,56141138
2020;6;20;2;3;0;2;1;1;1;0;0;0;0;0;803002,0866;5822811,09;13,46183534;52,47118169
2020;6;9;5;3;0;6;0;1;1;0;0;0;0;0;798888,7071;5828592,5;13,40664791;52,52527021
2020;6;8;4;3;5;2;0;1;1;0;0;0;0;0;810473,882;5820263,106;13,56911591;52,44415257
2020;6;20;2;3;5;2;0;1;1;0;0;0;0;0;799274,2967;5816272,385;13,40126305;52,41462567
2020;6;20;2;3;5;7;0;1;1;0;0;0;0;0;795529,3355;5830734,178;13,35918034;52,5462998
2020;6;11;2;3;0;7;0;1;0;0;0;0;0;0;793726,1838;5815743,47;13,31945993;52,41288948
2020;6;8;4;3;6;7;0;0;1;1;0;0;0;0;802456,5011;5819142,524;13,4505049;52,43860227
2020;6;15;4;2;2;6;0;0;1;0;1;0;0;0;786288,37;5828190,176;13,22108911;52,52842601
2020;6;8;2;3;4;6;0;0;1;0;0;0;0;0;794948,835;5832003,025;13,35177179;52,55798855
2020;6;8;2;3;6;2;0;0;0;1;0;0;1;0;792713,5606;5816243,044;13,30505119;52,41791055
2020;6;7;2;3;6;4;0;0;1;1;0;0;0;0;810268,1889;5829484,834;13,57468272;52,52691077
2020;6;8;4;2;5;3;0;1;1;0;0;0;0;0;801608,7264;5831820,354;13,44954947;52,55270372
2020;6;7;2;3;0;1;0;1;0;0;0;0;0;0;812009,7017;5830593,207;13,6013106;52,53584926
2020;6;6;2;3;5;3;0;1;1;0;0;0;0;0;804429,7888;5827859,723;13,48740207;52,51563707
2020;6;6;2;3;5;3;0;1;1;0;0;0;0;0;810554,0138;5825086,669;13,5747797;52,48733394
2020;6;5;2;3;0;1;0;0;0;0;1;0;0;1;800934,9089;5833544,124;13,44120447;52,56852671
2020;6;1;4;3;0;1;2;0;0;0;0;0;1;0;793656,6065;5820601,521;13,3227072;52,45647787
2020;6;15;4;3;2;6;0;0;1;0;0;0;1;0;793568,7957;5817994,815;13,31912819;52,43315669
2020;6;16;2;3;2;6;0;0;1;0;1;0;0;0;783770,3092;5826238,003;13,18240487;52,51223912
2020;6;16;2;2;5;2;0;0;1;0;0;0;0;0;796050,208;5828133,029;13,36452223;52,52270021
2020;6;16;2;3;1;5;0;0;1;0;0;0;0;0;792308,3802;5830561,017;13,31166454;52,54648524
2020;6;8;3;3;0;5;0;0;1;0;0;0;0;0;795231,8525;5818142,305;13,34365002;52,43358382
2020;6;15;2;3;4;6;0;1;0;0;0;0;0;0;813092,0958;5826531,53;13,61339483;52,49883194
2020;6;15;3;3;2;6;0;0;1;0;0;0;0;0;792147,9339;5825308,443;13,30469112;52,49948332
2020;6;15;2;2;5;3;0;1;0;0;0;1;0;0;783583,3432;5828663,061;13,18172511;52,53407995
2020;6;11;5;3;8;7;0;0;0;0;0;0;1;0;805863,6209;5825864,426;13,50663326;52,49695234
2020;6;21;3;3;1;5;1;1;1;0;0;0;0;0;803827,1972;5827980,251;13,47865923;52,51705333
2020;6;9;3;3;6;7;0;1;0;1;0;0;0;0;780888,4584;5828594,654;13,14204188;52,53486218
2020;6;15;2;3;2;6;0;0;1;0;0;0;0;0;792392,8533;5835093,243;13,31690158;52,58706944
2020;6;15;5;3;5;3;0;0;1;0;0;0;0;0;799573,8664;5816478,708;13,40583919;52,41631122
2020;6;19;3;3;0;2;0;1;0;0;1;0;0;0;800465,0773;5825258,011;13,42680374;52,4945157
2020;6;14;2;3;5;2;0;0;1;0;0;0;0;0;801273,7567;5821490,719;13,43527599;52,46030274
2020;6;14;2;3;3;6;0;0;1;0;1;0;0;0;798621,0901;5814453,398;13,39006525;52,39867715
2020;6;14;2;3;3;6;0;1;1;0;0;0;0;0;797523,9375;5828744,692;13,38672692;52,52738089
2020;6;13;2;3;1;5;0;1;1;0;0;0;0;0;796118,4423;5823495,798;13,36140134;52,48109452
2020;6;19;3;3;5;2;0;0;1;0;1;0;0;0;795784,3676;5828189,952;13,36066604;52,52335476
2020;6;13;2;2;5;3;0;0;1;0;1;0;0;0;792187,9151;5832950,646;13,31199676;52,56797205
2020;6;13;2;2;0;5;0;1;1;0;0;0;0;0;801260,2745;5827919,617;13,44088983;52,51793385
2020;6;10;5;3;5;3;0;0;1;0;0;0;0;0;800943,4117;5833548,116;13,44133317;52,5685578
2020;6;18;3;3;6;4;0;1;0;1;0;0;0;0;795889,7254;5830457,977;13,36423344;52,5436283
2020;6;13;2;3;0;7;0;1;0;0;0;0;0;0;794674,2862;5816305,964;13,33385449;52,41742247
2020;6;12;2;2;5;3;0;1;1;0;0;0;0;0;798248,7207;5826084,225;13,39499437;52,50313726
2020;6;12;2;3;2;7;0;0;0;0;1;0;1;0;796055,1941;5825585,357;13,36232922;52,49985994
2020;6;20;2;3;5;2;0;1;1;0;0;0;0;0;799901,9018;5825710,647;13,41894073;52,49888261
2020;6;11;2;2;5;2;0;1;1;0;0;0;0;0;789357,0946;5817365,66;13,25680615;52,42976025
2020;6;18;3;3;5;2;0;0;1;0;1;0;0;0;793309,419;5829041,819;13,3250435;52,53232837
2020;6;17;2;3;5;2;0;1;0;0;0;0;0;0;797838,2149;5825787,023;13,38869863;52,50069742
2020;6;10;2;3;6;4;0;1;0;1;0;0;0;0;798642,174;5828819,459;13,40322866;52,52743967
2020;6;8;5;3;5;2;0;0;1;0;1;0;0;0;813234,788;5831081,101;13,61977352;52,53951857
2020;6;18;3;3;3;6;0;1;0;0;0;0;0;0;794786,5858;5825560,972;13,34367336;52,50032812
2020;6;11;2;3;5;2;0;0;1;0;0;0;1;0;780345,1874;5827612,08;13,1332247;52,52633144
2020;6;10;2;3;0;2;0;0;1;0;0;0;1;0;799675,7949;5837846,564;13,42657438;52,60778512
2020;6;10;2;2;4;6;0;0;1;0;0;0;0;0;783645,1911;5825496,262;13,17993401;52,50565358
2020;6;18;3;3;5;2;0;0;1;0;0;0;0;0;795247,263;5826624,124;13,35138298;52,50960943
2020;6;21;4;3;5;3;2;0;1;0;0;0;0;0;796881,9756;5831208,72;13,37949336;52,5498181
2020;6;8;2;3;0;7;0;1;0;0;0;0;0;0;798899,2071;5825119,953;13,40368386;52,49413795
2020;6;16;2;1;5;2;0;0;1;0;1;0;0;0;802717,719;5837328,139;13,4708851;52,60145327
2020;6;18;3;3;1;5;0;1;1;0;0;0;0;0;798187,6986;5824806,584;13,39295425;52,49171815
2020;6;19;4;3;0;1;0;1;0;0;0;0;0;0;797806,9468;5829268,398;13,39135545;52,53192073
2020;6;17;1;3;0;3;0;1;0;0;0;0;1;0;802446,7071;5834003,648;13,46386123;52,57180752
2020;6;18;1;3;5;2;0;1;0;0;1;0;0;0;791395,3739;5820496,925;13,28943163;52,45675045
2020;6;8;4;3;5;3;0;1;1;0;0;0;0;0;796238,0483;5818263,634;13,35851493;52,43412746
2020;6;22;1;3;2;7;2;1;1;0;0;0;0;0;793828,3084;5824514;13,32867352;52,49145934
2020;6;8;4;3;6;4;0;0;1;1;0;0;0;0;804768,4187;5840684,787;13,50416345;52,63039085
2020;6;22;1;3;5;2;2;1;1;0;0;0;0;0;798082,0906;5829999,888;13,39605572;52,53832718
2020;6;20;1;3;1;7;0;1;1;0;0;0;0;0;797569,791;5828037,498;13,38676805;52,52101673
2020;6;18;3;2;4;6;0;0;1;0;1;0;0;0;802511,8719;5817976,347;13,45026186;52,42811902
2020;6;14;4;3;5;3;0;1;1;0;0;0;0;0;802059,733;5822740,705;13,44794054;52,47107269
2020;6;20;1;3;1;5;0;1;1;0;0;0;0;0;789887,5587;5823100,054;13,26956499;52,48089008
2020;6;19;1;3;5;2;0;1;1;0;0;0;0;0;791273,2576;5821468,066;13,28848695;52,46552188
2020;6;8;4;3;5;2;0;0;1;0;0;0;0;0;802065,1378;5821982,426;13,44733343;52,46427314
2020;6;18;1;3;0;1;0;1;0;0;0;0;0;0;803027,3984;5817420,248;13,45731713;52,42284938
2020;6;17;1;3;1;5;0;1;1;0;0;0;0;0;799294,6563;5831428,926;13,41516841;52,55047167
2020;6;7;4;3;4;6;0;0;1;0;0;0;1;0;795002,3801;5829559,295;13,35038867;52,53605351
2020;6;18;1;2;9;1;0;0;1;0;0;0;0;0;801103,5291;5834535,321;13,44458483;52,5773176
2020;6;17;3;3;5;2;0;1;1;0;0;0;0;0;806548,8631;5829160,927;13,51973187;52,52611185
2020;6;16;1;2;5;7;0;0;1;0;1;0;0;0;803784,7355;5820878,907;13,47156358;52,45342916
2020;6;17;3;3;6;4;2;1;0;1;0;0;0;0;811289,2304;5820184,737;13,58100046;52,44298675
2020;6;15;1;3;0;1;0;0;0;0;0;0;1;0;798370,9617;5827943,535;13,39845684;52,51973669
2020;6;14;5;3;2;6;0;0;1;0;1;0;0;0;793603,96;5826428,394;13,32706643;52,50874175
2020;6;17;3;3;0;5;0;0;1;0;0;0;0;0;795644,093;5824137,998;13,35500636;52,48710838
2020;6;12;1;3;2;6;0;1;1;0;0;0;0;0;796285,1841;5823952,611;13,36425547;52,48509902