UJAHR;UMONAT;USTUNDE;UWOCHENTAG;UKATEGORIE;UART;UTYP1;ULICHTVERH;IstRad;IstPKW;IstFuss;IstKrad;IstGkfz;IstSonstige;USTRZUSTAND;LINREFX;LINREFY;XGCSWGS84;YGCSWGS84
2020;6;15;5;3;0;3;0;0;1;0;1;0;0;0;809133,4257;5818827,397;13,54812885;52,43204526
2020;6;10;1;3;5;7;0;1;1;0;0;0;0;0;801994,4169;5822418,239;13,44669;52,46821849
2020;6;9;3;3;2;2;0;0;1;0;1;0;0;0;797912,1047;5828327,431;13,39205802;52,52342871
2020;6;7;4;3;0;7;0;0;1;0;0;0;0;0;801096,2452;5823594,025;13,4345694;52,47925315
2020;6;20;5;2;1;5;0;0;1;0;1;0;0;0;799267,3327;5821748,969;13,40606464;52,46372004
2020;6;20;1;3;2;6;0;0;1;0;0;0;0;0;799254,924;5825632,16;13,40936794;52,49853425
2020;6;11;3;3;3;6;0;0;1;0;0;0;0;0;800997,6216;5820582,427;13,43040521;52,45231354
2020;6;13;6;3;6;7;0;1;0;1;0;0;0;0;782816,7371;5827120,383;13,16914105;52,52064614
2020;6;13;3;3;6;4;0;1;0;1;0;0;0;0;811823,5896;5830765,893;13,59873758;52,53750324
2020;6;15;6;3;5;2;0;1;1;0;0;0;0;1;800788,1933;5825815,481;13,43205219;52,49933451
2020;6;8;5;3;5;2;0;1;0;0;0;0;1;0;792659,6966;5821780,114;13,30911097;52,46757847
2020;6;14;6;3;5;2;0;1;1;0;0;0;0;0;795466,2009;5827764,898;13,35561255;52,519717
2020;6;6;2;3;0;5;0;0;0;0;1;0;1;0;799650,4311;5831868,927;13,42079691;52,55421995
2020;6;14;6;3;5;3;0;1;1;0;0;0;0;0;796462,494;5815476,907;13,35933749;52,4090249
2020;6;19;4;3;5;3;0;0;1;0;1;0;0;0;800054,814;5831273,526;13,42620545;52,54866059
2020;6;18;1;3;0;5;0;1;0;0;0;0;1;0;800561,5485;5825112,333;13,42808903;52,49315683
2020;6;7;3;3;2;6;0;0;1;0;0;0;0;0;789490,4149;5826609,632;13,26678356;52,5125651
2020;6;11;2;3;2;6;0;0;1;0;1;0;0;0;806113,7925;5830141,763;13,51424201;52,53514677
2020;6;14;6;3;5;3;0;1;1;0;0;0;0;0;790289,1603;5814823,079;13,26827109;52,40647135
2020;6;11;4;3;9;1;0;0;0;0;1;0;0;0;792521,1735;5816455,833;13,30241636;52,41992105
2020;6;11;2;3;3;6;0;1;0;0;0;0;1;0;794037,358;5826212,945;13,33324361;52,50657693
2020;6;14;6;3;5;3;0;0;1;0;0;0;0;0;791337,8783;5828707,921;13,29576828;52,5303924
2020;6;11;4;3;0;1;0;1;0;0;0;0;0;0;797508,4603;5828784,196;13,38653479;52,52774345
2020;6;13;6;3;0;1;0;0;0;0;1;0;0;0;794341,8541;5823921,828;13,33569253;52,48587417
2020;6;14;2;3;0;1;0;0;0;0;1;0;0;0;785346,5025;5828611,763;13,20760469;52,53269976
2020;6;13;6;2;0;2;0;0;1;0;0;0;1;0;810076,2062;5820412,743;13,56342251;52,44571923
2020;6;17;4;2;5;3;0;0;1;0;1;0;0;0;792304,6645;5833695,042;13,3143705;52,57458257
2020;6;19;1;3;5;3;0;1;1;0;0;0;0;0;793819,5418;5831769,373;13,33495493;52,5565045
2020;6;17;3;3;1;5;0;1;1;0;0;0;0;0;804228,1443;5819180,61;13,47652233;52,43796105
2020;6;9;2;3;0;1;0;1;0;0;0;0;0;0;799592,2688;5828711,3;13,4170944;52,52594892
2020;6;10;6;3;0;1;0;0;0;0;1;0;0;0;791132,13;5829138,44;13,29312086;52,53436188
2020;6;13;7;3;3;6;0;0;0;0;1;1;0;1;805493,9738;5833375,904;13,50810761;52,56447986
2020;6;9;4;3;6;7;0;1;0;1;0;0;0;0;800752,66;5829482,211;13,43484462;52,53221989
2020;6;18;5;3;0;6;0;0;1;0;1;0;0;0;794734,2573;5820096,157;13,33807519;52,45136749
2020;6;15;1;3;5;2;0;1;1;0;0;0;0;0;818407,6881;5820624,738;13,68580035;52,44283129
2020;6;10;6;3;5;3;0;0;1;0;0;1;0;0;809888,2428;5815220,841;13,55585693;52,39929674
2020;6;12;4;3;3;6;0;1;0;0;0;0;0;0;795733,3139;5825649,092;13,35765787;52,5006058
2020;6;19;5;3;1;7;0;0;1;0;1;0;0;0;793365,6457;5827871,415;13,32483738;52,52180599
2020;6;14;2;3;0;3;0;0;1;0;1;0;0;0;804671,926;5841372,532;13,50337629;52,63660869
2020;6;9;6;3;3;6;0;1;1;0;0;0;0;0;803851,894;5828355,952;13,47936522;52,52040686
2020;6;14;4;3;2;6;0;0;1;0;0;0;0;0;801558,0786;5826339,817;13,44383408;52,50360933
2020;6;16;3;3;2;3;0;1;1;0;0;0;1;0;817046,3864;5817053,964;13,66245465;52,41162625
2020;6;21;2;2;0;1;1;0;0;0;1;0;0;0;791586,6001;5816746,366;13,28896569;52,42302446
2020;6;7;6;3;6;4;0;0;1;1;0;0;0;0;794262,9064;5831248,37;13,34101403;52,55159469
2020;6;11;7;3;0;7;0;0;0;1;0;0;1;0;794638,338;5825746,104;13,34165955;52,50206777
2020;6;7;4;2;0;7;0;0;1;0;0;0;0;0;789408,4371;5833411,246;13,27150476;52,57358621
2020;6;20;5;3;7;7;0;1;0;0;0;0;0;0;801532,1666;5831429,64;13,4480689;52,54924413
2020;6;17;1;2;0;1;0;1;0;0;0;0;0;0;810694,8457;5819390,939;13,57154575;52,43621102
2020;6;12;3;2;5;7;0;0;1;0;0;1;0;0;806155,0313;5831393,953;13,51600193;52,54634598
2020;6;10;7;3;1;5;0;1;1;0;0;0;0;1;799173,2864;5825864,112;13,40837728;52,50065812
2020;6;14;3;3;2;6;0;0;1;0;0;0;0;0;799060,9709;5819774,175;13,40126752;52,44613154
2020;6;11;5;3;0;1;0;0;0;0;1;0;0;0;793092,3373;5833868,503;13,32611378;52,57571394
2020;6;16;6;3;0;6;0;0;1;0;0;0;1;0;792184,897;5826116,572;13,30594324;52,50670824
2020;6;19;3;2;1;7;0;0;1;0;0;0;0;0;797939,1857;5819777,009;13,38481338;52,44676937
2020;6;13;5;3;5;3;0;1;1;0;0;0;0;0;805598,9398;5817084,818;13,4947105;52,41841308
2020;6;17;6;3;5;3;0;0;1;0;1;0;0;0;813348,1312;5824981,687;13,61569679;52,48479684
2020;6;18;2;3;1;5;0;1;1;0;0;0;0;0;807047,8902;5821926,841;13,52039787;52,46099794
2020;6;6;6;3;5;2;0;0;1;0;1;0;0;0;796574,0148;5826871,85;13,37109583;52,51111037
2020;6;13;7;3;1;5;0;0;1;0;1;0;0;1;796564,8466;5821140,435;13,36586172;52,45973853
2020;6;0;4;3;5;3;2;0;1;0;0;0;0;0;795638,2896;5830644,623;13,36070269;52,5454379
2020;6;16;5;3;6;2;0;0;1;1;0;0;0;0;796850,3294;5830637,318;13,37851727;52,54471338
2020;6;11;3;3;5;3;0;1;1;0;0;0;0;0;800084,639;5826454,44;13,42229486;52,50544908
2020;6;11;6;3;0;1;0;1;0;0;0;0;0;0;810871,5887;5820662,935;13,57532055;52,44750974
2020;6;12;3;3;5;3;0;0;1;0;0;0;0;0;795327,7074;5826172,701;13,35216437;52,50551922
2020;6;12;6;3;2;6;0;0;1;0;0;0;0;0;806267,7986;5816345,167;13,50383825;52,41141008
2020;6;12;5;3;1;5;0;0;1;0;0;0;0;0;792933,0083;5835316,546;13,32504921;52,58878063
2020;6;14;6;3;5;3;0;0;1;0;0;0;0;1;791963,9447;5818450,881;13,29598741;52,43810427
2020;6;15;2;3;2;6;0;0;1;0;0;0;0;0;794080,5156;5817435,716;13,32614189;52,42786969
2020;6;12;6;3;5;2;0;1;1;0;0;0;0;0;785398,1884;5830310,024;13,20982347;52,54789907
2020;6;19;4;3;5;7;0;0;1;0;1;0;0;0;795266,2001;5819989,061;13,34578553;52,45012037
2020;6;12;7;3;5;3;0;1;1;0;0;0;0;0;805181,3238;5832380,875;13,5025944;52,55573742
2020;6;16;2;3;1;6;0;1;1;0;0;0;0;0;801340,8542;5833162,676;13,44682932;52,56488324
2020;6;11;6;3;5;2;0;0;1;0;0;0;1;0;792085,85;5818855,442;13,29812923;52,44166606
2020;6;22;4;3;5;2;2;1;0;0;1;0;0;0;788268,2782;5817568,494;13,24101089;52,43215362
2020;6;14;5;3;2;6;0;0;1;0;0;0;0;0;792561,9714;5815880,191;13,30251134;52,41473864
2020;6;8;3;3;5;2;0;1;1;0;0;0;0;0;798072,6223;5829989,312;13,39590704;52,53823756
2020;6;22;2;3;5;2;2;1;1;0;0;0;0;0;801012,4212;5823904,006;13,43361869;52,48207781
2020;6;17;5;3;0;2;0;1;1;0;0;0;0;0;809564,6989;5828021,702;13,56298448;52,51419861
2020;6;19;4;3;5;2;0;1;1;0;0;0;0;0;799583,3827;5828042,773;13,41636163;52,5199615
2020;6;16;5;3;3;6;0;0;1;0;0;0;0;0;810531,797;5820020,868;13,56974017;52,44194883
2020;6;13;2;3;5;3;0;0;1;0;0;0;1;0;795859,9106;5830445,786;13,36378422;52,54353522
2020;6;1;5;3;0;1;2;1;0;0;0;0;0;1;799294,065;5826223,749;13,41047449;52,50381551
2020;6;16;4;3;0;1;0;0;0;0;1;0;0;0;804230,8846;5822829,186;13,47988647;52,47066095
2020;6;17;3;3;2;1;0;1;1;0;0;0;0;0;798340,4606;5833050,675;13,40259519;52,56553176
2020;6;8;2;3;5;7;0;0;1;0;1;0;0;0;793261,289;5827381,291;13,32287161;52,51746838
2020;6;15;5;3;0;7;0;1;0;0;0;0;0;0;789232,3178;5818410,235;13,25587976;52,43919135
2020;6;7;3;3;5;3;0;1;0;0;0;0;0;0;798327,108;5834826,443;13,40399636;52,58145621
2020;6;10;2;3;5;3;0;1;1;0;0;0;0;0;792509,0939;5824501,51;13,30928776;52,4920559
2020;6;21;5;2;0;7;1;1;0;0;0;0;0;0;812161,3444;5819879,059;13,59350445;52,43975033
2020;6;10;4;3;8;1;0;0;1;1;0;0;0;0;799441,343;5817763,036;13,40504591;52,42789612
2020;6;18;5;3;1;5;0;1;1;0;0;0;0;0;784562,8939;5817340,087;13,1864618;52,43204587
2020;6;21;1;3;1;5;1;1;1;0;0;0;0;0;790507,2519;5824007,879;13,27945564;52,48869953
2020;6;19;5;3;0;1;0;1;0;0;0;0;0;0;802434,0011;5827420,084;13,45768096;52,51280694
2020;6;13;4;2;8;1;0;0;0;0;0;0;1;0;799319,091;5826181,092;13,41080374;52,50341943
2020;6;11;7;3;6;4;0;1;1;1;0;0;0;0;798216,2333;5824527,784;13,39312378;52,48920347
2020;6;16;3;3;2;2;0;0;1;0;0;0;0;0;782178,7012;5830088,646;13,16228266;52,5475914
2020;6;8;2;3;5;2;0;0;1;0;1;0;0;0;805757,4694;5833789,282;13,51236384;52,56803673
2020;6;19;5;3;5;3;0;1;1;0;0;0;0;0;799838,4615;5830805,76;13,42260201;52,54458697
2020;6;5;7;3;1;5;0;1;1;0;0;0;0;0;799719,1248;5830506,27;13,42057729;52,5419682
2020;6;15;4;3;5;3;0;1;1;0;0;0;0;0;804246,247;5840161,609;13,49599061;52,6259947
2020;6;21;5;3;5;2;1;0;1;0;0;0;0;0;792706,8192;5825392,081;13,31297428;52,49993362
2020;6;5;7;3;3;6;1;1;1;0;0;0;0;0;791791,4904;5827052,536;13,30098395;52,51530956
2020;6;8;4;3;1;5;0;0;1;0;0;0;1;0;796132,8096;5817730,945;13,35649965;52,42940926
2020;6;17;5;3;1;5;0;0;1;0;0;0;0;0;798952,9289;5837498,859;13,41561722;52,60506654
2020;6;14;1;3;5;2;0;1;1;0;0;0;0;0;794406,3491;5836250,61;13,34756487;52,59635833
2020;6;5;4;3;6;6;0;1;0;1;0;0;0;0;811776,9197;5819741,667;13,58773912;52,43873837
2020;6;15;3;3;5;2;0;1;1;0;0;0;0;0;784552,2602;5828177,377;13,19555544;52,52922028
2020;6;12;5;3;6;4;0;1;0;1;0;0;0;0;797156,5919;5831919,572;13,38416776;52,55604029
2020;6;19;6;3;0;7;0;1;0;1;0;0;0;0;798708,5415;5831483,411;13,40659894;52,55128177
2020;6;17;2;3;5;7;0;1;1;0;0;0;0;0;798031,2214;5822213,853;13,38833885;52,46856281
2020;6;19;5;3;5;3;0;1;1;0;0;0;0;0;794210,3806;5828308,753;13,33763875;52,52527133
2020;6;3;7;2;5;2;2;0;1;0;0;0;0;1;801249,6412;5827834,186;13,44065624;52,517174
2020;6;22;4;3;6;7;2;0;1;1;0;0;0;0;792803,4052;5821857,872;13,31128866;52,46819855
2020;6;16;5;3;5;2;0;0;1;0;1;0;0;0;785948,7119;5828005,478;13,21593702;52,52694832
2020;6;9;3;3;5;7;0;1;1;0;0;0;0;0;801217,821;5826223,356;13,43873096;52,50275341
2020;6;17;3;3;3;6;0;0;0;0;0;1;1;0;801992,1216;5826986,67;13,45079605;52,50916706
2020;6;18;5;3;5;2;0;1;1;0;0;0;0;0;806305,1363;5833901,131;13,52052225;52,56873126
2020;6;11;3;3;5;3;0;1;1;0;0;0;0;0;797967,2175;5815773,748;13,38165785;52,41086894
2020;6;18;5;3;5;2;0;1;1;0;0;0;0;0;798293,1112;5824779,31;13,39447783;52,49141608
2020;6;13;3;3;0;6;0;1;1;0;0;0;0;0;784670,2232;5816663,919;13,18746065;52,42592731
2020;6;19;5;3;2;6;0;1;1;0;0;0;0;0;798553,1434;5825560,64;13,3989966;52,49827753
2020;6;8;5;3;0;1;0;1;0;0;0;0;0;0;796065,3823;5817492,188;13,35529946;52,42730546
2020;6;15;6;3;0;1;0;0;0;0;1;0;0;1;810491,5221;5820151,582;13,56927099;52,44314312
2020;6;17;2;2;5;2;0;1;1;0;0;0;0;0;800718,0131;5827873,272;13,43288046;52,51781772
2020;6;17;5;3;2;2;0;0;1;0;0;0;1;0;797461,0302;5826823,687;13,38408466;52,51019567
2020;6;19;4;2;0;1;1;1;0;0;0;0;0;0;787518,9744;5816927,711;13,22946882;52,42680285
2020;6;13;5;3;1;5;0;0;1;0;1;0;0;0;797134,1928;5826468,713;13,37896604;52,50719184
2020;6;18;3;3;3;6;0;1;1;0;0;0;0;0;795416,5344;5833377,251;13,35987428;52,57005369
2020;6;11;2;3;4;2;0;1;1;0;0;0;0;0;793680,7367;5823812,666;13,32588819;52,4852516
2020;6;17;5;3;5;3;0;1;1;0;0;0;0;0;812399,9581;5824300,541;13,60114074;52,47923623
2020;6;11;4;3;2;6;0;0;1;0;0;0;1;0;802456,256;5828875,556;13,4593312;52,5258399
2020;6;19;5;3;6;7;0;1;0;1;0;0;0;0;797347,6408;5824751,613;13,38056867;52,49168364
2020;6;13;2;3;2;6;0;1;0;0;0;0;0;0;795284,7803;5826044,349;13,35141991;52,50439188
2020;6;16;5;3;5;3;0;0;1;0;0;0;0;0;798169,3534;5824809,389;13,39268736;52,49175331
2020;6;15;4;3;0;3;0;0;1;0;0;0;1;0;792062,2323;5829754,868;13,30733615;52,53939037
2020;6;22;4;3;6;7;2;1;0;1;0;0;0;0;796465,8701;5825893,442;13,36863564;52,50239867
2020;6;14;6;3;5;3;0;1;1;0;0;0;0;0;799842,6555;5830809,576;13,42266712;52,54461887
2020;6;14;2;3;2;6;0;0;1;0;0;1;0;0;795457,814;5827747,902;13,35547421;52,51956919
2020;6;16;5;3;6;7;0;0;1;1;0;0;0;0;792274,0228;5827248,345;13,30824662;52,51680656
2020;6;17;4;3;1;5;0;1;1;0;0;0;0;0;798269,665;5828394,072;13,39737237;52,52383058
2020;6;5;3;3;1;1;0;0;1;0;0;0;1;0;788889,1456;5816189,832;13,24892711;52,41946559
2020;6;9;2;3;0;7;0;1;0;0;0;0;1;0;783432,0689;5829184,455;13,17994559;52,53883357
2020;6;16;5;2;1;5;0;0;1;0;1;0;0;0;795197,2326;5835882,434;13,35887914;52,59262926
2020;6;9;4;3;5;3;0;0;1;0;0;0;1;0;792256,3046;5830681,955;13,3110052;52,54759736
2020;6;17;5;3;2;6;0;0;1;0;0;0;0;0;792558,8956;5833885,978;13,31827981;52,57615762
2020;6;16;1;2;0;1;0;1;0;0;0;0;0;0;796464,9453;5827442,919;13,37000215;52,51628873
2020;6;15;5;3;2;7;0;1;0;0;0;0;1;0;806414,7726;5821089,826;13,51034028;52,45385163
2020;6;13;4;3;2;6;0;0;1;0;1;0;0;0;794977,342;5825686,468;13,34658653;52,50135003
2020;6;15;3;3;1;7;0;0;1;0;0;0;1;0;799768,4823;5826305,604;13,41751676;52,50428879
2020;6;17;3;2;5;3;0;0;0;0;1;0;1;0;793328,6035;5829772,251;13,32597021;52,538866
2020;6;19;2;3;6;7;0;1;0;1;0;0;0;0;793478,671;5823075,998;13,32227249;52,4787563
2020;6;15;5;3;5;3;0;0;1;0;0;0;1;0;783369,5105;5826754,942;13,17695494;52,51708251
2020;6;1;7;3;0;1;2;0;1;0;0;0;0;1;791291,7104;5830670,599;13,29681029;52,54801219
2020;6;8;4;3;1;5;0;0;1;0;0;1;0;0;789215,6858;5826696,383;13,26282192;52,51348859
2020;6;16;5;3;5;2;0;1;1;0;0;0;0;0;792518,9649;5824497,52;13,30942923;52,49201483
2020;6;12;1;2;6;7;0;0;1;1;0;0;0;0;793931,566;5823198,453;13,32902988;52,47961048
2020;6;18;7;3;0;1;0;0;0;0;1;0;0;1;809089,165;5819477,767;13,54808116;52,43789886
2020;6;14;3;3;1;5;0;1;1;0;0;0;0;0;794022,9238;5823767,476;13,33087307;52,48466233
2020;6;17;7;3;5;2;0;1;1;0;0;0;0;1;795426,2802;5825756,126;13,35324285;52,50173158
2020;6;14;3;3;5;2;0;0;1;0;0;0;0;0;792350,5542;5835059,02;13,31624881;52,58678538
2020;6;12;5;3;0;1;0;1;0;0;0;0;0;0;814202,7736;5821337,075;13,62480958;52,45164666
2020;6;17;6;3;3;6;0;0;1;0;0;0;0;0;802957,7214;5822844,054;13,46121413;52,47150174
2020;6;17;2;3;0;3;0;1;1;0;0;0;0;0;805613,7255;5817783,317;13,49556525;52,42466522
2020;6;8;5;3;6;7;0;0;1;1;0;0;0;0;811298,1461;5829749,83;13,59006392;52,52869839
2020;6;22;4;3;0;1;2;1;0;0;0;0;0;0;800497,1481;5826845,872;13,42870754;52,50873057
2020;6;15;5;3;0;7;0;1;0;0;0;0;1;0;798981,2231;5818152,551;13,39864706;52,43163928
2020;7;10;7;2;1;5;0;1;1;0;0;0;0;0;809304,8121;5834521,654;13,56521881;52,57259611
2020;6;13;2;3;2;3;0;1;1;0;0;0;0;0;799688,895;5824621,293;13,41483236;52,4892352
2020;6;0;1;3;0;1;2;1;0;0;0;0;0;0;800736,0838;5823421,671;13,4291267;52,47790673
2020;7;21;5;3;0;2;0;1;0;0;1;0;0;0;793718,937;5818291,507;13,32159099;52,43573585
2020;7;8;4;3;3;6;0;1;1;0;0;0;0;0;797985,0481;5826879,91;13,39183352;52,51041365
2020;7;18;6;3;6;4;0;0;1;1;0;0;0;0;800645,7364;5825683,893;13,42984115;52,49823354
2020;6;13;2;2;2;7;0;0;1;0;0;0;0;0;793764,3454;5821182,701;13,32479966;52,46163004
2020;6;20;3;3;5;2;0;1;1;0;0;0;0;0;800162,0157;5825745,573;13,42279248;52,49905266
2020;6;13;1;3;3;5;0;0;1;0;1;0;0;1;793509,1862;5826085,562;13,32537173;52,50571941
2020;7;19;1;3;1;5;0;1;1;0;0;0;0;1;804030,4035;5827732,61;13,48141842;52,51472057
2020;6;9;3;3;2;6;0;0;0;0;1;0;1;0;804475,6121;5830946,161;13,49090181;52,5432738
2020;6;14;1;3;0;7;0;0;1;1;0;0;0;0;801531,39;5825733,098;13,44289273;52,49818597
2020;7;9;7;3;5;2;0;1;1;0;0;0;0;0;812410,5895;5819583,434;13,59688302;52,43695883
2020;6;19;2;2;0;1;0;1;0;0;0;0;0;0;798622,1633;5829351,207;13,4034122;52,532217
2020;6;14;1;3;2;6;0;0;1;0;0;0;0;1;799685,9442;5827852,773;13,41769751;52,5182021
2020;7;16;4;3;1;5;0;0;1;0;0;0;1;0;803048,173;5825842,801;13,46526792;52,4983291
2020;7;13;6;3;5;3;0;0;1;0;0;1;0;0;805980,743;5831932,88;13,51393628;52,55127388
2020;6;16;3;3;5;2;0;1;1;0;0;0;0;0;793952,6489;5822252,57;13,32850575;52,47111971
2020;7;1;1;2;0;1;2;0;0;0;1;0;0;0;815404,0859;5821898,659;13,64295937;52,45598714
2020;6;19;3;3;2;3;0;1;1;0;0;0;0;0;794225,5968;5831190,956;13,34041447;52,55110017
2020;7;16;1;2;1;5;0;1;0;0;0;0;1;0;791551,3337;5825587,045;13,29617124;52,50230003
2020;6;8;3;3;5;3;0;1;1;0;0;0;0;0;803268,2505;5827413,432;13,46993059;52,51228414
2020;6;14;1;3;5;3;0;1;1;0;0;0;0;1;811099,2936;5815583,931;13,57393706;52,40186412
2020;7;14;5;3;1;5;0;1;1;0;0;0;0;0;793374,5772;5829065,95;13,32602262;52,53250962
2020;7;17;7;3;6;4;0;0;1;1;0;0;0;0;798905,2907;5827340,457;13,4057666;52,51403834
2020;6;11;2;3;1;5;0;1;1;0;0;0;0;0;808453,6922;5817317,174;13,53676978;52,41889417
2020;6;16;1;3;1;1;0;1;1;0;0;0;0;0;798400,9008;5826325,069;13,39744558;52,50521291
2020;7;23;4;2;6;4;2;0;0;1;0;0;1;1;791013,153;5824979,753;13,28773432;52,49714295
2020;7;12;6;3;5;3;0;1;1;0;0;0;0;0;782094,573;5828075,94;13,15933644;52,52958819
2020;6;15;3;3;5;3;0;0;1;0;0;0;0;0;796576,7048;5816224,222;13,36167371;52,41566218
2020;7;17;7;3;2;6;0;1;0;0;0;0;0;0;792708,1473;5825494,824;13,31308409;52,50085397
2020;6;21;2;3;5;3;1;1;1;0;0;0;0;0;784596,0451;5827970,8;13,19602231;52,52734525
2020;6;14;1;2;5;3;0;1;1;0;0;0;0;1;787530,9406;5817379,927;13,23003314;52,43085103
2020;7;20;5;3;5;2;0;1;1;0;0;0;0;0;802522,6897;5824573,27;13,45639795;52,48724185
2020;7;0;5;3;2;6;2;0;1;0;0;0;0;0;805522,4621;5833369,702;13,50852088;52,56440829
2020;7;13;6;3;1;5;0;0;1;0;0;0;0;0;786065,2247;5827969,861;13,21761915;52,52656786
2020;6;17;2;3;3;6;0;0;1;0;1;0;0;0;785047,2615;5829478,788;13,20394885;52,54063002
2020;6;12;1;3;5;3;0;0;1;0;1;0;0;0;808195,0258;5820919,231;13,53629876;52,45132196
2020;6;16;2;3;0;1;0;1;0;0;0;0;0;1;802617,3681;5824473,691;13,45769765;52,48629685
2020;6;12;1;3;5;3;0;1;1;0;0;0;0;0;807403,2768;5827435,076;13,53069189;52,51016365
2020;7;8;5;3;5;3;0;1;1;0;0;0;0;0;800852,4365;5836051,076;13,44226662;52,59104225
2020;7;15;7;3;5;3;0;1;1;0;0;0;0;0;807414,3941;5818310,966;13,52244863;52,42838555
2020;6;17;2;3;5;2;0;1;0;0;0;0;1;0;795903,7152;5831932,123;13,3657528;52,55683498
2020;6;12;1;3;0;3;0;0;1;0;1;0;0;0;791950,781;5820018,212;13,2971639;52,45216241
2020;7;14;4;3;1;1;0;1;1;0;1;0;0;1;798746,6044;5825125,742;13,40144796;52,49427339
2020;7;11;6;3;6;7;0;0;1;1;0;0;0;0;801156,0606;5824093,254;13,43589843;52,48369489
2020;6;6;3;3;3;6;0;0;1;0;0;0;0;0;792481,41;5824012,384;13,30845185;52,48768582
2020;7;19;7;3;0;1;0;1;0;0;0;0;0;0;798483,2868;5825230,359;13,39767464;52,4953552
2020;6;12;2;3;5;2;0;1;0;0;1;0;0;0;785386,3703;5827903,854;13,20758313;52,52633185
2020;6;14;7;3;0;1;0;1;0;0;0;0;0;0;811375,7458;5821162,663;13,58318065;52,45170118
2020;7;20;5;3;5;2;0;0;1;0;1;0;0;0;794466,6869;5836245,106;13,3484482;52,59627632
2020;7;15;4;2;0;1;0;0;0;0;1;0;0;1;803917,4586;5828026,471;13,48002756;52,5174173
2020;7;20;6;3;5;2;0;1;1;0;0;0;0;0;784458,7074;5828663,485;13,19459608;52,53362758
2020;6;16;2;3;5;2;0;1;1;0;0;0;0;1;807934,6072;5829198,169;13,54012811;52,52566473
2020;7;8;4;3;6;4;0;0;0;1;1;0;0;0;797923,4425;5824577,621;13,38886889;52,48981006
2020;6;11;7;3;0;5;0;1;1;0;0;0;0;0;806640,0845;5827212,439;13,51927648;52,50859785
2020;6;11;3;3;5;3;0;1;0;0;0;0;0;0;801290,6258;5825361,445;13,43902063;52,49498774
2020;7;10;4;2;5;2;0;1;0;0;0;1;0;0;792722,0839;5816229,728;13,30516451;52,41778661
2020;6;13;3;3;2;2;0;0;1;0;0;0;0;0;798798,3572;5817328,341;13,39522896;52,42435111
2020;7;3;7;3;1;5;2;0;1;0;0;0;1;0;798248,9864;5824790,739;13,39384009;52,49154263
2020;6;10;2;3;5;2;0;1;1;0;0;0;0;0;807700,9642;5818375,048;13,52670912;52,42879879
2020;6;14;7;3;3;6;0;0;1;0;1;0;0;0;811319,5718;5831960,444;13,59244976;52,54849604
2020;7;20;5;3;1;5;0;1;1;0;0;0;0;0;795320,7019;5825844,519;13,35177037;52,50258111
2020;7;18;4;2;5;3;0;1;1;0;0;0;0;0;800719,0921;5827883,722;13,43290576;52,51791079
2020;7;17;6;3;2;2;0;0;1;0;0;0;0;0;784615,8881;5828427,799;13,19670527;52,53143235
2020;6;16;2;3;0;2;0;1;1;0;0;0;0;1;811232,08;5827786,675;13,58725653;52,51114364
2020;6;21;3;3;5;2;0;0;0;0;1;0;1;0;785055,4292;5829464,649;13,20405683;52,54049898
2020;6;13;7;3;0;6;0;1;1;0;0;0;0;0;804605,8734;5826411,592;13,48866379;52,50255978
2020;7;17;1;3;6;4;0;1;0;1;0;0;0;0;806626,6594;5822731,083;13,51495628;52,46844232
2020;6;8;3;3;2;6;0;0;1;0;0;0;0;0;790403,9643;5825398,056;13,27915062;52,50121759
2020;6;13;7;3;0;1;0;0;0;0;1;0;0;0;789879,4621;5835736,011;13,28046934;52,594177
2020;7;18;7;3;5;2;0;0;1;0;0;0;0;1;802273,9424;5820668,954;13,44920841;52,45238485
2020;6;16;2;3;0;5;0;1;1;0;0;0;0;1;800989,4907;5826374,121;13,43551354;52,50423075
2020;6;13;7;3;5;3;0;1;1;0;0;0;0;0;798752,2066;5819878,185;13,39683099;52,44723266
2020;6;13;7;3;0;6;0;1;0;0;0;0;0;0;791456,965;5833063,817;13,30134221;52,56937845
2020;7;11;7;3;0;1;0;0;0;0;1;0;0;0;793382,5078;5825428,098;13,32293138;52,49989365
2020;6;15;2;3;5;2;0;1;1;0;0;0;0;1;798540,263;5814419,291;13,38885039;52,39841547
2020;6;13;7;3;6;4;0;1;0;1;0;0;0;0;799617,1032;5825650,274;13,41470356;52,49849789
2020;7;16;4;3;2;6;0;0;1;0;0;0;0;0;787886,2601;5830054,532;13,24619372;52,54429929
2020;7;14;6;3;0;2;0;1;0;0;0;0;1;0;800290,111;5831558,771;13,42992307;52,55108766
2020;6;9;2;3;0;7;0;0;1;0;0;0;0;0;781371,5959;5819763,919;13,14168685;52,45543077
2020;6;18;3;3;0;2;0;0;1;1;0;0;0;0;796524,384;5819864,013;13,36413451;52,44831843
2020;7;14;1;3;5;2;0;1;1;0;0;0;0;0;784910,5098;5817540,307;13,19173167;52,43366014
2020;6;8;3;2;0;1;0;0;0;0;0;0;1;0;791504,7534;5826842,836;13,29658668;52,51358296
2020;6;13;7;2;0;1;0;1;0;0;0;0;0;0;790807,5093;5822571,114;13,282612;52,47565894
2020;7;12;5;3;5;2;0;1;1;0;0;0;0;0;797323,8263;5822170,231;13,37791706;52,46855722