UJAHR;UMONAT;USTUNDE;UWOCHENTAG;UKATEGORIE;UART;UTYP1;ULICHTVERH;IstRad;IstPKW;IstFuss;IstKrad;IstGkfz;IstSonstige;USTRZUSTAND;LINREFX;LINREFY;XGCSWGS84;YGCSWGS84
2020;7;16;7;3;2;6;0;0;1;0;0;0;0;0;811381,8443;5822802,694;13,58479971;52,46639479
2020;6;15;2;3;5;2;0;1;1;0;0;0;0;0;802039,7419;5827167,294;13,45165949;52,51075963
2020;6;13;7;3;2;2;0;0;1;0;0;0;1;0;788335,8959;5832037,429;13,25452798;52,56183883
2020;7;18;4;3;5;3;0;0;1;0;0;0;0;0;793603,0074;5835192,831;13,33480111;52,58731039
2020;7;11;6;3;3;6;0;0;1;0;0;0;0;0;809641,7742;5829282,709;13,56529037;52,52545552
2020;6;14;3;2;6;4;0;0;1;1;0;0;0;0;800628,5775;5834227,516;13,43731786;52,57482129
2020;7;16;4;3;6;7;0;0;1;1;0;0;0;0;797550,0932;5828339,689;13,38674894;52,52373626
2020;7;13;6;3;3;2;0;0;1;0;0;1;0;0;797735,9752;5819105,101;13,38123349;52,4408571
2020;6;16;3;3;5;5;0;0;1;0;0;0;0;0;812820,2011;5830435,346;13,61307268;52,5339701
2020;7;20;1;3;5;3;1;0;1;0;1;0;0;1;785369,9297;5830607,014;13,20966309;52,55057664
2020;6;20;2;2;5;7;0;0;1;0;1;0;0;0;794545,2628;5828996,064;13,34316952;52,53125178
2020;6;20;7;3;5;2;0;1;1;0;0;0;0;0;793880,8199;5826960,315;13,33160376;52,51336106
2020;7;6;5;3;0;2;0;1;1;0;0;0;0;0;796511,0354;5827618,716;13,37083606;52,51783952
2020;7;7;6;3;0;6;0;1;0;0;0;1;0;0;792456,279;5835894,389;13,31854242;52,59421723
2020;6;17;2;3;6;4;0;1;0;1;0;0;0;0;794001,861;5821554,115;13,32861271;52,46483188
2020;6;12;7;3;1;5;0;0;1;0;0;0;0;0;802333,5277;5824075,374;13,45316901;52,48288396
2020;7;11;4;3;5;2;0;0;1;0;0;0;0;1;796008,5618;5824976,943;13,36110358;52,49443132
2020;6;14;3;2;3;6;0;0;1;0;1;0;0;0;813077,725;5827138,91;13,61375481;52,50428294
2020;7;19;7;3;5;3;0;0;1;0;0;0;0;0;801074,1579;5824984,217;13,43550083;52,491726
2020;6;12;2;3;6;4;0;0;1;1;0;0;0;0;792743,0532;5832761,514;13,31999707;52,56597832
2020;6;11;7;2;8;1;0;1;0;0;0;0;0;0;785230,6864;5821534,006;13,19983941;52,46930126
2020;7;19;5;3;1;5;0;1;1;0;0;0;0;0;810970,2737;5821366,381;13,57742283;52,45375761
2020;7;14;4;3;5;2;0;1;1;0;0;0;0;0;800751,7375;5831299,931;13,43647644;52,54851295
2020;7;22;7;3;1;5;2;1;1;0;0;0;0;0;793032,9801;5826100,206;13,31838856;52,50610666
2020;6;14;2;3;5;3;0;1;1;0;0;0;0;0;809219,9293;5823018,485;13,55327709;52,46955645
2020;6;12;7;3;5;2;0;0;1;0;0;0;1;0;795703,6772;5828178,082;13,35946963;52,52329211
2020;7;18;5;3;5;2;0;1;1;0;0;0;0;0;803829,0183;5828649,134;13,47929691;52,52304731
2020;7;13;4;3;6;4;0;0;1;1;0;0;0;0;806847,5608;5825730,147;13,52095812;52,49519662
2020;7;21;6;3;0;3;1;1;1;0;0;0;0;0;796203,9777;5830765,192;13,36912784;52,54621143
2020;6;9;2;3;5;2;0;1;1;0;0;0;0;0;794831,2371;5828304,542;13,34675991;52,5248982
2020;7;9;4;3;0;6;0;0;1;0;1;0;0;0;799274,3883;5835198,528;13,41827126;52,58427114
2020;7;8;6;3;5;2;0;1;1;0;0;0;0;0;804684,0201;5830718,426;13,49375662;52,54111624
2020;6;12;3;3;3;6;0;0;1;0;1;0;0;0;801109,9199;5819581,334;13,43115044;52,44327853
2020;7;14;7;3;1;5;0;1;1;0;0;0;0;0;801807,2513;5824383,092;13,44572128;52,48593322
2020;6;7;2;3;2;6;0;0;1;0;0;0;0;0;792457,4692;5835353,57;13,31808243;52,58936841
2020;6;12;7;3;2;6;0;0;1;0;0;0;0;0;792934,4303;5837544,152;13,32704097;52,60874903
2020;7;18;5;3;2;6;0;0;1;0;0;0;0;0;792404,1708;5827209,052;13,31012462;52,51638455
2020;7;17;4;3;6;4;0;0;1;1;0;0;0;0;800426,0558;5823534,813;13,42467745;52,47909149
2020;7;17;6;3;2;2;0;0;1;0;0;0;0;0;795251,528;5826624,567;13,35144604;52,5096111
2020;6;7;2;3;5;2;0;0;0;0;1;0;1;0;786804,4713;5828196,085;13,2286812;52,5282077
2020;7;7;6;3;5;2;0;1;1;0;0;0;0;0;785881,1762;5829234,819;13,21600158;52,53800577
2020;6;19;3;2;5;7;0;1;1;0;0;0;0;0;804412,5598;5830953,052;13,48998123;52,5433708
2020;7;20;6;3;0;1;0;1;0;0;0;0;0;0;803652,055;5827409,017;13,47556479;52,51203106
2020;6;6;2;3;3;6;0;0;1;0;0;0;1;0;794058,881;5825944,668;13,33332285;52,50416037
2020;7;7;6;2;3;6;0;0;1;0;1;0;0;0;790186,0373;5815264,881;13,26714229;52,41048694
2020;6;6;3;3;2;6;0;0;1;0;0;0;1;0;802579,0668;5829329,246;13,46154879;52,52983813
2020;6;12;7;3;3;6;0;1;1;0;0;0;0;0;810875,6064;5826992,833;13,58127941;52,50423294
2020;7;0;1;3;6;4;2;0;1;1;0;0;0;0;779589,1929;5820468,604;13,11611451;52,46266445
2020;6;10;3;3;0;2;0;0;1;0;0;0;1;0;796717,029;5815817,952;13,36337079;52,41194423
2020;6;11;7;3;2;6;0;0;1;0;0;0;1;0;799619,2149;5819029,016;13,40878866;52,43914657
2020;7;10;7;2;5;2;0;0;1;0;1;0;0;0;807758,3913;5817905,695;13,52711924;52,42456004
2020;6;6;2;3;2;6;0;0;1;0;0;0;0;0;799192,3841;5825623,296;13,40844144;52,49848908
2020;6;11;7;3;6;7;0;0;0;1;0;0;1;0;798123,4725;5828035,925;13,39490293;52,52070021
2020;7;16;4;3;5;3;0;1;1;0;0;0;0;1;801917,3401;5824160,81;13,44713629;52,48388001
2020;7;14;6;3;5;2;0;0;1;0;0;0;0;0;809552,7319;5826695,56;13,56157554;52,50232095
2020;7;5;6;3;0;7;0;0;0;0;1;0;0;1;794374,7929;5831817,199;13,34316385;52,55663337
2020;6;17;3;3;5;3;0;1;0;0;0;0;0;0;803771,0572;5829206,082;13,47895399;52,52807134
2020;7;11;1;3;5;2;0;1;1;0;0;0;0;0;787853,3523;5829367,088;13,24511415;52,53815344
2020;6;7;3;3;2;6;0;0;1;0;0;0;0;0;812062,7841;5821328,434;13,5934129;52,45279498
2020;6;10;7;3;2;2;0;0;1;0;1;0;0;0;806158,8927;5833334,271;13,51784813;52,56373326
2020;7;10;5;3;2;7;0;0;1;0;0;0;1;0;793528,8756;5832397,036;13,33123498;52,56228787
2020;7;16;7;3;5;2;0;1;1;0;0;0;0;0;799241,9914;5831771,592;13,41470285;52,55357206
2020;7;16;1;3;5;2;0;1;1;0;0;0;0;0;798940,1649;5828396,485;13,40722794;52,52348501
2020;6;8;3;3;5;3;0;1;1;0;0;0;0;0;802315,1223;5831336,714;13,45949614;52,5479773
2020;6;10;7;3;2;6;0;0;1;0;0;0;0;0;801803,8749;5821976,923;13,44349442;52,46436818
2020;7;14;5;2;5;3;0;0;1;0;1;0;0;0;807644,0885;5819361,563;13,52678292;52,43767214
2020;7;15;7;3;3;6;0;0;1;0;0;0;0;0;806081,2843;5830214,481;13,5138312;52,53581675
2020;6;16;2;3;2;6;0;0;1;0;0;0;1;0;806576,1378;5827786,159;13,51886568;52,51377559
2020;6;9;7;3;5;3;0;1;1;0;0;0;0;0;800267,118;5821555,114;13,42056242;52,46143396
2020;7;16;4;3;5;2;0;0;1;0;0;0;0;1;792935,2116;5817748,043;13,30961905;52,43128408
2020;7;13;6;3;3;6;0;1;1;0;0;0;0;0;800624,2526;5823776,338;13,42780479;52,48114731
2020;7;2;6;2;8;1;2;0;1;0;0;0;0;0;797155,7214;5830370,888;13,38276913;52,54215867
2020;6;15;3;3;5;2;0;1;1;0;0;0;0;0;806961,9482;5827805,253;13,5245508;52,51372973
2020;7;19;7;3;0;1;0;1;0;0;0;0;0;0;801627,9166;5817408,879;13,43678866;52,42352065
2020;6;20;2;2;1;1;0;0;1;0;1;0;0;0;803918,1529;5828010,68;13,48002333;52,51727538
2020;6;18;7;3;0;7;0;1;0;0;0;0;0;0;810044,3654;5821629,006;13,5640845;52,45663711
2020;7;17;5;3;5;2;0;1;1;0;0;0;0;0;799967,9036;5827437,724;13,42146627;52,51432684
2020;7;10;5;3;2;3;0;0;1;0;0;0;0;0;809599,8913;5828514,712;13,56396016;52,51859681
2020;7;10;6;1;5;2;0;1;0;0;0;1;0;0;795867,2346;5818165,554;13,3529895;52,43344893
2020;6;15;2;3;0;2;0;1;1;0;0;0;0;1;799767,265;5813974,952;13,4064333;52,39376236
2020;6;18;7;3;1;5;0;1;1;0;0;0;0;0;788903,8485;5818242,597;13,25091608;52,43786201
2020;7;9;4;3;5;2;0;1;0;0;0;0;1;0;791288,644;5826062,583;13,29272821;52,5067035
2020;6;17;2;2;5;3;0;1;1;0;0;0;0;0;786534,4738;5834683,694;13,23031301;52,58651513
2020;6;18;7;3;5;3;0;1;1;0;0;0;0;0;811866,4375;5831569,554;13,60012162;52,54468044
2020;7;18;4;3;0;7;0;1;0;1;0;0;0;1;801828,9886;5824414,227;13,44606863;52,48620027
2020;7;11;6;3;1;5;0;0;1;0;0;0;0;0;802326,8737;5828703,431;13,45727342;52,52436891
2020;6;6;3;3;5;2;0;1;1;0;0;0;0;0;797914,7079;5825650,685;13,38970022;52,49943357
2020;7;20;7;2;0;1;0;0;0;0;1;0;0;1;788154,218;5818730,181;13,24033931;52,44262901
2020;6;13;2;3;0;5;0;0;1;0;0;0;1;0;801975,4972;5827382,783;13,45091124;52,51272664
2020;6;19;7;3;5;3;0;1;1;0;0;0;0;0;795878,0901;5831927,677;13,36537196;52,55680904
2020;7;17;5;3;3;6;0;1;0;0;0;0;1;0;800252,2898;5833809,294;13,43140321;52,57128042
2020;7;15;4;3;2;6;0;1;1;0;0;0;0;0;792276,4526;5825355,514;13,3066203;52,49983648
2020;7;21;6;3;5;3;1;1;1;0;0;0;0;0;798367,6479;5826328,009;13,39695974;52,50525745
2020;6;17;2;3;1;5;0;0;1;0;0;0;0;0;812422,2317;5829389,101;13,60624145;52,52482287
2020;7;1;6;3;2;7;2;1;1;0;0;0;0;0;806806,2541;5824853,695;13,51954461;52,48736489
2020;7;8;4;3;5;2;0;1;1;0;0;0;0;0;799687,1707;5827210,076;13,41713668;52,51244065
2020;7;10;6;3;5;3;0;1;0;0;0;0;0;0;801142,0316;5825432,804;13,43690297;52,49570935
2020;6;11;3;3;2;6;0;0;1;0;0;0;0;0;804929,0045;5829967,616;13,49666884;52,53425013
2020;7;13;7;3;1;3;0;1;1;0;0;0;0;0;797563,2675;5820295,461;13,37976035;52,45162149
2020;6;14;2;3;3;6;0;0;1;0;0;1;0;0;797750,15;5824015,985;13,3858224;52,48487017
2020;6;18;3;3;5;3;0;0;1;0;0;0;0;0;795097,4628;5828860,817;13,35116634;52,52974073
2020;7;6;7;3;1;5;0;0;1;0;0;0;0;0;798422,3499;5829185,52;13,40032651;52,53084128
2020;6;17;2;3;0;2;0;1;0;0;0;0;1;0;795897,5836;5831964,727;13,36569169;52,55713057
2020;6;18;7;3;5;2;0;1;1;0;0;0;0;0;797942,3722;5825259,211;13,38975637;52,49590936
2020;7;16;5;3;0;6;0;0;0;0;1;0;1;0;806269,9191;5820769,414;13,50792142;52,45106114
2020;7;1;4;3;9;1;2;0;1;0;0;0;0;0;806536,4378;5829259,019;13,51963972;52,52699794
2020;7;17;6;3;5;3;0;1;1;0;0;0;0;0;812042,8752;5821192,548;13,59299391;52,45158862
2020;6;17;2;3;0;1;0;1;0;0;0;0;0;0;800608,1512;5825123,88;13,4287838;52,49323467
2020;6;13;3;3;5;2;0;1;0;0;0;0;0;0;803960,1177;5823452,243;13,47648033;52,476396
2020;6;17;7;3;0;1;0;1;0;0;0;0;0;0;803707,3269;5823360,29;13,47268602;52,47571245
2020;7;18;1;3;2;3;0;1;1;0;0;0;0;1;795697,4718;5829243,623;13,36032608;52,53284711
2020;6;9;3;3;1;5;0;1;1;0;0;0;0;0;798950,3021;5828743,287;13,40768867;52,52658802
2020;6;17;7;3;5;2;0;1;0;0;1;0;0;0;795623,7424;5824172,147;13,35473781;52,48742552
2020;7;19;7;2;5;3;0;0;1;0;0;0;0;0;794194,0459;5816839,669;13,3272826;52,42246531
2020;6;16;2;3;1;5;0;0;1;0;0;0;0;0;803917,1088;5818988,59;13,4717862;52,43641292
2020;6;17;7;3;0;3;0;1;0;0;1;0;0;0;799164,5481;5840656,5;13,4215892;52,63325285
2020;7;16;4;3;2;2;0;0;1;0;0;0;0;0;800729,973;5833615,105;13,43825424;52,56927617
2020;7;13;6;3;0;7;0;0;1;0;0;0;0;0;803178,6312;5818891,372;13,46086799;52,43595137
2020;7;9;5;3;6;7;0;1;0;1;0;0;0;0;811043,0877;5818095,191;13,57544688;52,42440112
2020;6;15;7;3;0;5;0;0;1;0;0;0;0;0;805548,426;5816095,256;13,49306675;52,40957217
2020;7;16;4;3;4;6;0;1;1;0;0;0;0;0;798475,746;5821937,212;13,39461587;52,46584038
2020;7;15;6;3;5;7;0;1;1;0;0;0;0;0;800599,3043;5826218,089;13,4296414;52,50304729
2020;6;19;1;3;5;3;0;1;1;0;0;0;0;1;799346,0134;5825813,1;13,4108684;52,50010615
2020;6;19;3;3;5;3;0;1;1;0;0;0;0;0;797973,4528;5826083,236;13,39095009;52,50327878
2020;7;15;1;3;6;4;0;0;1;1;0;0;0;0;799376,5545;5826812,865;13,41221593;52,50905082
2020;6;8;3;3;5;3;0;0;1;0;0;0;0;0;794204,8927;5816856,921;13,32745682;52,42261413
2020;6;15;7;3;1;5;0;1;1;0;0;0;0;0;796786,4576;5831575,473;13,37841661;52,55315767
2020;7;12;5;3;5;2;0;1;1;0;0;0;0;0;801439,2567;5820648,596;13,43694425;52,45266328
2020;7;16;7;3;5;2;0;1;1;0;0;0;0;0;796590,1162;5826876,969;13,37133696;52,51114751
2020;6;18;1;3;0;5;0;0;1;0;0;0;1;0;783993,6368;5826878,222;13,18623334;52,5178632
2020;6;19;7;3;1;1;0;1;1;0;0;0;0;0;802505,8965;5827402,025;13,45872075;52,51260521
2020;7;20;4;3;8;1;0;0;1;0;0;0;0;1;798875,4398;5830380,724;13,40806086;52,54130629
2020;7;11;6;3;5;2;0;1;1;0;0;0;0;0;794725,5142;5837232,957;13,35313778;52,60499129
2020;6;15;3;3;2;6;0;0;1;0;0;0;0;0;791225,6018;5829020,764;13,29439191;52,533257
2020;7;13;7;3;0;7;0;0;1;0;0;0;1;0;789841,3681;5839539,393;13,28324047;52,62829428
2020;6;18;2;3;0;2;0;1;1;0;0;0;0;0;803064,1153;5829527,296;13,46885778;52,53134377
2020;6;13;6;2;0;1;0;1;0;0;0;0;0;0;811932,0589;5817770,108;13,58817512;52,42098189
2020;6;16;3;3;0;7;0;0;0;0;1;0;0;0;801989,6594;5820675,803;13,44504388;52,45260336
2020;7;23;1;2;1;5;2;0;1;0;0;0;0;1;782137,1021;5830558,528;13,16207007;52,55182609
2020;6;22;2;2;5;7;2;0;1;0;0;0;0;0;800422,1664;5823830,024;13,42488634;52,48173974
2020;6;17;6;3;2;2;0;0;1;0;1;0;0;0;801913,7548;5821770,52;13,4449202;52,46245745
2020;7;7;5;2;2;6;0;0;1;0;0;0;0;0;789140,2899;5827547,86;13,26245401;52,52116229
2020;7;15;7;3;2;6;0;0;0;0;1;0;1;0;798906,5243;5821703,587;13,4007289;52,46351074
2020;6;23;1;3;5;2;2;1;1;0;0;0;0;0;797208,9126;5832038,856;13,38504404;52,55708098
2020;6;15;6;3;0;5;0;1;1;0;0;0;0;1;793226,2317;5821130,337;13,31685599;52,46144963
2020;7;11;4;2;6;4;0;0;1;1;0;0;0;1;798252,2336;5823959,065;13,3931435;52,48408593
2020;7;9;6;3;5;2;0;1;1;0;0;0;0;0;801464,2044;5826036,855;13,44218097;52,50094571
2020;7;13;5;3;0;6;0;0;0;0;1;0;1;0;796039,6833;5824950,529;13,36153718;52,49417767
2020;6;14;3;3;5;7;0;1;1;0;0;0;0;0;794775,171;5823914,463;13,34204893;52,48557438
2020;7;17;7;3;1;5;0;1;1;0;0;0;0;0;791306,4514;5826330,836;13,2932246;52,50909887
2020;6;14;2;3;1;5;0;1;1;0;0;0;0;0;789112,9073;5826616,275;13,261242;52,51282489
2020;6;22;6;3;2;6;2;0;1;0;1;0;0;0;795216,5688;5826605,468;13,35091548;52,50945881
2020;7;15;5;3;3;6;0;1;0;0;0;0;0;0;799918,2602;5819654,695;13,41373637;52,444591
2020;7;13;4;2;2;6;0;1;1;0;0;0;0;1;796484,1897;5829281,829;13,37192437;52,53276222
2020;7;20;6;3;2;2;0;1;1;0;0;0;0;0;797090,1842;5824708,727;13,37674957;52,4914394
2020;6;22;1;3;5;2;2;0;1;0;0;0;0;0;797749,969;5824024,579;13,38582741;52,48494731
2020;7;7;4;3;0;1;0;1;0;0;0;0;0;0;784503,8399;5828158,39;13,19482734;52,52907532
2020;7;15;5;3;5;2;0;1;1;0;0;0;0;0;809512,9338;5831408,915;13,56537731;52,54458289
2020;7;9;4;3;0;1;0;1;0;0;0;0;0;0;789811,7254;5819798,664;13,26558416;52,45133238
2020;7;20;6;3;5;2;0;1;0;0;0;0;1;0;799192,3152;5830026,281;13,41240018;52,53795536
2020;6;20;1;2;0;1;0;1;0;0;0;0;0;1;812067,029;5821205,269;13,59336008;52,45168882
2020;7;10;4;3;2;6;0;0;1;0;0;0;0;0;790246,2583;5828048,851;13,27914591;52,52506615
2020;6;13;3;3;5;2;0;1;1;0;0;0;0;0;807283,0239;5825420,5;13,52706672;52,49217655
2020;7;17;7;2;0;4;0;1;0;1;0;0;0;0;798620,3867;5830283,011;13,40422339;52,54057027
2020;6;20;1;3;2;6;0;0;1;0;1;0;0;0;791318,7708;5826075,28;13,29318195;52,50680124
2020;6;17;6;3;5;3;0;1;1;0;0;0;0;0;798610,9544;5825141,097;13,39946959;52,49448525
2020;7;12;5;3;1;5;0;1;1;0;0;0;0;0;793919,8211;5824035,225;13,32959522;52,48711808
2020;7;18;4;3;5;7;0;1;1;0;0;0;0;0;805090,7592;5826888,192;13,49622188;52,50656043
2020;7;17;6;3;5;2;0;1;1;0;0;0;0;0;797957,1407;5828502,075;13,39287633;52,52496956
2020;6;20;1;3;5;3;0;0;1;0;0;0;0;1;799425,3359;5833250,423;13,41873326;52,5667266
2020;6;20;3;3;8;1;0;0;1;0;0;0;0;0;803112,5111;5826302,957;13,46663159;52,50241769
2020;7;17;1;3;4;6;0;1;0;0;0;0;0;0;811043,5205;5821857,809;13,57895503;52,45811988
2020;6;8;3;3;5;2;0;0;1;0;0;0;0;0;792161,9973;5827298,311;13,30664426;52,51731452
2020;6;13;6;2;5;3;0;1;1;0;0;0;0;1;810173,8112;5820386,968;13,56483009;52,44543289
2020;6;11;6;2;1;5;0;1;1;0;0;0;0;0;791902,689;5838627,978;13,31280416;52,61902007
2020;6;10;3;3;5;3;0;0;1;0;0;0;0;0;804091,5645;5819275,292;13,47460544;52,43888562
2020;6;9;6;2;1;5;0;1;0;0;0;1;0;0;799056,8488;5830173,86;13,41054162;52,53935253
2020;7;11;7;3;5;2;0;1;1;0;0;0;0;0;797749,362;5824034,295;13,38582718;52,48503473
2020;6;19;1;3;5;2;1;0;1;0;0;0;0;0;794878,2255;5835832,641;13,35413916;52,59235596
2020;6;9;6;3;1;5;0;1;0;0;0;0;1;0;809276,2262;5830515,734;13,56106646;52,53671294
2020;7;16;4;3;2;6;0;0;1;0;0;0;1;0;805015,8585;5831470,04;13,49932463;52,54766686
2020;7;14;6;2;5;3;0;1;1;0;0;0;0;0;799299,227;5816214,01;13,40157631;52,41408877
2020;6;18;1;3;0;3;0;1;0;0;0;0;0;1;799202,3048;5831606,282;13,41397027;52,55211212
2020;6;18;3;3;1;5;0;1;1;0;0;0;0;0;797934,7973;5815754,761;13,38116572;52,41071639
2020;7;14;1;3;5;3;0;1;1;0;0;0;0;0;796619,017;5817420,214;13,36335431;52,42636041
2020;6;8;3;2;5;2;0;0;0;0;1;0;0;0;797734,9744;5827611,933;13,38881454;52,5171119
2020;6;8;6;3;0;5;0;0;0;0;0;0;1;0;803975,6792;5821990,185;13,47537667;52,46328321
2020;7;10;5;3;5;2;0;1;1;0;0;0;0;0;800827,2688;5824497,574;13,43143612;52,48750018
2020;7;16;7;3;1;5;0;1;1;0;0;0;0;0;802552,6976;5823011,891;13,45542176;52,47323055
2020;6;18;1;2;5;3;0;1;1;0;0;0;0;1;796703,6912;5831625,007;13,37724372;52,55364678
2020;6;8;6;3;5;3;0;1;1;0;0;0;0;0;800582,7831;5824581,129;13,42792169;52,48838377
2020;7;19;4;3;5;2;0;0;1;0;0;0;0;0;796010,1084;5824976,82;13,36112618;52,49442938
2020;7;11;6;3;2;6;0;0;1;0;0;0;0;0;792355,3889;5833992,523;13,3153792;52,57722212
2020;7;14;5;3;0;6;0;0;1;0;0;0;1;0;784662,0945;5828489,829;13,19743773;52,53196438
2020;7;17;7;3;1;5;0;0;1;0;0;0;1;0;795333,8865;5825186,493;13,35138052;52,49667527
2020;6;18;1;3;5;3;0;1;1;0;0;0;0;0;805326,1185;5827211,372;13,49997525;52,50932524
2020;6;8;6;3;1;5;0;1;1;0;0;0;0;0;792533,3561;5824545,786;13,30968297;52,49243981
2020;7;16;4;3;2;6;0;1;1;0;0;0;0;0;794930,9704;5824686,481;13,34501994;52,49241087
2020;7;13;6;3;2;6;0;0;1;0;0;0;0;0;782292,7207;5827434,54;13,16170509;52,52373455
2020;6;16;3;3;5;2;0;1;1;0;0;0;0;0;797709,588;5832893,764;13,39317441;52,56447061
2020;7;14;7;3;2;6;0;0;1;0;0;0;0;0;795305,3058;5831423,23;13,35649897;52,55259802
2020;6;20;2;3;3;6;0;1;0;0;1;0;0;0;803104,3591;5826927,863;13,46708076;52,50802316
2020;6;7;6;3;6;2;0;0;1;1;0;0;0;0;793970,0603;5826183,166;13,33222862;52,50634625
2020;7;6;5;3;5;2;0;0;1;0;0;0;0;0;799243,0999;5828468,59;13,41174456;52,52396515
2020;7;18;6;3;0;5;0;1;1;0;0;0;0;0;789609,1022;5815412,507;13,25881172;52,41211599
2020;6;17;1;2;5;2;0;1;1;0;0;0;0;1;793418,8087;5836087,611;13,33288264;52,59543088
2020;6;11;6;3;5;5;0;1;1;0;0;0;0;0;801677,4479;5823806,676;13,44329386;52,48083844
2020;7;10;4;3;6;7;0;1;0;1;0;0;0;1;797972,7752;5829462,044;13,39396648;52,5335659
2020;6;6;3;3;5;3;0;1;1;0;0;0;0;0;798584,5667;5835208,409;13,40812895;52,58473873
2020;6;6;3;3;3;6;0;1;1;0;0;0;0;0;793280,6679;5819091,269;13,31586426;52,44314071
2020;7;1;7;3;5;2;2;1;1;0;0;0;0;0;798814,1754;5829368,003;13,40624957;52,53226233
2020;6;19;2;3;0;7;0;0;1;0;0;0;0;0;798396,6245;5827380,888;13,39832931;52,51467928
2020;6;18;6;3;5;3;0;1;1;0;0;0;0;0;809450,5406;5834611,969;13,56744655;52,57332264
2020;7;15;5;3;6;4;0;0;1;1;0;0;0;0;795575,5035;5829997,048;13,35920332;52,53966705
2020;7;15;4;3;5;3;0;0;1;0;0;0;1;0;801057,1214;5829336,423;13,43918748;52,5307451
2020;7;23;6;3;0;1;2;1;0;0;0;0;0;0;807107,4097;5824052,963;13,52322826;52,48001927
2020;6;16;1;3;5;3;0;1;1;0;0;0;0;0;808809,0855;5819002,504;13,54353501;52,43379776
2020;7;19;5;3;5;7;0;1;1;0;0;0;0;0;795274,0278;5818378,156;13,3444769;52,43567533
2020;7;9;4;3;5;3;0;0;1;0;1;0;0;0;789586,1191;5825971,596;13,26763476;52,50679416
2020;7;23;5;3;9;1;2;0;1;0;0;0;0;1;790232,6962;5814874,829;13,26748822;52,40696524
2020;6;12;3;3;5;3;0;1;1;0;0;0;0;0;799458,3091;5827067,944;13,41364644;52,51129234
2020;7;11;7;3;3;2;0;1;1;0;0;0;0;0;795329,2486;5833842,599;13,35900456;52,57427246
2020;6;7;1;2;5;3;0;1;1;0;0;0;0;0;784093,2036;5827985,076;13,18864227;52,52773553
2020;6;18;6;3;5;2;0;1;1;0;0;0;0;0;792864,0742;5827297,653;13,31696084;52,51693206
2020;7;17;4;3;6;4;0;0;1;1;0;0;0;0;794973,9531;5819683,703;13,34122794;52,44754077
2020;7;9;6;3;6;2;0;0;1;1;0;0;0;0;792609,9175;5824955,974;13,31116771;52,49607601
2020;7;16;6;3;0;4;2;0;1;1;0;0;0;0;811762,2531;5831779,135;13,59878696;52,54661815
2020;7;17;3;3;2;6;0;0;1;0;0;0;0;0;795215,1163;5826605,134;13,35089384;52,5094566
2020;7;18;3;3;0;1;0;0;1;0;1;0;0;0;803368,104;5826804,401;13,47084241;52,50677
2020;7;10;1;3;1;5;0;1;1;0;0;0;0;0;795515,9588;5815986,186;13,34591224;52,41410204
2020;7;15;2;3;5;2;0;1;1;0;0;0;0;0;802306,9331;5829215,134;13,4574456;52,52896633
2020;7;16;5;3;2;6;0;0;1;0;0;0;0;1;801478,5909;5823012,625;13,43965669;52,473831
2020;7;16;3;3;5;2;0;0;1;0;0;0;0;0;796261,5935;5822942,688;13,36301169;52,47605872
2020;7;22;4;3;0;1;2;1;0;0;0;0;0;0;806903,3277;5821183,042;13,51759309;52,45441299
2020;7;18;4;3;2;6;0;0;1;0;0;0;0;1;787914,1128;5829321,009;13,24596761;52,53770822
2020;7;8;1;3;5;3;0;1;1;0;0;0;0;0;801236,5052;5819770,29;13,43317757;52,44490249
2020;7;16;3;3;5;2;0;1;1;0;0;0;0;0;795412,4305;5821006,578;13,34883122;52,45916276
2020;7;12;3;2;7;7;0;0;0;0;1;0;0;0;798461,2662;5837324,047;13,408221;52,60376977
2020;7;17;1;3;6;4;0;0;1;1;0;0;0;0;792564,3567;5819608,209;13,3058082;52,44815874
2020;7;16;3;3;2;6;0;0;1;0;0;0;1;0;794200,9553;5830352,158;13,33930903;52,54359422
2020;7;10;2;3;0;3;0;0;0;0;0;0;1;0;812929,4695;5827925,439;13,61231702;52,5114161
2020;7;15;1;3;3;1;0;0;1;0;1;0;0;0;809887,2542;5819242,562;13,55956627;52,43533941
2020;7;13;5;3;2;6;0;0;1;0;0;0;0;1;805346,9129;5833272,424;13,50584953;52,56363494
2020;7;16;3;3;0;2;0;1;0;0;0;0;1;0;806627,1589;5830238,093;13,52187586;52,53572153
2020;7;16;4;3;5;2;0;0;1;0;1;0;0;0;787908,0458;5829398,734;13,24594575;52,53840827
2020;7;14;4;3;5;3;0;0;1;0;1;0;0;1;811332,7731;5828399,483;13,58930878;52,51657775
2020;7;16;3;3;5;3;0;1;1;0;0;0;0;0;795384,6283;5826004,538;13,35285138;52,50398096
2020;7;18;4;3;5;2;0;1;1;0;0;0;0;0;798633,3971;5828821,535;13,40310154;52,52746309
2020;7;16;4;3;5;2;0;1;1;0;0;0;0;1;793552,0036;5832377,256;13,33155769;52,56209809
2020;7;14;3;3;0;3;0;0;0;0;1;0;1;0;805994,5168;5826987,974;13,50958781;52,50694859
2020;7;10;3;3;5;3;0;1;1;0;0;0;0;0;803005,309;5839505,404;13,47711235;52,62080699
2020;7;14;1;3;1;1;0;0;1;0;1;0;0;0;798924,3609;5813492,894;13,39365267;52,38990184