UJAHR;UMONAT;USTUNDE;UWOCHENTAG;UKATEGORIE;UART;UTYP1;ULICHTVERH;IstRad;IstPKW;IstFuss;IstKrad;IstGkfz;IstSonstige;USTRZUSTAND;LINREFX;LINREFY;XGCSWGS84;YGCSWGS84
2020;7;8;2;3;5;3;0;0;1;0;1;0;0;0;802353,0808;5822750,585;13,45225499;52,47099896
2020;7;17;4;3;5;2;0;1;1;0;0;0;0;0;793477,628;5824923,423;13,32388395;52,4953183
2020;7;15;4;3;5;2;0;0;1;0;0;0;1;1;804217,628;5821057,045;13,47807671;52,45478503
2020;7;13;2;3;5;7;0;1;1;0;0;0;0;0;799715,0305;5830883,903;13,42085781;52,54535531
2020;7;9;3;3;2;6;0;1;1;0;0;0;0;0;794374,5094;5819071,751;13,33189397;52,44237798
2020;7;8;6;3;5;3;0;1;1;0;0;0;0;1;795008,4371;5823599,073;13,3451951;52,48262112
2020;7;13;2;3;0;1;0;1;0;0;0;0;0;0;801948,9743;5829057,758;13,45204199;52,52775416
2020;7;8;2;3;5;7;0;1;1;0;0;0;0;0;791230,3498;5824451,383;13,2904628;52,49229026
2020;7;8;6;3;5;3;0;1;1;0;0;0;0;1;798607,4321;5813326,196;13,38886073;52,3885804
2020;7;4;5;3;1;7;1;0;1;0;0;0;0;0;801698,0347;5832998,675;13,45193375;52,5632155
2020;7;12;2;3;1;5;0;1;1;0;0;0;0;0;814895,308;5821586,882;13,63520247;52,45348669
2020;7;12;2;3;5;3;0;0;1;0;0;0;0;0;807809,5497;5830770,046;13,53974611;52,53982238
2020;7;10;2;3;0;6;0;1;1;0;0;0;0;0;794584,5868;5828536,343;13,3433402;52,52710946
2020;7;6;6;2;0;7;0;0;1;0;1;0;0;1;801057,909;5832023,83;13,4416345;52,55483221
2020;7;11;5;3;3;6;0;0;1;0;0;1;0;0;806013,905;5823040,72;13,50624805;52,47156097
2020;7;8;2;3;5;2;0;1;1;0;0;0;0;0;794523,7973;5824648,013;13,33900603;52,49228588
2020;7;15;4;3;5;3;0;1;1;0;0;0;0;0;800458,7417;5827593,735;13,42881853;52,51545505
2020;7;12;4;2;4;6;0;0;1;0;0;0;0;0;818785,1926;5816638,509;13,68753721;52,40689402
2020;7;7;2;3;0;7;0;0;0;0;1;0;0;1;798670,1982;5828142,497;13,40303256;52,5213563
2020;7;7;3;3;5;3;0;1;1;0;0;0;0;0;804946,3155;5820717,098;13,48845687;52,45133217
2020;7;5;6;3;2;1;0;0;1;0;0;0;0;1;798882,3328;5830383,32;13,40816453;52,54132577
2020;7;7;2;3;5;2;0;1;0;0;0;1;0;0;787278,1489;5829423,64;13,23670547;52,53896399
2020;7;0;2;3;6;2;2;0;1;1;0;0;0;0;798481,7995;5829056,736;13,40108467;52,52965436
2020;7;17;5;3;5;5;0;1;1;0;0;0;0;0;793452,701;5824395,857;13,32305315;52,49060229
2020;7;7;5;3;5;3;0;0;1;0;1;0;0;0;785475,5708;5833385,672;13,2136077;52,57543414
2020;7;10;4;3;2;6;0;0;1;0;0;0;0;0;809522,3267;5827208,814;13,56160615;52,50693782
2020;7;15;3;3;2;6;0;0;1;0;0;0;0;0;806366,639;5822233,698;13,51068384;52,46413044
2020;7;14;4;3;2;6;0;0;1;0;0;0;0;0;784789,3011;5828840,122;13,19960811;52,53503865
2020;7;9;4;3;5;3;0;1;1;0;0;0;0;1;806407,802;5822969,093;13,51196312;52,47069823
2020;7;7;2;3;5;3;0;1;1;0;0;0;0;0;798311,1025;5825621,423;13,39549612;52,49895473
2020;7;21;3;3;2;6;1;1;1;0;0;0;0;0;803425,2335;5826919,6;13,47178656;52,50777073
2020;7;16;5;2;5;3;0;1;1;0;0;0;0;1;801363,8907;5823775,676;13,43866264;52,48073371
2020;7;16;1;3;0;5;0;0;1;0;1;0;0;0;800388,3764;5824102,925;13,42463617;52,48420444
2020;7;18;5;3;2;6;0;0;1;0;0;0;1;1;790205,4158;5835860,48;13,28537693;52,59511901
2020;7;5;2;3;5;3;0;0;1;0;0;0;0;0;789712,2603;5815436,33;13,26034477;52,41227499
2020;7;17;2;3;5;7;0;0;1;0;1;0;0;0;791636,3889;5825118,69;13,29701059;52,49805583
2020;7;16;2;2;5;2;0;0;1;0;0;0;0;0;795224,335;5824372,504;13,34905018;52,4894377
2020;7;15;4;3;6;2;0;0;1;1;0;0;0;0;793327,3405;5826642,987;13,32319141;52,51081429
2020;7;16;2;3;3;6;0;1;1;0;0;0;0;0;804016,4883;5817810,199;13,47217229;52,42579589
2020;7;5;4;3;0;1;0;0;0;0;1;0;0;0;798174,5113;5826505,535;13,39428164;52,50695433
2020;7;15;3;3;2;6;0;0;1;0;0;0;0;0;792077,0879;5820265,24;13,29923336;52,45430952
2020;7;22;1;3;0;7;2;0;1;0;1;0;0;1;791660,6224;5825125,53;13,29737255;52,49810419
2020;7;15;2;3;4;6;0;1;0;0;0;0;0;0;800420,2533;5826571,847;13,42733065;52,50631675
2020;7;14;5;3;0;1;0;1;0;0;0;0;0;1;791986,6889;5827395,238;13,3041531;52,51827734
2020;7;15;5;3;0;1;0;0;0;0;1;0;0;1;788028,6908;5829418,832;13,24773708;52,5385247
2020;7;20;1;2;0;1;0;0;0;0;1;0;0;0;796192,5062;5819606,049;13,3590367;52,44618588
2020;7;16;3;3;3;6;0;1;0;0;0;0;1;0;799920,0706;5830702,822;13,4237089;52,54361939
2020;7;18;6;3;3;5;0;1;1;0;0;0;0;0;793868,2382;5825525,025;13,33015186;52,5005012
2020;7;10;6;3;5;2;0;1;1;0;0;0;0;0;802830,7796;5828742,557;13,46471375;52,52443995
2020;7;20;6;3;0;6;1;0;1;0;1;0;0;0;786118,7327;5830511,089;13,22059394;52,54932378
2020;7;12;2;3;5;5;0;1;1;0;0;0;0;0;797844,9574;5827461,943;13,39029632;52,51570736
2020;7;9;6;3;0;4;0;0;0;1;0;0;1;0;795253,6036;5818638,715;13,34440747;52,43802211
2020;7;18;1;3;5;3;0;1;1;0;0;0;0;1;801880,7888;5821131,345;13,44385845;52,45674661
2020;7;18;1;3;1;6;0;1;1;0;0;0;1;0;792948,5934;5820919,639;13,31259629;52,45970969
2020;7;9;6;3;5;2;0;1;1;0;0;0;0;0;796378,199;5832792,759;13,37349981;52,56429162
2020;7;8;4;3;0;5;0;0;1;0;0;0;0;0;809055,0397;5828800,088;13,55622098;52,52146331
2020;7;17;7;3;5;3;0;1;1;0;0;0;0;0;791538,0664;5826830,343;13,29706524;52,51345316
2020;7;8;6;3;5;2;0;1;1;0;0;0;0;0;797749,1749;5822532,348;13,38448334;52,47157156
2020;7;11;3;3;5;2;0;0;1;0;1;0;0;0;783319,5945;5830773,807;13,1796475;52,5531425
2020;7;14;6;3;2;7;0;0;0;0;1;0;1;0;800682,131;5824253,52;13,42908489;52,4853926
2020;7;0;6;3;0;2;2;1;0;0;0;0;1;0;800940,41;5828520,517;13,43673371;52,52349643
2020;7;11;2;3;0;2;0;1;0;0;0;0;1;0;801464,7982;5823891,046;13,44024833;52,4817121
2020;7;17;5;3;2;6;0;0;1;0;0;0;0;0;795810,0472;5819681,99;13,35349298;52,44707369
2020;7;6;5;2;0;3;0;1;0;0;0;0;0;1;810869,961;5820326,084;13,57498327;52,44449194
2020;7;20;1;3;0;1;1;0;0;0;1;0;0;1;810888,6884;5821463,641;13,57631661;52,45467561
2020;7;20;7;3;3;6;0;0;1;0;0;0;0;0;793353,7475;5829676,97;13,32625577;52,53799833
2020;7;13;3;3;5;2;0;0;0;0;1;0;1;0;800668,7062;5825803,961;13,43028689;52,49929709
2020;7;18;5;2;6;4;0;0;1;1;0;0;0;0;798885,3165;5829865,227;13,40774237;52,5366802
2020;7;13;1;3;0;2;0;1;1;0;0;0;0;1;794316,3126;5828379,579;13,33925836;52,52584907
2020;7;17;1;3;5;3;0;1;1;0;0;0;0;0;804671,701;5830737,516;13,49359304;52,54129422
2020;7;12;3;3;2;6;0;0;1;0;0;0;0;0;790596,5127;5834497,364;13,28993886;52,58269005
2020;7;13;7;2;3;6;0;1;0;0;0;0;0;0;784502,9318;5817255,592;13,18551031;52,43131944
2020;7;16;5;3;1;5;0;1;1;0;0;0;0;0;782792,3898;5829570,473;13,17086764;52,54262707
2020;7;10;3;2;5;3;0;0;1;0;1;0;0;0;784675,792;5829706,006;13,19868104;52,54286146
2020;7;2;6;3;1;5;2;0;1;0;0;0;0;0;797426,7818;5831866,827;13,38809411;52,55542001
2020;7;12;5;3;2;7;0;0;1;0;0;0;1;0;801635,4789;5822320,404;13,44133366;52,46753986
2020;7;16;2;3;5;2;0;1;1;0;0;0;0;1;797471,0465;5826799,263;13,38420998;52,50997128
2020;7;16;5;3;2;2;0;1;1;0;0;0;0;0;799105,2361;5819853,049;13,4019875;52,44681433
2020;7;20;4;3;5;2;0;0;1;0;0;0;0;0;795665,6085;5829739,16;13,36029855;52,53730643
2020;7;18;1;3;3;6;0;0;0;0;1;0;1;1;794411,7596;5822341,188;13,33532344;52,47166688
2020;7;17;7;3;5;3;0;1;1;0;0;0;0;0;802589,5286;5823076,161;13,45602066;52,4737862
2020;7;19;3;3;5;2;0;1;1;0;0;0;0;0;796999,2298;5831504,466;13,38148209;52,5524052
2020;7;18;6;2;4;6;0;1;0;0;0;0;0;0;801304,8827;5831326,022;13,44463306;52,54844115
2020;7;12;5;3;2;6;0;0;1;0;0;0;0;1;798895,1305;5826272,151;13,40465802;52,50446805
2020;7;20;6;3;5;3;0;0;1;0;1;0;0;0;801400,0503;5824136,456;13,43951964;52,4839475
2020;7;7;3;3;5;3;0;1;1;0;0;0;0;0;810885,6831;5820660,769;13,57552526;52,44748231
2020;7;13;6;3;5;3;0;1;1;0;0;0;0;0;800649,095;5825682,122;13,42988888;52,49821581
2020;7;15;5;3;1;5;0;1;1;0;0;0;0;1;794121,3887;5817678,721;13,32695502;52,43002618
2020;7;10;7;3;5;2;0;1;1;0;0;0;0;0;806558,5524;5829131,585;13,5198472;52,52584343
2020;7;15;5;3;6;4;0;0;1;1;0;0;0;0;801401,7618;5831491,949;13,44620807;52,54987477
2020;7;15;3;3;5;2;0;1;1;0;0;0;0;0;807456,2066;5829172,146;13,53307461;52,52570149
2020;7;21;6;2;0;7;2;1;0;0;0;0;0;0;780764,2661;5819204,889;13,13230243;52,45073036
2020;7;14;5;3;5;3;0;1;0;0;0;0;1;0;802437,2194;5827409,939;13,45771902;52,51271422
2020;7;14;2;3;0;2;0;0;1;0;1;0;0;0;808295,8278;5832814,543;13,54879143;52,55786985
2020;7;18;4;2;1;5;0;1;1;0;0;0;0;0;794490,9866;5825875,014;13,33960903;52,50330292
2020;7;22;7;3;0;1;2;0;0;0;1;0;0;0;802145,725;5827550,494;13,45356431;52,51413556
2020;7;11;7;3;5;2;0;0;1;0;0;0;1;0;810317,8554;5831796,408;13,57757095;52,54759755
2020;7;18;3;2;0;1;0;1;0;0;0;0;0;0;805387,8834;5830017,438;13,50345882;52,53443974
2020;7;15;6;3;1;5;0;1;1;0;0;0;0;0;793972,4364;5823100,278;13,3295434;52,47870839
2020;7;14;5;3;5;2;0;0;1;0;1;0;0;0;800515,2589;5820540,588;13,42329063;52,4522039
2020;7;7;6;3;4;6;0;1;0;0;0;0;0;0;797420,4778;5825955,332;13,38271311;52,50243397
2020;7;17;2;3;1;5;0;1;1;0;0;0;0;0;801139,656;5824124,809;13,43568609;52,48398678
2020;7;3;6;3;0;1;2;1;0;0;0;0;0;1;801106,6919;5830757,956;13,44120406;52,54345911
2020;7;21;1;3;5;2;2;1;1;0;0;0;0;1;812350,801;5823795,872;13,59994663;52,47474188
2020;7;3;1;3;1;5;2;1;1;0;0;0;0;0;804580,2503;5818621,214;13,4811765;52,43275134
2020;7;14;5;3;5;3;0;1;1;0;0;0;0;0;801916,7566;5827967,945;13,45057923;52,51800399
2020;7;10;4;3;5;2;0;1;1;0;0;0;0;0;798311,1941;5824424,635;13,39442588;52,48822698
2020;7;18;7;3;5;3;0;1;1;0;0;0;0;0;787190,9899;5817117,859;13,22482163;52,42867995
2020;7;13;2;3;2;6;0;0;1;0;0;1;0;0;787973,1149;5829368,786;13,24687654;52,53810539
2020;7;1;1;3;1;5;2;0;1;0;0;0;0;1;800476,5631;5825949,796;13,42759646;52,50071009
2020;7;16;4;3;1;7;0;0;1;0;0;0;0;0;802173,839;5823487,581;13,45029192;52,47770392
2020;7;19;7;3;5;2;0;1;1;0;0;0;0;0;804093,5443;5826004,085;13,48076713;52,49919317
2020;7;17;3;3;5;3;0;1;1;0;0;0;0;0;806503,1383;5832280,088;13,52193729;52,5540919
2020;7;16;6;3;1;5;0;1;1;0;0;0;0;0;795956,4211;5831941,184;13,36653605;52,55688756
2020;7;13;5;2;0;1;0;1;0;0;0;0;0;1;801277,7093;5828758,853;13,44190616;52,52544641
2020;7;14;6;2;6;2;0;0;1;1;0;0;0;1;798131,716;5835469,517;13,40169972;52,58732752
2020;7;12;2;2;0;7;0;1;0;0;0;0;0;0;810885,7044;5827048,474;13,58147966;52,50472581
2020;7;16;5;3;0;1;0;1;0;0;0;0;0;0;793613,9084;5829862,365;13,33024443;52,53952018
2020;7;16;1;3;3;6;0;0;1;0;0;0;0;0;794987,2237;5825148,029;13,34625478;52,49651794
2020;7;18;1;2;5;7;0;1;1;0;0;0;0;0;785359,9969;5817763,44;13,19851593;52,43542646
2020;7;13;5;3;0;3;0;1;1;0;0;0;0;0;798657,3485;5831006,064;13,40541685;52,54703112
2020;7;6;4;3;2;6;0;0;0;0;0;0;1;0;797467,1553;5829187,319;13,38628842;52,5313795
2020;7;16;7;3;0;3;0;1;1;0;0;0;0;0;795627,1599;5833003,112;13,36263953;52,56658555
2020;7;13;5;3;6;4;0;1;0;1;0;0;0;0;797005,9883;5828589,794;13,37897612;52,52627483
2020;7;10;3;3;2;6;0;0;1;0;1;0;0;0;802862,918;5818693,257;13,45605848;52,43435055
2020;7;13;6;3;2;2;0;0;1;0;1;0;1;0;794018,7827;5830174,785;13,33647346;52,54210253
2020;7;13;5;3;2;6;0;0;0;0;1;0;1;0;811255,8513;5820186,811;13,58051288;52,44302433
2020;7;12;5;3;1;5;0;1;0;0;0;1;0;0;797877,2312;5826728,041;13,39011363;52,50911122
2020;7;12;3;3;5;3;0;0;1;0;1;0;0;0;795325,0878;5826174,963;13,3521279;52,50554092
2020;7;15;6;2;5;5;0;0;1;0;1;0;0;0;794248,1792;5833682,373;13,34295592;52,57342171
2020;7;11;5;3;0;6;0;1;0;0;1;0;0;1;797755,896;5829256,267;13,39059421;52,53183989
2020;7;16;2;3;6;7;0;0;1;1;0;0;0;0;797931,226;5819775,786;13,38469551;52,44676274
2020;7;19;5;2;5;2;0;1;1;0;0;0;0;0;787125,0529;5817227,561;13,2239487;52,42969813
2020;7;18;5;3;5;3;0;1;1;0;0;0;0;0;801515,51;5817619,325;13,43533027;52,4254689
2020;7;14;5;3;2;7;0;1;1;0;0;0;0;0;798529,4484;5828982,191;13,40171806;52,52896008
2020;7;10;1;3;1;7;0;0;1;0;0;0;0;0;801827,9111;5831249;13,4522531;52,54746128
2020;7;13;1;3;2;6;0;1;0;0;0;0;0;0;791824,5105;5831341,524;13,30523515;52,55374168
2020;7;14;3;3;2;6;0;0;1;0;0;0;0;0;789394,577;5818103,344;13,25799444;52,4363541
2020;7;12;7;2;3;6;0;1;1;0;0;0;0;0;796819,0085;5822133,248;13,37047452;52,46850021
2020;7;11;5;2;5;2;0;0;0;0;0;0;1;0;802024,4712;5823488,291;13,44809993;52,4777929
2020;7;9;3;3;5;3;0;0;1;0;0;0;0;0;812382,9334;5819052,851;13,59598177;52,43221988
2020;7;1;6;3;0;1;2;1;0;0;0;0;0;0;801915,5415;5826638,064;13,44935494;52,50608487
2020;7;11;5;3;5;7;0;0;1;0;0;0;0;0;795206,0707;5825597,881;13,34986784;52,50043221
2020;7;15;2;3;1;5;0;1;1;0;0;0;0;0;808325,3494;5817709,856;13,53525036;52,42248575
2020;7;15;5;2;3;6;0;1;0;0;0;0;0;0;794614,5267;5828452,629;13,34370609;52,52634284
2020;7;19;4;3;2;6;0;0;1;0;0;0;0;0;801283,4675;5819671,532;13,4337774;52,44399142
2020;7;19;7;3;2;6;0;0;1;0;0;0;0;0;800168,4718;5825863,702;13,42299377;52,50010795
2020;7;14;7;3;0;2;0;1;1;0;0;0;0;0;782020,7302;5815649,328;13,14774305;52,41820189
2020;7;8;2;3;2;2;0;0;1;0;0;0;1;0;808268,8423;5834029,883;13,54952372;52,56877669
2020;7;16;5;3;2;6;0;0;1;0;0;0;1;0;800686,7403;5833720,398;13,43771374;52,57024381
2020;7;20;4;3;5;2;1;0;1;0;0;0;0;0;794958,1529;5825654,926;13,34627672;52,50107765
2020;7;19;1;3;0;7;0;0;0;0;1;0;0;1;790187,3129;5815256,251;13,26715351;52,41040889
2020;7;20;7;2;5;3;0;1;0;0;0;0;1;0;801591,9381;5825954,805;13,44398272;52,5001397
2020;7;23;3;3;6;4;2;1;0;1;0;0;0;0;797811,2215;5824934,355;13,38753981;52,49306899
2020;7;4;7;3;1;5;2;0;1;0;1;0;0;0;794236,0264;5820216,631;13,33087084;52,45271588
2020;7;11;5;2;5;2;0;1;1;0;0;0;0;0;793036,6788;5832664,426;13,32423092;52,56495
2020;7;8;3;3;6;4;0;1;0;1;0;0;0;0;784635,6023;5828404,908;13,19697551;52,53121681
2020;7;20;6;2;0;1;1;0;0;0;0;0;1;0;792984,3447;5826086,81;13,31766225;52,50601269
2020;7;11;5;3;4;6;0;1;1;0;0;0;0;1;793945,5804;5821357,973;13,3276139;52,46310382
2020;7;13;2;3;5;3;0;0;1;0;1;0;0;0;794959,1946;5825403,756;13,34606956;52,49882551
2020;7;12;2;3;3;2;0;0;1;0;0;1;0;0;803060,824;5820924,993;13,46098489;52,45424406
2020;7;17;4;3;0;1;0;1;0;0;0;0;0;0;801402,4822;5822966,922;13,43849825;52,47346335
2020;7;19;7;3;2;7;0;0;1;0;0;0;0;0;801682,7762;5836309,715;13,4547224;52,5929005
2020;7;18;3;3;0;6;0;1;1;0;0;0;0;0;795464,9483;5829564,399;13,35719326;52,53584868
2020;7;18;6;3;0;7;0;1;1;0;0;0;0;0;796992,9053;5829725,459;13,37979846;52,53646191
2020;7;11;5;3;5;3;0;1;0;0;0;0;1;2;791177,0452;5824965,719;13,29012946;52,49692972
2020;7;5;6;2;6;4;0;1;0;1;0;0;0;0;795537,6467;5830766,839;13,35933161;52,54658806
2020;7;19;3;3;0;7;0;0;1;0;1;0;0;0;801821,7058;5825758,631;13,44717951;52,49825435
2020;7;13;6;3;2;6;0;0;1;0;0;0;0;0;802797,7722;5817492,377;13,45401586;52,42362299
2020;7;10;5;2;0;6;0;0;1;0;0;0;1;0;795262,0185;5818622,911;13,34451695;52,4378759
2020;7;15;6;3;6;4;0;1;0;1;0;0;0;0;800428,9752;5823783,073;13,424944;52,48131515
2020;7;6;3;2;6;2;0;0;1;1;0;0;0;0;799494,1095;5828789,989;13,41572271;52,52670818
2020;7;12;6;2;5;7;0;0;1;0;1;0;0;0;793301,4657;5816498,829;13,31389536;52,41988887
2020;7;21;1;2;5;3;2;0;1;0;0;0;0;0;792928,6891;5826976,535;13,31762764;52,51401865
2020;7;11;1;3;6;4;0;0;1;1;0;0;0;0;809082,5947;5829194,068;13,55699193;52,52497842
2020;7;11;7;3;5;2;0;0;1;0;1;0;0;0;793392,2921;5833166,407;13,32990627;52,56925845
2020;7;14;4;3;3;6;0;0;1;0;0;1;0;0;793146,4235;5832268,172;13,32549527;52,56133872
2020;7;19;7;3;6;4;0;1;0;1;0;0;0;0;799844,9959;5831531,572;13,42335339;52,55108907
2020;7;16;3;2;5;3;0;0;1;0;1;0;0;0;800750,5255;5836079,254;13,44079234;52,59135117
2020;7;16;6;3;2;6;0;0;1;0;0;0;0;0;801982,2607;5817617,513;13,44217221;52,42519526
2020;7;8;5;3;5;2;0;0;1;0;0;0;0;0;794238,9553;5822031,68;13,33251376;52,4689854
2020;7;17;6;3;5;3;0;0;1;0;0;0;1;0;803804,5564;5821740,949;13,47263875;52,46114451
2020;7;16;2;3;1;7;0;1;1;1;0;0;0;1;797382,1414;5831869,969;13,38744042;52,55547255
2020;7;23;5;3;5;2;2;1;1;0;0;0;0;0;800672,3508;5825803,538;13,43034003;52,49929129
2020;7;3;7;3;1;7;2;0;1;0;0;0;0;0;795901,1169;5833743,973;13,36733058;52,57307776
2020;7;14;1;3;5;2;0;0;1;0;0;0;0;0;807699,3469;5818374,531;13,52668493;52,42879506
2020;7;17;1;3;5;2;0;1;1;0;0;0;0;0;801281,2633;5825356,544;13,4388787;52,49494898
2020;7;12;2;3;0;1;0;1;0;0;0;0;0;0;792900,8207;5833860,759;13,32328886;52,57574763
2020;7;10;6;3;2;2;0;0;1;0;0;0;0;0;792827,328;5823219,015;13,31283484;52,48038805
2020;7;9;7;3;5;7;0;0;1;0;1;0;0;0;790760,5623;5833707,498;13,29166042;52,57552139
2020;7;18;1;3;6;7;0;0;1;1;0;0;0;0;793120,3541;5821759,64;13,3158548;52,46714797
2020;7;18;1;3;0;1;0;1;0;0;0;0;0;1;813669,452;5820759,782;13,61644516;52,44677975
2020;7;8;5;3;5;2;0;1;1;0;0;0;0;0;794403,0998;5827614,109;13,33985635;52,51894026
2020;7;9;4;3;5;3;0;1;1;0;0;0;0;0;811356,7199;5819895,27;13,58172052;52,44035426
2020;7;17;7;3;5;3;0;1;1;0;0;0;0;0;792873,2325;5835190,572;13,32405801;52,58768353
2020;7;8;5;3;5;2;0;1;0;0;0;0;1;0;794611,1323;5829879,014;13,34492045;52,5391312
2020;7;11;3;3;5;3;0;1;1;0;0;0;0;0;794545,9071;5825993,978;13,34052105;52,50433972
2020;7;14;6;3;2;6;0;0;1;0;0;0;0;0;801564,431;5823820,792;13,44164748;52,48102738
2020;7;7;5;3;0;1;0;0;0;0;1;0;0;1;809772,3109;5820506,485;13,55905234;52,44673157
2020;7;9;2;2;5;3;0;0;1;0;0;0;0;0;798775,1514;5819078,846;13,39645287;52,440055
2020;7;17;5;3;5;2;0;0;1;0;1;0;0;0;790754,2166;5827560,697;13,28618531;52,52041919
2020;7;8;7;2;6;2;0;0;1;1;0;0;0;0;791214,1779;5829723,933;13,29484017;52,53956692
2020;7;10;5;3;6;4;0;0;1;1;0;0;0;0;803949,451;5823442,02;13,47631444;52,4763103
2020;7;6;1;2;5;3;0;0;1;0;0;0;0;0;798311,4466;5829383,168;13,39887381;52,53267363
2020;7;21;7;2;5;3;1;0;1;0;0;0;1;0;796590,1858;5815876,452;13,36156319;52,41253737
2020;7;12;3;3;4;6;0;1;1;0;0;0;0;0;802853,6508;5834301,506;13,47011954;52,57425086
2020;7;10;7;3;5;3;0;1;1;0;0;0;0;0;809033,8824;5816420,528;13,54444635;52,41053112
2020;7;7;5;2;5;3;0;0;1;0;1;0;0;1;789349,5175;5817285,641;13,25662578;52,42904685
2020;7;16;3;2;5;3;0;1;0;0;1;0;0;0;790138,1877;5835796,224;13,28433092;52,59457883
2020;7;22;4;2;0;1;2;1;0;0;0;0;0;0;796122,3043;5828444,847;13,36585941;52,52545622
2020;7;15;7;2;3;6;0;1;1;0;0;0;0;0;800737,7976;5833604,627;13,43835985;52,56917794
2020;7;7;5;3;1;5;0;1;0;0;0;1;0;1;795580,208;5825122,775;13,35494184;52,49597073
2020;7;10;3;3;5;3;0;1;1;0;0;0;0;0;799573,9461;5828456,553;13,41659564;52,52367558
2020;7;3;6;2;0;7;2;0;1;0;0;0;0;0;801554,6884;5825238,558;13,44278722;52,49374045
2020;7;7;5;3;5;2;0;1;1;0;0;0;0;1;797918,4937;5825263,185;13,38940923;52,49595803
2020;7;1;2;3;0;7;2;1;1;0;0;0;0;0;799031,1542;5829254,465;13,40933667;52,53112564
2020;7;16;5;3;5;2;0;1;1;0;0;0;0;0;799242,2395;5831771,564;13,41470647;52,55357167
2020;7;5;7;3;5;3;0;1;1;0;0;0;0;0;799343,1557;5826192,384;13,41116737;52,50350744
2020;7;20;4;2;0;1;0;1;0;0;0;0;0;0;791200,695;5839957,962;13,30363574;52,63131956
2020;7;19;1;3;2;6;0;0;1;0;0;0;0;1;789467,409;5817466,019;13,25851103;52,43060165
2020;7;18;7;3;1;1;0;1;1;0;0;0;0;0;802632,893;5827374,783;13,46056165;52,51229061
2020;7;20;3;3;5;3;0;0;1;0;0;0;0;0;806821,4353;5821995,77;13,51713858;52,46174288
2020;7;1;7;2;0;1;2;1;0;0;0;0;0;0;800005,8466;5833873,563;13,42783592;52,57199236
2020;7;5;5;3;5;3;0;1;0;0;0;0;1;1;800429,0854;5836239,601;13,43620696;52,592966
2020;7;14;6;3;5;3;0;0;1;0;0;0;1;0;791450,0559;5816678,18;13,28690396;52,42248591
2020;7;8;3;3;5;2;0;1;1;0;0;0;0;0;809547,1361;5826906,024;13,56168901;52,50421024
2020;7;13;6;3;1;5;0;1;1;0;0;0;0;0;800919,3277;5822358,643;13,4308577;52,46827752
2020;7;4;5;3;9;1;1;0;1;0;0;0;0;0;794274,8881;5825953,64;13,33650401;52,50412435
2020;7;13;2;3;5;7;0;0;1;0;1;0;0;0;797750,4103;5826078,091;13,3876692;52,50335443
2020;7;22;1;3;5;3;2;0;1;0;0;0;0;0;801200,6129;5822628,491;13,4352296;52,47054125
2020;7;21;6;3;2;6;1;0;1;0;1;0;0;0;802407,8844;5827432,8;13,45730884;52,5129354
2020;7;22;5;3;6;4;2;1;0;1;0;0;0;0;792714,5985;5826110,342;13,31371998;52,50636844
2020;7;14;2;3;3;6;0;0;1;0;1;0;0;0;806290,0871;5820915,429;13,50835117;52,45235849
2020;7;18;4;3;0;7;0;1;0;0;0;0;0;0;810868,5858;5826954,149;13,5811402;52,50389028
2020;7;21;7;3;5;7;1;0;1;0;0;0;0;0;793492,5236;5825172,986;13,32432262;52,49754752
2020;7;12;7;3;0;2;0;1;1;0;0;0;0;0;812933,0756;5827910,044;13,61235551;52,51127608
2020;7;18;3;3;5;3;0;0;1;0;1;0;0;0;813910,4879;5821809,487;13,62096661;52,45604786
2020;7;23;6;3;1;5;2;0;1;0;0;0;1;0;800024,5976;5828524,07;13,42327897;52,52403297
2020;7;21;5;3;5;2;1;1;1;0;0;0;0;0;797159,8237;5827689,563;13,38043272;52,51812145
2020;7;16;6;3;0;1;0;0;0;0;1;0;0;1;795962,6181;5835563,736;13,36986037;52,58935653
2020;7;5;3;3;5;3;0;0;1;0;1;0;0;0;809111,7095;5825589,517;13,55407257;52,49265884
2020;7;11;6;3;5;3;0;1;1;0;0;0;0;0;787919,328;5836251,735;13,25206066;52,59984189
2020;7;10;6;3;5;2;0;0;1;0;0;0;0;0;788873,4982;5827199,956;13,2582307;52,51818463
2020;7;19;1;3;0;3;0;0;1;0;1;0;0;0;812091,175;5818053,654;13,59077187;52,42343216
2020;7;6;1;3;3;6;0;1;0;0;0;0;0;0;799075,0648;5828998,867;13,40975213;52,52881049
2020;7;12;6;2;1;5;0;1;1;0;0;0;0;0;798829,3692;5826714,237;13,40408887;52,50846676
2020;7;13;4;3;2;6;0;1;1;0;0;0;0;0;792230,4737;5826493,25;13,30694354;52,51006066
2020;7;18;7;3;5;2;0;1;1;0;0;0;0;0;795066,5877;5832477,612;13,35392567;52,56217902
2020;7;12;3;3;5;3;0;0;1;0;0;0;0;0;791511,2266;5823581,944;13,29382759;52,48434586
2020;7;15;6;3;5;2;0;1;1;0;0;0;0;0;798133,4497;5828443,544;13,39541493;52,52434853
2020;7;16;4;3;0;1;0;1;0;0;0;0;0;0;794933,5245;5826295,791;13,34648263;52,50683587
2020;7;19;7;3;5;3;0;0;1;0;0;0;0;0;799809,3768;5830027,621;13,42147221;52,53762825