UJAHR;UMONAT;USTUNDE;UWOCHENTAG;UKATEGORIE;UART;UTYP1;ULICHTVERH;IstRad;IstPKW;IstFuss;IstKrad;IstGkfz;IstSonstige;USTRZUSTAND;LINREFX;LINREFY;XGCSWGS84;YGCSWGS84
2020;7;17;3;3;5;2;0;1;0;0;0;0;0;0;799059,0948;5824559,656;13,40552904;52,48902808
2020;7;17;6;3;2;3;0;1;1;0;0;0;0;0;805254,7614;5817233,271;13,48980066;52,41993568
2020;7;20;5;3;5;3;0;1;1;0;0;0;0;0;798216,3143;5830906,31;13,39884256;52,54637857
2020;7;14;6;2;5;2;0;0;1;0;1;0;0;0;805049,3204;5817550,26;13,48707803;52,42289132
2020;7;19;2;2;2;6;0;1;0;0;0;0;0;0;799522,8682;5826727,281;13,41428834;52,50820337
2020;7;6;6;3;5;3;0;1;1;0;0;0;0;0;792601,3772;5833866,226;13,31888748;52,57595771
2020;7;17;1;3;5;2;0;1;1;0;0;0;0;1;801370,7945;5819267,283;13,43469379;52,44031987
2020;7;18;1;3;5;3;0;0;1;0;1;0;0;0;789264,725;5818036,844;13,25603205;52,43582659
2020;7;20;5;3;2;7;0;1;0;0;0;0;0;0;784762,2095;5826724,971;13,19739839;52,51608835
2020;7;16;4;3;0;5;0;1;1;0;0;0;0;0;793784,7801;5825694,256;13,32907522;52,50206321
2020;7;16;7;3;2;6;0;0;1;0;0;0;1;0;796587,7938;5826852,028;13,37128061;52,51092519
2020;7;20;5;3;0;7;0;0;1;0;0;0;1;0;786217,9251;5836946,249;13,2276091;52,60696688
2020;7;11;3;3;5;3;0;1;1;0;0;0;0;0;798127,4011;5835468,548;13,40163534;52,58732119
2020;7;14;6;3;5;3;0;1;1;0;0;0;0;0;803571,985;5818133,528;13,46594855;52,42894068
2020;7;19;5;3;2;7;0;1;1;0;0;0;0;0;792437,1246;5826118,224;13,30965036;52,5065879
2020;7;9;2;2;3;6;0;1;0;0;0;0;0;0;809176,6521;5819268,801;13,54917082;52,43597667
2020;7;17;5;3;5;3;0;1;0;0;0;0;0;0;796582,3768;5836107,299;13,3794687;52,59389135
2020;7;16;6;3;0;6;0;0;0;0;1;0;1;1;784439,6522;5831822,437;13,19702166;52,5619607
2020;7;6;5;3;0;6;0;0;1;0;1;0;0;1;798315,9156;5825613,142;13,3955594;52,49887787
2020;7;18;5;3;5;2;0;1;1;0;0;0;0;0;790224,2763;5815013,047;13,26748459;52,40820888
2020;7;11;2;3;5;2;0;1;1;0;0;0;0;0;794591,6924;5826066,984;13,34125825;52,50496945
2020;7;15;5;3;5;2;0;1;0;0;0;0;1;0;790886,276;5827024,514;13,28765732;52,5155419
2020;7;18;5;2;5;3;0;1;1;0;0;0;0;0;798696,8405;5824704,463;13,40033947;52,49052441
2020;7;15;5;3;2;2;0;0;1;0;0;0;0;0;781987,0458;5828469,109;13,15808909;52,53316917
2020;7;11;1;3;0;3;0;1;0;0;1;0;0;1;798325,1697;5815893,801;13,38701184;52,41175015
2020;7;14;1;3;2;6;0;0;1;0;0;0;0;0;794401,7018;5830547,591;13,34243391;52,54523771
2020;7;15;3;3;0;6;0;1;1;0;0;0;0;0;798764,6133;5823944,033;13,40065303;52,48367107
2020;7;13;7;3;0;6;0;1;1;0;0;0;0;0;794453,3433;5823551,447;13,33700249;52,48249379
2020;7;18;5;3;5;3;0;0;1;0;0;0;0;1;799989,6482;5838595,71;13,43187452;52,6143267
2020;7;10;3;3;5;2;0;1;0;0;0;0;1;0;786208,0065;5829122,45;13,22071048;52,53682674
2020;7;1;6;2;5;3;2;1;1;0;0;0;0;0;804147,6277;5829804,826;13,48503563;52,53322768
2020;7;18;5;3;6;4;0;1;0;1;0;0;0;0;800270,5047;5824593,571;13,42334758;52,48866713
2020;7;15;2;3;2;6;0;0;1;0;0;1;0;1;805973,5285;5831929,003;13,51382663;52,55124318
2020;7;16;5;2;1;7;0;0;1;0;0;0;0;0;792048,6968;5817467,405;13,29637155;52,42924216
2020;7;20;4;3;5;5;0;0;1;0;0;0;1;0;796399,8295;5830560,491;13,37182493;52,54426998
2020;7;18;1;3;5;2;0;1;1;0;0;0;0;1;794499,5704;5825476,588;13,33938276;52,49972664
2020;7;15;7;3;2;6;0;0;1;0;1;0;0;0;801684,9787;5830115,885;13,44912263;52,53738433
2020;7;19;3;2;5;3;0;1;0;0;0;0;1;0;799235,4559;5826246,153;13,40963372;52,50404848
2020;7;17;6;3;0;7;0;0;1;0;1;0;0;0;800603,6424;5823836,658;13,4275566;52,48169933
2020;7;17;5;3;1;5;0;0;1;0;0;0;0;0;793363,0896;5823411,245;13,32087047;52,48182377
2020;7;19;1;3;0;6;0;0;1;0;1;0;0;1;811208,5074;5820250,299;13,5798777;52,44362023
2020;7;21;7;3;1;5;1;1;1;0;0;0;0;0;794454,2896;5824204,613;13,3375934;52,48834856
2020;7;13;3;3;3;6;0;1;1;0;0;1;0;0;806546,439;5822362,6;13,51344055;52,46518487
2020;7;10;7;3;4;2;0;1;0;0;0;0;0;0;813302,9497;5829897,589;13,61965972;52,52887405
2020;7;16;5;3;5;2;0;0;1;0;1;0;0;0;792215,7497;5823886,973;13,30444054;52,48670379
2020;7;8;3;3;5;3;0;0;1;0;0;0;1;0;809189,4615;5830203,878;13,55950119;52,53396742
2020;7;20;6;3;2;7;0;0;1;0;1;0;0;0;799523,6858;5828116,105;13,41555047;52,5206516
2020;7;16;5;2;3;6;0;0;1;0;1;0;0;0;795000,3203;5825638,436;13,34688151;52,50090703
2020;7;13;2;3;5;3;0;1;1;0;0;0;0;0;804919,0199;5829941,714;13,49649833;52,53402357
2020;7;14;2;3;5;3;0;0;1;0;0;0;1;0;790151,3799;5823157,75;13,27348912;52,48126722
2020;7;15;6;3;5;3;0;1;1;0;0;0;0;0;795844,8952;5819910,47;13,35420659;52,449103
2020;7;17;4;3;1;5;0;1;1;0;0;0;0;0;791141,3238;5825044,874;13,28967394;52,4976584
2020;7;20;7;3;6;4;0;0;1;1;0;0;0;0;801793,8877;5826568,388;13,44750483;52,50552767
2020;7;18;3;3;2;6;0;0;1;0;0;0;0;0;801042,1811;5833828,745;13,44304075;52,57101848
2020;7;19;6;3;5;3;0;1;0;0;0;0;0;0;811452,7953;5817464,425;13,58086565;52,41851544
2020;7;15;5;3;5;5;0;0;1;0;0;0;0;0;812319,5881;5824695,339;13,60033097;52,48282007
2020;7;14;6;3;2;6;0;0;1;0;0;0;0;0;804362,5931;5830835,635;13,48913912;52,54234636
2020;7;16;2;3;0;1;0;1;0;0;0;0;0;1;806845,6034;5830340,443;13,52518088;52,53651587
2020;7;10;6;3;5;3;0;1;1;0;0;0;0;0;794256,8437;5819374,903;13,3304348;52,44515894
2020;7;23;1;3;0;1;2;1;0;0;0;0;0;1;801200,4633;5826536,06;13,43875889;52,50556582
2020;7;14;6;3;1;5;0;0;1;0;0;0;0;0;812640,0422;5828631,764;13,60872969;52,51791148
2020;7;7;3;3;0;2;0;0;1;0;1;0;0;0;804753,894;5822294,975;13,48707439;52,46558149
2020;7;12;6;3;5;3;0;0;1;0;1;0;0;0;810585,965;5825285,309;13,57543385;52,48909588
2020;7;12;2;3;2;7;0;0;0;0;1;0;1;0;789060,6533;5827151,55;13,26093917;52,51765149
2020;7;2;1;3;0;1;2;1;0;0;0;0;0;0;794708,234;5822791,329;13,34007326;52,47554227
2020;7;15;4;3;2;6;0;0;1;0;0;0;0;0;808380,1092;5818927,839;13,53717608;52,4333706
2020;7;14;7;3;5;3;0;0;1;0;0;0;0;0;802082,4647;5825007,757;13,4503282;52,49137994
2020;7;17;3;2;2;6;0;0;1;0;0;0;0;0;801387,0721;5819251,466;13,43491827;52,44016912
2020;7;16;6;3;2;6;0;0;1;0;0;0;0;0;813069,2537;5821437,389;13,60827782;52,45319589
2020;7;15;5;3;0;1;0;0;0;0;1;0;0;1;799993,4714;5834479,687;13,42820225;52,57743201
2020;7;12;6;3;2;6;0;0;1;0;0;0;0;1;790692,873;5837433,352;13,2939343;52,60895913
2020;7;17;2;3;0;1;0;0;0;0;1;0;0;1;807325,4253;5828452,893;13,53048838;52,51932925
2020;7;16;5;3;0;2;0;0;1;0;1;0;0;0;792950,971;5825359,856;13,31653237;52,49951372
2020;7;16;1;3;5;7;0;0;1;0;1;0;0;0;801573,7545;5817483,097;13,43606146;52,42421574
2020;7;17;1;3;0;1;0;0;1;0;0;0;0;0;800974,1123;5821932,135;13,43127707;52,46442441
2020;7;20;4;3;5;3;0;1;1;0;0;0;0;0;806050,9742;5826595,752;13,51005651;52,50340171
2020;7;15;7;3;2;3;0;1;1;0;0;0;0;0;789489,6066;5826782,993;13,2669225;52,51411975
2020;7;11;4;3;5;2;0;0;1;0;1;0;0;0;795783,1215;5832578,444;13,36455523;52,56269411
2020;7;19;1;3;3;6;0;0;1;0;0;0;0;0;799975,0903;5824734,558;13,41913675;52,49009327
2020;7;19;4;3;5;2;0;1;1;0;0;0;0;0;797340,3363;5821934,689;13,37794949;52,46643684
2020;7;9;4;3;2;6;0;0;1;0;0;0;1;0;789232,8985;5833657,268;13,26913634;52,57588514
2020;7;18;7;3;5;3;0;1;1;0;0;0;0;0;811373,2928;5831554,111;13,59285854;52,54482409
2020;7;14;4;3;0;1;0;0;0;0;1;0;0;1;795164,4977;5823909,711;13,34776159;52,48532144
2020;7;12;3;3;1;5;0;1;1;0;0;0;0;0;794972,9848;5825117,021;13,34601819;52,49624767
2020;7;13;6;3;5;3;0;1;1;0;0;0;0;0;792208,8578;5825357,506;13,30562911;52,49989054
2020;7;8;4;3;5;3;0;0;1;0;0;0;0;0;798314,6976;5825380,183;13,39533287;52,49679036
2020;7;15;2;3;6;2;0;0;1;1;0;0;0;0;803707,3067;5826242,175;13,47531198;52,5015422
2020;7;18;5;3;5;2;0;1;1;0;0;0;0;0;797763,4432;5829744,481;13,39114252;52,53621198
2020;7;18;5;3;2;6;0;1;1;0;0;0;0;0;800788,2731;5824398,307;13,43077396;52,4866319
2020;7;11;5;3;5;3;0;1;0;0;0;0;1;0;804032,431;5839547,065;13,49227643;52,62060664
2020;7;10;1;3;0;1;0;1;0;0;0;0;0;1;802232,122;5827518,38;13,45480444;52,51379986
2020;7;9;7;3;2;6;0;0;1;0;0;0;0;0;783265,1172;5830285,696;13,17842971;52,54879434
2020;7;12;3;3;0;7;0;0;0;0;0;0;1;0;799756,3197;5829900,022;13,42057718;52,53651372
2020;7;12;7;3;2;6;0;0;1;0;0;0;1;0;804162,904;5829854,361;13,48530548;52,53366313
2020;7;15;4;3;5;2;0;0;1;0;0;0;0;1;791867,5823;5822380,148;13,29800855;52,47338149
2020;7;9;3;3;5;2;0;0;1;0;1;0;0;0;781905,797;5829565,512;13,15782467;52,54304205
2020;7;20;6;3;5;3;1;1;0;0;0;0;0;0;793025,7734;5827607,898;13,31961027;52,51962642
2020;7;22;4;2;5;3;2;0;1;0;0;0;0;1;794185,8265;5823111,427;13,33268623;52,47869342
2020;7;15;2;2;2;6;0;0;1;0;1;0;0;1;784678,0365;5828604,33;13,19777018;52,53298267
2020;7;10;3;3;0;3;0;0;0;0;0;0;1;0;809552,3521;5826713,988;13,56158709;52,50248631
2020;7;2;6;3;0;6;2;1;1;0;0;0;0;0;809552,204;5819791,349;13,55516159;52,44044728
2020;7;12;4;3;5;3;0;1;1;0;0;0;0;1;798548,4178;5828984,286;13,40199874;52,52896846
2020;7;6;2;3;5;3;0;1;1;0;0;0;0;0;804634,7835;5818533,582;13,48189633;52,43193554
2020;7;16;5;3;2;6;0;0;1;0;0;0;0;0;799696,6511;5827239,87;13,41730279;52,51270249
2020;7;8;4;3;8;1;0;0;0;0;1;0;0;0;789632,0421;5826488,722;13,26875947;52,51140593
2020;7;19;1;3;5;2;0;1;1;0;0;0;0;0;803553,4438;5829762,155;13,47626377;52,53317647
2020;7;17;7;3;6;4;0;0;1;1;0;0;0;0;795636,8569;5830962,79;13,36096484;52,54829075
2020;7;20;3;3;1;5;1;1;1;0;0;0;0;0;801192,836;5822657,536;13,43514167;52,47080588
2020;7;4;7;3;5;3;2;0;1;0;0;0;0;0;804707,7973;5817806,569;13,48230459;52,42537883
2020;7;22;4;3;0;7;2;0;0;0;1;0;0;1;792344,4538;5815579,797;13,29905987;52,41216183
2020;7;8;3;3;5;2;0;1;1;0;0;0;0;0;790946,2615;5826751,524;13,28830012;52,51306255
2020;7;13;6;3;1;7;0;1;1;0;0;0;0;0;790494,517;5819747,699;13,27555913;52,45051305
2020;7;21;4;3;5;3;2;0;1;0;0;0;1;1;800625,1184;5826266,814;13,43006455;52,5034698
2020;7;13;2;3;2;6;0;1;0;0;0;0;1;0;794721,1656;5820034,393;13,33782859;52,45082086
2020;7;17;1;3;5;3;0;1;1;0;1;0;0;0;801327,2854;5823578,964;13,43794748;52,47899072
2020;7;16;4;3;5;3;0;1;1;0;0;0;0;0;797317,1761;5821758,523;13,37745261;52,4648703
2020;7;19;7;3;5;2;0;0;1;0;0;0;1;0;793342,0288;5823072,075;13,32026283;52,47879455
2020;7;15;5;3;5;3;0;0;1;0;0;0;0;0;786520,4196;5831496,91;13,22735264;52,55795116
2020;7;19;4;3;1;5;0;1;1;0;0;0;0;0;802586,8277;5827015,103;13,45955793;52,50909238
2020;7;22;7;3;0;1;2;1;0;0;0;0;0;0;807850,7948;5818443,146;13,52896854;52,42932481
2020;7;14;7;3;5;2;0;1;1;0;0;0;0;0;802071,217;5832781,147;13,4572244;52,56105891
2020;7;19;3;3;5;2;0;1;1;0;0;0;0;0;792951,8768;5825360,004;13,3165458;52,49951456
2020;7;19;6;3;5;3;0;1;0;0;0;0;1;0;801802,5238;5821957,171;13,44345673;52,46419188
2020;7;19;4;3;5;7;1;1;0;0;0;0;1;0;798029,7748;5825787,266;13,39151251;52,50059502
2020;7;12;6;3;2;7;0;0;1;0;1;0;0;0;797297,0932;5823228,539;13,37846793;52,47805843
2020;7;6;3;3;0;3;0;0;0;0;1;1;0;0;794861,8757;5817928,115;13,33803472;52,43186327
2020;7;12;6;3;5;2;0;0;1;0;1;0;0;0;797452,6119;5824012,575;13,38145058;52,48500178
2020;7;11;6;3;5;3;0;0;1;0;1;0;0;0;807973,9349;5823859,412;13,53576873;52,47779669
2020;7;20;1;3;1;5;0;1;1;0;0;0;0;0;793428,0481;5833874,105;13,33105853;52,57558325
2020;7;10;1;3;1;5;0;0;1;0;0;0;0;0;794381,8057;5829914,518;13,34158036;52,5395734
2020;7;20;6;3;5;2;0;1;1;0;0;0;0;0;806580,0745;5822760,307;13,5142995;52,46873038
2020;7;13;4;3;6;7;0;0;0;1;0;0;1;0;790660,1551;5826001,657;13,28344112;52,5064925
2020;7;19;7;2;5;3;0;0;1;0;0;0;1;0;810330,2142;5827949,109;13,57416146;52,51311308
2020;7;13;3;3;4;6;0;1;0;0;0;0;0;0;798484,0294;5827124,33;13,3993834;52,51233176
2020;7;15;6;3;5;2;0;0;1;0;0;0;0;0;804474,4767;5821865,526;13,48258227;52,46188823
2020;7;19;4;3;1;5;0;0;0;0;1;1;0;0;779557,167;5828535,953;13,12241635;52,53502035
2020;7;12;2;3;0;3;0;1;0;0;0;0;1;0;793262,4562;5826099,558;13,3217593;52,50597755
2020;7;17;5;3;5;2;0;1;1;0;0;0;0;0;806575,557;5827797,14;13,51886727;52,51387432
2020;7;10;6;3;0;7;0;1;0;0;0;0;0;0;799515,755;5824529,653;13,41220762;52,4885088
2020;8;16;3;3;2;3;0;1;1;0;0;0;0;0;790844,959;5827245,97;13,28724376;52,51754928
2020;7;12;3;3;0;6;0;0;1;0;0;0;1;0;796490,4367;5831965,642;13,37441181;52,55681633
2020;8;13;2;1;9;1;0;0;0;1;0;1;0;0;807243,4939;5818123,291;13,51977058;52,42679955
2020;8;16;7;3;6;4;0;0;1;1;0;0;0;0;798630,65;5829367,661;13,40355173;52,53235984
2020;8;7;5;3;3;6;0;0;1;0;1;0;1;0;810254,3694;5821456,451;13,56700493;52,45497157
2020;7;10;6;3;2;6;0;0;1;0;0;0;1;0;784717,6527;5828569,633;13,19832292;52,53265088
2020;8;10;2;3;2;2;0;0;1;0;0;0;0;0;812053,6701;5821202,964;13,59316198;52,4516758
2020;7;13;6;2;0;1;0;1;0;0;0;0;0;0;795676,1513;5828181,324;13,35906799;52,52333611
2020;8;15;4;2;1;5;0;0;0;0;1;0;1;0;804680,6066;5828701,259;13,4918576;52,5230393
2020;7;11;3;3;2;6;0;0;1;0;0;0;0;0;791463,3843;5833059,959;13,30143327;52,56934042
2020;7;10;6;3;5;7;0;1;1;0;0;0;0;0;800705,3084;5827778,154;13,43260782;52,51697216
2020;8;7;4;2;5;3;0;0;1;0;1;0;0;0;805023,2182;5818884,558;13,48791228;52,4348648
2020;7;11;3;3;0;1;0;1;0;0;0;0;0;0;792892,124;5836994,828;13,32593184;52,60384747
2020;7;9;6;3;5;2;0;1;1;0;0;0;0;0;795823,3601;5820991,133;13,35484795;52,45880203
2020;8;10;3;3;2;6;0;0;1;0;0;0;1;0;801726,0061;5826275,342;13,44624218;52,50293861
2020;7;10;3;2;0;2;0;0;0;0;0;0;1;0;797844,2919;5824926,134;13,38801812;52,49297726
2020;8;8;7;3;5;3;0;1;0;0;1;0;0;0;811673,1704;5820438,712;13,58686785;52,44504405
2020;8;13;5;2;5;2;0;1;0;0;0;0;1;0;793904,9077;5822769,126;13,32826008;52,4757761
2020;7;8;6;3;5;3;0;0;1;0;0;0;0;0;792909,9903;5833008,543;13,32267106;52,56810301
2020;8;14;4;3;2;2;0;1;1;0;0;0;0;0;811317,7615;5829828,796;13,59042608;52,52939483
2020;7;5;6;3;5;2;1;1;1;0;0;0;0;0;803526,9761;5829744,999;13,4758591;52,53303745
2020;8;15;4;3;0;6;0;0;0;0;0;1;1;0;784759,3307;5828727,037;13,19907055;52,53404039
2020;7;5;6;3;3;2;1;0;1;0;0;1;0;0;793219,8446;5832395,693;13,32668795;52,56244234
2020;8;19;4;3;3;6;0;0;1;0;1;0;0;0;796104,9021;5831991,359;13,36876457;52,55725661
2020;7;10;3;3;5;3;0;0;1;0;0;0;0;0;804814,197;5841408,215;13,50550506;52,63684865
2020;8;8;1;3;5;3;0;1;1;0;0;0;0;0;807664,5064;5833598,912;13,54023554;52,56525627
2020;8;17;5;3;5;3;0;1;1;0;0;0;0;0;812865,7014;5828233,456;13,61167;52,51421284
2020;7;1;6;3;5;2;2;1;1;0;0;0;0;0;797901,4297;5828175,989;13,3917655;52,52207705
2020;8;13;3;3;3;6;0;1;1;0;0;0;0;0;793717,6488;5829120,112;13,33111362;52,53281039
2020;7;9;3;3;5;2;0;1;0;0;0;0;0;0;794765,3551;5823720,604;13,34173336;52,48384184
2020;8;11;7;2;0;1;0;1;0;0;0;0;0;0;804346,0265;5829081,597;13,48728946;52,52663496
2020;8;11;5;3;2;2;0;1;1;0;0;0;0;0;801754,1888;5826263,21;13,44664513;52,50281428
2020;7;0;6;3;0;7;2;0;1;1;0;0;0;0;794807,7758;5825869,776;13,34425801;52,50308489
2020;8;22;4;3;0;1;2;0;0;0;1;0;0;0;792752,6268;5826109,202;13,31427767;52,50633782
2020;7;21;6;3;5;2;1;1;0;0;1;0;0;0;801759,5125;5826240,279;13,44670254;52,5026058
2020;8;19;3;3;5;3;0;0;1;0;0;0;0;0;796607,8755;5821287,676;13,366624;52,46103507
2020;7;8;3;2;5;3;0;1;1;0;0;0;0;0;809952,0737;5821593,775;13,56269787;52,45637372
2020;8;19;1;3;2;2;0;0;1;0;0;0;0;1;805058,579;5817552,399;13,48721571;52,42290533
2020;8;6;7;3;1;7;0;0;1;0;0;0;0;0;801491,505;5822591,965;13,43946606;52,4700534
2020;8;16;5;3;5;2;0;1;1;0;0;0;0;0;793494,965;5832426,037;13,33076181;52,56256613
2020;7;23;6;2;0;1;2;1;0;0;0;0;0;0;794871,2583;5816435,52;13,33685656;52,41847779
2020;8;14;2;3;3;6;0;0;1;0;1;0;0;0;797504,0473;5820142,777;13,37875546;52,45028506
2020;7;8;3;3;5;2;0;1;1;0;0;0;0;0;794896,6276;5830252,12;13,34944893;52,54232138
2020;7;22;6;3;5;2;2;1;1;0;0;0;0;0;783711,8178;5830467,233;13,18515499;52,55018955
2020;8;22;3;3;1;5;2;0;1;0;1;0;0;0;796909,268;5833068,632;13,38155852;52,56647513
2020;7;7;3;3;1;5;0;0;1;0;0;0;0;0;805272,1058;5827905,96;13,49981898;52,51558067
2020;8;6;7;3;1;5;1;0;1;0;0;0;0;0;802080,5376;5826376,021;13,45154078;52,50364484
2020;8;17;5;3;5;3;0;0;1;0;0;1;0;0;784950,718;5829455,857;13,2025095;52,54047492
2020;7;21;6;2;0;4;2;0;0;1;1;0;0;0;791249,945;5829731,184;13,29537241;52,53961281
2020;8;11;3;3;2;6;0;0;1;0;0;0;0;0;804495,4752;5821721,055;13,48275861;52,46058168
2020;7;6;3;3;5;7;0;0;1;0;1;0;0;0;810628,2264;5821037,47;13,57209947;52,4510045
2020;7;12;6;2;2;6;0;0;1;0;0;0;0;0;805080,0286;5833065,414;13,50173415;52,56192925
2020;8;9;4;3;1;5;0;1;0;0;0;1;0;0;794965,6394;5824044,597;13,34496094;52,48663808
2020;7;19;6;3;5;2;0;1;1;0;0;0;0;0;792687,574;5825315,993;13,31262471;52,49926184
2020;8;6;4;3;5;2;0;1;0;0;0;0;1;0;799655,1505;5829000,672;13,41827929;52,52850812
2020;7;18;6;3;3;6;0;1;1;0;0;0;0;0;797555,268;5828690,648;13,38713902;52,52687936
2020;8;17;3;3;2;7;0;0;1;0;0;0;0;0;805607,6874;5817703,472;13,49540378;52,42395296
2020;7;0;3;2;0;1;2;1;0;0;0;0;0;0;793645,087;5836857,032;13,33689604;52,60220606
2020;8;19;1;3;2;6;0;0;1;0;0;0;0;0;811145,3565;5829172,198;13,58727845;52,52360926
2020;8;19;7;3;0;6;0;0;1;0;1;0;0;0;793346,0675;5829700,188;13,32616335;52,53821059
2020;8;9;5;2;4;6;0;0;1;0;0;0;0;0;810377,4679;5833668,302;13,58019743;52,56433835
2020;7;18;6;3;2;6;0;0;1;0;0;0;0;0;793998,2931;5832012,85;13,33779965;52,55859064
2020;8;12;2;3;1;5;0;1;1;0;0;0;0;0;785262,1125;5831822,581;13,20912197;52,56153169
2020;7;18;6;2;5;3;0;1;1;0;0;0;0;0;794895,9401;5827785,791;13,3472509;52,52021298
2020;8;23;4;3;2;6;2;0;1;0;0;0;0;0;806388,5476;5820819,115;13,50970721;52,45144011
2020;7;22;3;2;5;2;2;0;1;0;1;0;0;0;807699,9706;5818374,731;13,52669426;52,4287965
2020;7;17;6;3;5;2;0;1;1;0;0;0;0;0;802342,1839;5829201,715;13,45795145;52,52882651
2020;8;13;4;2;0;5;0;1;1;0;0;0;0;0;788496,1555;5825879,073;13,2515399;52,50654213
2020;7;17;6;2;6;7;0;0;0;1;0;1;0;0;789732,5645;5829341,348;13,27272188;52,5369268
2020;8;12;4;3;1;5;0;1;1;0;0;0;0;0;797943,462;5821256,815;13,38619636;52,46003189
2020;7;16;6;3;5;3;0;1;1;0;0;0;0;0;799222,2442;5825759,835;13,40900267;52,49969659
2020;8;13;4;3;2;7;0;0;1;0;0;0;1;0;785302,525;5830834,156;13,20886687;52,55264847
2020;7;16;6;3;5;7;0;0;1;0;1;0;0;0;799603,567;5815438,304;13,40534349;52,40696906
2020;8;14;3;3;5;3;0;0;1;0;0;0;0;0;803566,5346;5818641,511;13,46632978;52,43349673
2020;7;20;3;3;2;2;0;1;1;0;0;0;0;0;784778,4209;5830365,354;13,20075565;52,54871951
2020;8;19;1;2;5;2;0;0;1;0;0;0;0;0;811308,3823;5828499,694;13,58904425;52,5174897
2020;8;13;7;3;0;2;0;1;0;0;0;0;0;0;804612,9538;5833363,745;13,49513899;52,56486451
2020;8;15;5;3;9;1;0;0;0;0;1;0;0;0;816662,0984;5817389,907;13,65714139;52,4148589
2020;7;15;6;3;5;3;0;1;1;0;0;0;0;0;799702,0891;5826016,312;13,41628114;52,5017322
2020;8;9;2;3;6;4;0;0;1;1;0;0;0;0;793574,0599;5836122,261;13,3351988;52,59565772
2020;7;15;6;3;5;3;0;1;1;0;0;0;0;0;800746,9092;5831302,64;13,43640791;52,5485399
2020;8;15;4;3;2;2;0;0;1;0;0;0;0;0;801133,3451;5835053,986;13,44549467;52,5819499
2020;7;20;3;3;5;2;1;0;1;0;1;0;0;0;801053,9798;5824925,459;13,43515144;52,49121046
2020;7;15;6;3;5;2;0;1;1;0;0;0;0;0;808922,0655;5817990,711;13,54425704;52,42466627
2020;8;7;4;3;5;3;0;0;1;0;0;0;1;0;790681,0439;5822696,372;13,28086442;52,47684922
2020;7;20;3;3;5;3;0;1;1;0;0;0;0;0;800983,1102;5826065,006;13,43514041;52,50146359
2020;7;14;6;3;5;2;0;1;1;0;0;0;0;0;798411,9276;5831802,081;13,40252371;52,55430076
2020;8;9;3;3;5;2;0;1;1;0;0;0;0;0;806723,9087;5820286,475;13,51413766;52,44647835
2020;7;20;3;3;6;4;0;1;0;1;0;0;0;0;800116,0342;5823264,529;13,41988297;52,47683927
2020;7;19;3;2;5;2;0;1;1;0;0;0;0;0;793286,2877;5826689,915;13,32262958;52,51125705
2020;7;14;6;3;2;6;0;0;1;0;0;0;0;0;790403,0488;5825747,412;13,27944187;52,50435009
2020;8;18;3;3;1;5;0;1;1;0;0;0;0;0;794688,507;5825118,769;13,34184143;52,49641702
2020;7;18;3;3;2;6;0;0;1;0;0;0;0;0;797291,1756;5824857,432;13,37983387;52,49266295
2020;8;11;7;3;3;6;0;0;1;0;1;0;0;0;785220,044;5831766,087;13,2084545;52,56104722
2020;8;14;5;3;5;2;0;1;1;0;0;0;0;0;796456,4682;5829954,887;13,37211728;52,53881057
2020;7;22;5;3;6;2;2;0;1;1;0;0;0;0;797022,6058;5831484,411;13,38180791;52,55221268
2020;8;17;2;3;6;7;0;0;0;1;0;0;1;0;797809,1714;5830444,189;13,39244187;52,54245897
2020;7;21;5;3;0;2;1;0;1;0;1;0;0;0;805902,4542;5821818,312;13,50349184;52,46066761
2020;8;14;4;3;2;6;0;0;1;0;0;0;0;0;790415,0764;5827311,799;13,28098371;52,51836854
2020;7;17;5;3;5;3;0;1;1;0;0;0;0;0;792787,9684;5833377,432;13,32120152;52,57147556
2020;8;18;4;3;0;1;0;1;1;0;0;0;0;0;802257,6896;5827116,264;13,45481486;52,51018153
2020;7;17;3;3;1;5;0;1;1;0;0;0;0;0;802871,1266;5826616,677;13,46337167;52,50536357
2020;8;1;1;2;5;3;2;0;1;0;0;0;0;0;791640,5798;5824505,85;13,29653562;52,49255953
2020;8;19;5;3;2;6;0;0;1;0;0;0;0;0;798275,7735;5825307,293;13,39469593;52,49615826
2020;7;17;5;3;6;4;0;1;0;1;0;0;0;0;797013,158;5828550,884;13,37904673;52,52592214
2020;8;12;3;3;0;5;0;1;1;0;0;0;0;0;785130,5794;5832362,817;13,20765115;52,56644426
2020;7;16;3;2;5;2;0;0;1;0;0;0;0;0;802275,2779;5820674,025;13,44923259;52,45242956
2020;7;22;6;3;0;7;2;1;0;0;0;0;0;0;800454,3521;5832377,774;13,43307934;52,55833797
2020;8;14;4;3;1;5;0;1;1;0;0;0;0;0;801637,0243;5817723,96;13,4372063;52,4263398
2020;7;17;5;3;2;2;0;1;1;0;0;0;0;0;798328,7264;5829345,405;13,39909391;52,53232567
2020;8;9;4;3;6;2;0;0;1;1;0;0;0;0;813476,8487;5829449,404;13,62179231;52,52475796
2020;8;7;7;3;5;3;0;1;1;0;0;0;0;0;806230,1762;5817660,058;13,50448999;52,42321587
2020;8;12;5;2;5;2;0;1;1;0;0;0;0;0;796588,83;5826876,575;13,37131771;52,51114467