UJAHR;UMONAT;USTUNDE;UWOCHENTAG;UKATEGORIE;UART;UTYP1;ULICHTVERH;IstRad;IstPKW;IstFuss;IstKrad;IstGkfz;IstSonstige;USTRZUSTAND;LINREFX;LINREFY;XGCSWGS84;YGCSWGS84
2020;8;20;7;3;5;2;1;0;1;0;1;0;0;0;797290,8162;5822603,428;13,37781858;52,47245836
2020;8;9;7;3;5;2;0;0;1;0;0;0;0;0;803149,5063;5818433,536;13,46002575;52,43186391
2020;8;1;6;3;7;1;2;1;0;0;0;0;0;1;799728,6046;5827632,152;13,41812558;52,51620114
2020;8;8;7;3;6;4;0;1;0;1;0;0;0;0;790410,0584;5824753,149;13,27867782;52,49543268
2020;8;9;5;3;3;6;0;1;1;0;0;0;0;0;794975,2082;5831377,347;13,35160371;52,55236559
2020;8;10;3;3;2;6;0;1;0;0;0;0;0;0;795974,8742;5825392,651;13,36097819;52,49817606
2020;8;13;4;3;6;7;0;0;0;1;0;0;1;0;811022,1664;5821813,104;13,57860012;52,45773141
2020;8;8;7;3;5;3;0;1;1;0;0;0;0;0;801157,0829;5831114,836;13,44226845;52,54663
2020;8;17;1;3;5;2;0;1;1;0;0;0;0;0;793928,702;5822505,416;13,32837701;52,47339925
2020;8;13;7;2;3;6;0;1;0;0;0;0;0;0;799510,329;5828838,142;13,41600445;52,52713088
2020;8;16;5;3;5;3;0;0;1;0;1;0;0;0;791101,3606;5817818,503;13,28278314;52,43289472
2020;8;18;7;3;5;3;0;1;1;0;0;0;0;0;795032,2565;5827214,069;13,34874713;52,51501418
2020;8;11;7;3;5;3;0;1;1;0;0;0;0;0;796711,1324;5830768,776;13,37658807;52,54596758
2020;8;10;3;3;0;7;0;0;1;0;0;0;0;0;791952,7031;5826084,243;13,30250352;52,50654272
2020;8;17;7;3;5;2;0;1;1;0;0;0;0;0;793291,9392;5829029,887;13,32477602;52,53223081
2020;8;16;6;3;5;2;0;1;1;0;0;0;0;0;795692,8683;5825441,339;13,35687931;52,49876538
2020;8;10;3;3;5;3;0;1;1;0;0;0;0;0;796150,4051;5836074,245;13,37308068;52,59383046
2020;8;16;7;2;5;3;0;1;1;0;0;0;0;0;789975,7448;5820177,295;13,26831978;52,45463994
2020;8;8;5;3;5;3;0;0;1;0;1;0;0;0;796871,5147;5817484,549;13,36711402;52,42680017
2020;8;10;3;3;5;3;0;0;1;0;0;0;0;0;799577,8996;5825656,937;13,41413377;52,49857914
2020;8;16;7;2;0;7;0;0;1;0;0;0;0;0;805621,6667;5833564,432;13,51015927;52,56609783
2020;8;20;1;3;2;7;1;0;1;0;0;0;0;0;792329,292;5825220,585;13,30727805;52,49859857
2020;8;12;5;3;1;5;0;1;0;0;0;1;0;0;791770,0559;5825955,789;13,29970751;52,50548886
2020;8;16;4;2;2;6;0;0;1;0;1;0;0;0;797580,189;5828548,965;13,38737849;52,52559574
2020;8;10;5;3;5;5;0;0;1;0;1;0;0;0;793261,5262;5826065,314;13,32171547;52,50567107
2020;8;10;3;3;5;3;0;1;1;0;0;0;0;0;798059,2996;5827296,962;13,3932979;52,51411143
2020;8;16;7;3;3;6;0;1;1;0;0;0;0;0;790447,4259;5824214,959;13,27875751;52,49058787
2020;8;13;1;3;0;6;0;0;1;0;1;0;0;0;796392,4317;5832796,95;13,37371291;52,56432144
2020;8;15;7;3;5;2;0;1;1;0;0;0;0;0;794772,0273;5825692,836;13,34357624;52,50151805
2020;8;15;5;3;0;1;0;1;0;0;0;0;0;0;805184,9071;5827864,53;13,49849995;52,51525816
2020;8;15;7;3;5;3;0;0;1;0;0;0;0;0;797868,384;5836018;13,39831743;52,59238812
2020;8;13;7;3;0;6;0;0;0;0;1;0;0;0;793826,5381;5836155,878;13,33894534;52,59582271
2020;8;15;7;3;2;6;0;0;1;0;0;0;0;0;796405,2624;5824877,35;13,36684114;52,49332328
2020;8;15;6;3;2;6;0;0;1;0;0;0;1;0;784470,6019;5831674,335;13,19735004;52,56061665
2020;8;9;3;3;6;4;0;0;1;1;0;0;0;0;794778,0844;5817840,51;13,33672858;52,43112309
2020;8;10;6;3;2;6;0;0;1;0;0;0;1;0;811406,2738;5820186,707;13,58271875;52,44293776
2020;8;3;6;3;1;6;2;1;1;0;0;0;0;0;814738,4239;5821260,086;13,63259341;52,45064867
2020;8;22;5;3;0;7;2;0;0;0;1;0;0;0;793299,3076;5826150,144;13,32234526;52,50641123
2020;8;9;3;3;0;6;0;0;0;0;1;1;0;0;802908,1712;5832027,631;13,46884568;52,55384041
2020;8;17;6;3;0;2;0;0;1;0;0;0;1;0;802581,0194;5823082,207;13,45590125;52,47384511
2020;8;18;1;3;2;6;0;0;1;0;0;0;0;0;795643,1836;5831794,785;13,36179872;52,55574537
2020;8;10;4;3;5;2;0;1;1;0;0;0;0;0;797742,9825;5824596,358;13,38623564;52,49007647
2020;8;23;6;3;5;2;2;1;1;0;0;0;0;0;799091,0784;5828975,078;13,40996608;52,52858848
2020;8;22;6;3;5;3;2;0;0;0;1;0;1;0;800648,1957;5824383,47;13,42870386;52,48657607
2020;8;23;6;3;6;4;2;0;1;1;0;0;0;0;798286,5937;5824765,663;13,39436991;52,49129732
2020;8;11;6;3;0;6;0;0;1;0;1;0;0;0;800680,1492;5824057,214;13,42887873;52,48363413
2020;8;9;3;3;5;3;0;0;1;0;0;0;0;0;807670,6393;5824548,652;13,53195305;52,48414467
2020;8;22;6;3;5;2;2;1;1;0;0;0;0;0;805702,5275;5831364,957;13,50932298;52,54634021
2020;8;16;7;3;2;7;0;0;1;0;1;0;0;0;814531,9341;5820803,941;13,62913543;52,44668003
2020;8;21;6;2;3;2;1;0;0;0;1;0;0;0;796170,5055;5832275,139;13,36998267;52,55976472
2020;8;13;6;2;5;2;0;1;1;0;0;0;0;0;790367,4767;5828753,757;13,28154327;52,53132111
2020;8;18;3;3;2;2;0;1;1;0;0;0;0;0;795258,295;5826614,149;13,35153622;52,50951404
2020;8;11;2;3;0;3;0;0;1;0;0;0;1;0;805906,3761;5818985,975;13,50095582;52,43528058
2020;8;21;6;3;0;5;1;0;1;0;1;0;0;0;803293,6661;5826763,692;13,46971193;52,50644652
2020;8;20;6;3;8;1;0;0;1;0;0;0;0;0;785260,4496;5821587,979;13,20032253;52,46976965
2020;8;18;5;3;1;5;0;1;1;0;0;0;0;0;807099,8122;5824386,3;13,52342377;52,48301097
2020;8;18;3;3;1;5;0;1;1;0;0;0;0;0;797095,5277;5831693,019;13,38306694;52,55404283
2020;8;14;6;3;2;2;0;0;1;0;0;0;0;0;806360,3071;5832167,307;13,51973312;52,5531615
2020;8;1;1;3;3;6;2;0;1;0;0;0;1;0;797474,8237;5828826,243;13,38607804;52,5281387
2020;8;8;4;3;3;6;0;1;0;0;0;0;0;0;799197,9381;5828464,724;13,4110774;52,52395528
2020;8;14;4;3;5;3;0;1;1;0;0;0;0;0;790831,1597;5817467,447;13,27851455;52,42989115
2020;8;16;6;3;0;7;0;0;0;0;1;0;1;0;800133,7509;5829968,1;13,42618669;52,5369162
2020;8;19;6;3;2;2;0;0;1;0;0;0;0;0;803552,443;5829736,302;13,47622546;52,53294531
2020;8;7;6;3;0;1;0;1;0;0;0;0;0;0;810477,23;5820286,494;13,56918674;52,44436027
2020;8;7;6;3;6;4;0;0;1;1;0;0;0;0;801287,2398;5819659,419;13,43382181;52,44388076
2020;8;19;3;3;0;5;0;1;1;0;0;0;0;0;793973,4303;5820791,606;13,32752387;52,4580116
2020;8;12;4;3;6;7;0;1;0;1;0;0;0;0;800121,64;5824843,215;13,42138656;52,49098666
2020;8;3;6;3;0;1;2;1;0;0;0;0;0;0;814474,324;5821230,586;13,62869217;52,45053629
2020;8;13;6;3;1;5;0;1;1;0;0;0;0;0;797506,3829;5824781,662;13,38292668;52,49186651
2020;8;9;5;3;3;7;0;1;0;0;0;0;0;0;818582,1508;5820447,861;13,68818987;52,44114484
2020;8;13;6;3;5;3;0;1;1;0;0;0;0;0;796344,4;5825932,505;13,36688611;52,50281482
2020;8;12;4;2;5;3;0;0;1;0;1;0;0;0;801248,424;5827823,23;13,44062844;52,51707646
2020;8;13;1;3;2;6;0;0;1;0;0;0;0;0;801942,5164;5828351,846;13,45130617;52,52143063
2020;8;7;6;3;5;2;0;1;1;0;0;0;0;0;791679,6989;5827501,105;13,29973447;52,51939071
2020;8;12;6;2;5;2;0;1;1;0;0;0;0;0;795230,6425;5826625,886;13,35114036;52,50963422
2020;8;18;5;2;0;7;0;0;1;0;0;0;1;0;783403,4099;5827654,104;13,17821934;52,52512701
2020;8;12;6;2;3;6;0;1;0;0;0;0;0;0;787189,6326;5818095,53;13,22564154;52,43744631
2020;8;19;7;3;9;7;0;0;1;1;0;0;0;0;799507,0562;5824871,525;13,41238716;52,49157796
2020;8;18;4;3;5;2;0;1;0;0;1;0;0;0;802617,2643;5827008,157;13,45999872;52,50901323
2020;8;11;6;3;3;6;0;0;1;0;0;1;0;0;791187,5775;5829062,934;13,29386986;52,53365536
2020;8;18;6;3;6;4;0;0;1;1;0;0;0;0;785323,8712;5830258,686;13,20868634;52,54747771
2020;8;11;6;3;0;1;0;1;0;0;0;0;0;0;801796,5867;5825317,149;13,44641063;52,49431118
2020;8;16;5;3;5;3;0;1;1;0;0;0;0;0;797484,489;5831065,626;13,38822492;52,54820674
2020;8;15;3;3;0;5;0;0;1;0;1;0;0;0;810548,5246;5819982,386;13,56994973;52,44159447
2020;8;11;4;3;0;1;0;1;0;0;0;0;0;0;797470,7355;5825016,629;13,38261297;52,49399215
2020;8;10;6;3;3;6;0;0;1;0;1;0;0;0;793369,0445;5822503,099;13,32015896;52,47367935
2020;8;14;1;2;5;3;0;0;1;0;0;0;0;0;783915,9607;5831353,087;13,1889153;52,55802581
2020;8;10;6;2;2;6;0;0;1;0;0;0;0;0;803613,297;5817871,904;13,46631681;52,42657282
2020;8;15;5;3;2;2;0;1;1;0;0;0;0;0;795427,6606;5827466,739;13,35478142;52,51706513
2020;8;9;6;3;2;6;0;1;0;0;0;0;0;0;810714,3199;5818927,546;13,57140067;52,43204718
2020;8;12;7;3;2;6;0;0;1;0;0;0;0;0;802042,5843;5822429,707;13,4474073;52,46829466
2020;8;19;6;2;5;7;1;0;1;0;0;0;0;0;796543,7474;5823965,372;13,36806342;52,48507303
2020;8;16;6;3;2;6;0;0;1;0;0;0;1;0;804459,4392;5840784,462;13,4997042;52,63145744
2020;8;18;3;3;5;2;0;0;1;0;1;0;0;0;808979,7198;5818114,508;13,54521658;52,42574319
2020;8;8;7;3;2;2;0;0;1;0;1;0;0;0;783406,0702;5826585,87;13,17734826;52,51554757
2020;8;18;3;3;5;3;0;1;1;0;0;0;0;0;789993,6862;5819153,653;13,26769431;52,44545315
2020;8;19;6;3;5;3;0;1;1;0;0;0;0;0;797318,3839;5822178,262;13,37784433;52,46863217
2020;8;17;6;3;5;3;0;0;1;0;0;0;0;0;804634,6453;5818533,386;13,48189412;52,43193387
2020;8;17;3;2;8;1;0;0;0;0;1;0;0;0;796821,358;5821001,895;13,36950284;52,45835738
2020;8;19;6;3;6;7;0;1;0;1;0;0;0;0;792224,5732;5825336,834;13,30584182;52,49969681
2020;8;9;5;3;5;3;0;0;1;0;1;0;0;0;799129,2013;5826277,654;13,40810125;52,50438911
2020;8;16;3;3;2;6;0;0;1;0;0;0;0;0;804337,231;5819724,012;13,47861697;52,44277077
2020;8;18;6;3;3;6;0;0;1;0;1;0;0;0;796447,7622;5824887,623;13,36747444;52,49339229
2020;8;11;1;3;5;2;0;1;1;0;0;0;0;0;793710,6813;5824869,265;13,3272592;52,49470744
2020;8;18;6;3;3;6;0;1;1;0;0;0;0;0;792242,7055;5825343,363;13,30611391;52,49974563
2020;8;14;5;3;0;6;0;0;1;0;1;0;0;0;802697,7611;5831785,537;13,46553101;52,55178755
2020;8;18;6;3;5;2;0;1;1;0;0;0;0;0;803638,4512;5827391,375;13,47534885;52,51188051
2020;8;15;7;3;5;2;0;0;1;0;1;0;0;0;801248,424;5827823,23;13,44062844;52,51707646
2020;8;17;6;3;2;6;0;0;1;0;0;0;0;0;785790,6008;5829277,71;13,21470665;52,53843783
2020;8;14;6;3;5;2;0;0;1;0;0;0;0;0;811350,861;5831955,303;13,59290489;52,54843208
2020;8;16;3;3;2;6;0;1;1;0;0;0;0;0;797099,8741;5819931,419;13,37263755;52,44861024
2020;8;16;6;3;5;3;0;1;1;0;0;0;0;0;785973,1138;5829201,678;13,2173249;52,53766039
2020;8;16;6;3;5;2;0;0;1;0;0;0;0;0;785769,8721;5828534,299;13,21376259;52,53178342
2020;8;19;5;3;5;2;0;0;1;0;1;0;0;0;790132,1728;5835779,493;13,28422771;52,59443205
2020;8;16;3;3;5;2;0;1;0;0;1;0;0;0;795407,3401;5829565,163;13,35634707;52,53588676
2020;8;15;6;3;3;6;0;1;0;0;0;1;0;0;798937,8363;5821722,196;13,40120509;52,46366042
2020;8;9;1;3;5;2;0;1;1;0;0;0;0;0;793459,3213;5817164,666;13,31679403;52,42577333
2020;8;15;6;2;6;4;0;1;0;1;0;0;0;0;797147,6046;5827760,858;13,38031685;52,51876719
2020;8;14;6;3;5;1;0;0;1;0;0;0;0;0;798472,1916;5821743,554;13,39439051;52,46410642
2020;8;7;5;3;0;3;0;0;1;0;1;0;0;0;800040,8463;5814704,893;13,41109553;52,40015555
2020;8;15;3;3;3;6;0;1;0;0;0;0;0;0;797076,4889;5828173,27;13,37964017;52,52250275
2020;8;14;6;3;3;6;0;0;1;0;0;0;0;0;792988,3634;5826962,627;13,31849225;52,51386191
2020;8;20;1;3;5;3;1;1;1;0;0;0;0;0;801533,7974;5831433,268;13,44809617;52,54927574
2020;8;14;4;3;5;2;0;1;1;0;0;0;0;0;801103,3247;5821988,868;13,43322448;52,46486173
2020;8;14;6;3;5;2;0;0;1;0;0;0;0;0;795117,7216;5828256,471;13,35092772;52,52431228
2020;8;16;6;3;2;6;0;0;1;0;0;0;0;0;795181,8078;5826945,327;13,3507062;52,5125242
2020;8;13;6;3;2;6;0;0;1;0;0;0;1;0;797864,806;5821786,266;13,3855146;52,46482072
2020;8;12;6;3;3;6;0;0;1;0;1;0;0;0;784758,24;5828669,812;13,19900548;52,53352788
2020;8;15;3;3;5;3;0;1;1;0;0;0;0;0;804188,9246;5829535,463;13,48539609;52,53079046
2020;8;11;2;2;5;2;0;0;1;0;0;0;0;0;792354,3866;5834061,452;13,31542523;52,57784057
2020;8;14;5;3;2;6;0;0;1;0;0;0;0;0;800364,4641;5820545,13;13,42108234;52,45232749
2020;8;21;5;3;1;5;1;1;1;0;0;0;0;0;796011,2137;5833247,778;13,36850754;52,56857004
2020;8;8;5;3;5;2;0;1;1;0;0;0;0;0;794651,5105;5830518,039;13,34608087;52,54483775
2020;8;15;3;3;5;3;0;0;1;0;0;0;0;0;801890,4797;5823323,58;13,44598391;52,47639065
2020;8;18;5;3;5;2;0;0;0;0;1;0;0;0;792825,6669;5823229,994;13,3128201;52,48048736
2020;8;17;7;3;1;5;0;1;1;0;0;0;0;0;800837,6756;5822557,354;13,4298385;52,47010361
2020;8;18;4;3;0;7;0;0;1;0;1;0;0;0;804841,2026;5831305,544;13,4966059;52,54629034
2020;8;18;5;3;2;7;0;0;0;0;1;0;1;0;786653,4809;5830452,176;13,22840793;52,54851444
2020;8;14;6;3;4;6;0;1;0;0;0;0;0;0;795140,95;5827071,588;13,35021786;52,51367814
2020;8;21;4;3;0;1;2;1;0;0;0;0;0;0;806825,9442;5821994,399;13,51720348;52,46172806
2020;8;18;5;2;5;2;0;1;1;0;0;0;0;0;790817,2396;5834066,979;13,29280978;52,57871379
2020;8;22;6;3;2;6;2;0;1;0;0;0;1;0;799937,6258;5825743,943;13,41949539;52,49916143
2020;8;23;5;2;1;5;2;1;1;0;0;0;0;0;796149,0411;5824146,227;13,36242844;52,48690847
2020;8;9;6;3;5;2;0;1;1;0;0;0;0;0;797243,9646;5829094,653;13,38292498;52,53067061
2020;8;15;3;3;0;6;0;0;1;0;1;0;0;0;797047,5149;5831413,19;13,38211049;52,55156068
2020;8;11;4;2;5;3;0;0;1;0;1;0;0;0;809965,4844;5832052,628;13,57263019;52,55009425
2020;8;23;5;2;3;6;2;0;1;0;0;0;0;0;790421,6714;5825996,237;13,27993252;52,50657091
2020;8;22;5;3;4;6;2;1;0;0;0;0;0;0;813934,2084;5821819,902;13,62132435;52,45612757
2020;8;17;5;3;5;2;0;0;1;0;0;0;0;0;795355,1582;5818456,547;13,34573613;52,43633425
2020;8;23;4;3;1;1;2;1;1;0;0;0;0;0;801307,2223;5824649,445;13,43862051;52,48859677
2020;8;18;5;3;5;3;0;0;1;0;1;0;0;0;803191,3141;5822723,677;13,46453317;52,47029322
2020;8;8;7;3;5;2;0;0;1;0;0;0;1;0;794495,2127;5830685,829;13,34393147;52,54642638
2020;8;7;4;3;5;3;0;0;1;0;0;0;0;0;807258,2426;5822163,017;13,52370162;52,46299637
2020;8;18;5;3;5;2;0;1;1;0;0;0;0;0;806554,8742;5829154,445;13,51981423;52,52605038
2020;8;18;6;3;5;3;0;0;1;0;1;0;0;0;797250,373;5834982,928;13,3882924;52,58344819
2020;8;18;5;3;1;5;0;1;1;0;0;0;0;0;796935,3569;5831429,733;13,38047597;52,55177013
2020;8;11;5;3;5;2;0;1;1;0;0;0;0;0;785717,937;5829289,887;13,21364865;52,53858511
2020;8;14;3;3;5;2;0;1;0;0;0;0;1;0;795702,6545;5828178,234;13,35945474;52,52329403
2020;8;22;5;3;0;1;2;1;0;0;0;0;0;0;807236,7576;5821825,401;13,52307563;52,45998266
2020;8;13;1;3;5;2;0;1;1;0;0;0;0;0;793382,9364;5821960,333;13,31988556;52,46880617
2020;8;21;5;3;5;2;2;1;1;0;0;0;0;0;801111,0517;5822185,343;13,43351516;52,46661854
2020;8;17;4;3;5;7;0;1;1;0;0;0;0;0;796844,337;5828971,912;13,37694149;52,52978814
2020;8;12;3;3;0;2;0;0;1;0;1;0;0;1;791728,2012;5826104,348;13,29922278;52,50684306
2020;8;7;3;3;4;7;0;1;1;0;0;0;0;1;793686,9179;5824482,071;13,32656887;52,4912492
2020;8;17;1;2;6;2;0;0;1;1;0;0;0;0;791778,2964;5827052,776;13,30079028;52,51531877
2020;8;15;6;3;4;5;0;0;1;0;1;0;0;0;803307,6403;5826203,754;13,46940714;52,50142013
2020;8;14;4;3;1;5;0;1;1;0;0;0;0;1;791663,2768;5833650,399;13,30489354;52,57452647
2020;8;7;4;3;2;2;0;0;1;0;1;0;0;0;792860,6302;5824351,871;13,31431918;52,49052593
2020;8;8;7;3;0;1;0;0;0;0;1;0;0;1;793212,7296;5832406,724;13,32659304;52,56254506
2020;8;19;5;3;5;3;0;1;1;0;0;0;0;0;801409,4771;5818895,247;13,43492566;52,43696386
2020;8;17;4;3;0;4;0;1;0;1;0;0;0;0;797813,783;5823058,326;13,38590132;52,47625114
2020;8;16;3;3;0;1;0;0;0;0;1;0;0;0;796857,0329;5830640,11;13,37861833;52,54473475
2020;8;19;3;3;0;1;0;1;0;0;0;0;0;0;808882,2438;5819336,489;13,54491629;52,43674962
2020;8;9;5;3;4;2;0;1;1;0;0;0;0;0;786049,4819;5831801,131;13,22068711;52,5609263
2020;8;12;3;3;0;5;0;0;1;0;1;0;0;1;791729,2881;5824410,984;13,29775544;52,49166166
2020;8;12;2;3;3;6;0;1;1;0;0;0;0;0;801317,6457;5823816,318;13,43802046;52,4811235
2020;8;15;4;3;5;2;0;1;1;0;0;0;0;0;799511,826;5815705,235;13,40423763;52,40941196
2020;8;18;3;3;5;2;0;0;1;0;0;0;1;0;800671,7115;5825813,803;13,43033991;52,49938365
2020;8;0;1;3;9;1;2;0;1;0;0;0;0;0;785436,363;5818399,37;13,20017933;52,44108844
2020;8;7;6;3;5;3;0;1;1;0;0;0;0;0;810180,5887;5820400,423;13,56494198;52,44554962
2020;8;16;4;2;5;2;0;0;1;0;1;0;0;1;797562,1809;5820790,124;13,38018518;52,45605623
2020;8;21;3;3;5;3;1;0;1;0;0;0;0;0;796169,0315;5832279,675;13,36996504;52,55980619
2020;8;14;3;3;2;6;0;1;1;0;0;0;0;0;801901,8366;5823562,606;13,44636701;52,4785268
2020;8;1;6;3;5;2;2;0;1;0;0;0;0;0;792443,2313;5824098,429;13,30796669;52,48847765
2020;8;16;5;3;3;6;0;1;0;0;1;0;0;0;797295,376;5829035,07;13,38362736;52,53010848
2020;8;11;4;2;6;4;0;0;1;1;0;0;0;1;806027,7881;5826493,675;13,50962217;52,50249986
2020;8;7;3;2;0;1;0;1;0;0;0;0;0;0;800042,742;5835612,298;13,42995252;52,58755665
2020;8;12;5;3;4;7;0;1;0;0;0;0;1;0;802893,7453;5832266,012;13,46885106;52,55598498
2020;8;15;7;3;3;6;0;1;1;0;0;0;0;0;797713,0167;5831817,113;13,39225901;52,55481799
2020;8;17;5;2;5;2;0;1;1;0;0;0;0;0;790703,0054;5834317,984;13,29134883;52,58102505
2020;8;13;4;3;5;3;0;0;1;0;0;0;0;1;791095,5726;5824381,292;13,28842204;52,4917338
2020;8;9;3;3;2;6;0;0;1;0;0;0;0;0;791899,6985;5826309,172;13,30192202;52,50858753
2020;8;13;5;3;6;4;0;0;0;0;1;0;1;0;785193,2188;5828922,169;13,20561741;52,53556305
2020;8;12;3;3;0;2;0;1;0;0;1;0;0;0;805697,0909;5820386,495;13,49916791;52,44794983
2020;8;22;2;3;1;7;2;0;1;0;0;0;0;0;781706,402;5829146,37;13,15453678;52,53938696
2020;8;14;4;3;1;5;0;1;1;0;0;0;0;0;784124,9183;5830545,311;13,19129791;52,55067427
2020;8;12;3;3;0;1;0;0;1;0;1;0;0;1;785334,2951;5829287,997;13,20800584;52,53876918
2020;8;13;1;2;5;2;0;0;1;0;1;0;0;0;785009,3608;5817562,051;13,19320032;52,4338036
2020;8;5;6;3;1;7;1;0;1;0;0;0;0;0;801453,4794;5818088,478;13,43484361;52,42970826
2020;8;9;3;3;2;6;0;1;0;0;0;1;0;0;798237,7494;5829033,752;13,39747708;52,52958191
2020;8;20;3;3;2;2;1;1;0;0;1;0;0;1;799878,2534;5825706,321;13,41858951;52,49885683
2020;8;20;3;3;2;6;1;0;1;0;1;0;0;1;793877,3568;5836161,439;13,33969837;52,5958451
2020;8;15;5;3;5;3;0;1;1;0;0;0;0;0;805201,2379;5833655,271;13,50405929;52,5671478
2020;8;10;4;3;5;3;0;0;1;0;0;0;0;1;789175,0817;5826352,762;13,26192666;52,51042946
2020;8;15;2;3;2;6;0;0;1;0;1;0;0;1;795808,548;5832589,618;13,3649392;52,56278046
2020;8;19;4;3;5;2;0;1;0;0;0;0;1;0;789614,5037;5819809,854;13,26269979;52,45153723
2020;8;18;3;3;5;3;0;1;1;0;0;0;0;0;792661,8387;5823065,325;13,31027007;52,47909897
2020;8;7;3;3;5;7;0;1;1;0;0;0;0;1;791709,6234;5826147,625;13,29898776;52,50724095
2020;8;16;2;3;5;3;0;1;1;0;0;0;0;0;805585,3809;5818535,169;13,49583664;52,43141961
2020;8;10;4;3;2;6;0;0;1;0;0;1;0;0;790835,2383;5817589,429;13,27868046;52,43098258
2020;8;12;3;3;5;3;0;0;1;0;0;0;0;1;790957,7608;5822385,939;13,28465643;52,47391881
2020;8;11;3;3;2;6;0;0;1;0;0;0;1;1;794128,1523;5828463,102;13,33656673;52,52669934
2020;8;8;2;3;2;6;0;0;1;0;1;0;0;0;800153,0387;5836453,132;13,43233757;52,59503232
2020;8;13;4;3;5;3;0;1;1;0;0;0;0;1;798043,0917;5829410,451;13,3949538;52,53306498
2020;8;18;3;3;5;3;0;1;1;0;0;0;0;0;797581,7909;5823265,213;13,38268025;52,47823211
2020;8;19;7;3;5;2;1;1;1;0;0;0;0;1;803792,0754;5827707,433;13,47789414;52,51462771
2020;8;12;6;3;2;6;0;0;1;0;0;0;0;0;791825,7228;5826109,632;13,3006602;52,50683826
2020;8;8;3;3;5;2;0;1;1;0;0;0;0;1;797938,672;5825259,618;13,38970239;52,49591504
2020;8;19;3;3;0;1;0;1;0;0;0;0;0;0;797655,4918;5828088,742;13,38807328;52,5214293
2020;8;10;5;3;0;1;0;1;0;0;0;0;0;0;802909,6979;5823527,619;13,46113007;52,47765515
2020;8;8;4;3;5;3;0;1;1;0;0;0;0;1;812413,9208;5819589,785;13,5969378;52,43701383
2020;8;14;2;3;5;2;0;1;0;0;0;0;1;0;798033,8835;5826576,655;13,39227946;52,50766867
2020;8;18;4;3;2;6;0;1;1;0;0;0;0;0;803582,5246;5827259,687;13,47440716;52,51073135
2020;8;17;3;3;0;3;0;1;1;0;0;0;0;0;799139,9818;5825784,044;13,40781619;52,49995869
2020;8;4;3;3;2;6;2;0;1;0;0;0;0;0;794369,676;5826063,712;13,3379938;52,50505994
2020;8;12;1;3;0;6;0;1;0;0;0;0;0;0;814560,8107;5820805,253;13,62956015;52,44667517
2020;8;18;6;3;0;1;0;1;0;0;0;0;0;0;811229,0124;5817688,365;13,57779392;52,4206496
2020;8;8;4;3;5;2;0;0;1;0;0;0;0;0;793379,5026;5829578,386;13,32654738;52,53710071
2020;8;12;7;2;1;5;0;1;1;0;0;0;0;0;791936,0364;5817770,27;13,29498366;52,43201749
2020;8;19;5;3;5;3;0;0;1;0;0;0;0;0;795062,806;5832467,537;13,35386108;52,56209076
2020;8;17;4;3;5;3;0;1;0;0;0;0;1;1;801743,1943;5826255,026;13,44647623;52,502747
2020;8;17;3;3;1;5;0;1;1;0;0;0;0;0;800566,0034;5824440,461;13,42754844;52,48713215
2020;8;17;3;2;5;2;0;1;1;0;0;0;0;0;807501,9581;5824462,4;13,52939727;52,48346668
2020;8;10;5;3;0;7;0;0;1;1;0;0;0;0;806938,5482;5821867;13,51873854;52,46052304
2020;8;18;7;3;5;2;0;1;1;0;0;0;0;1;795523,0201;5818638,372;13,34835902;52,43787353
2020;8;13;5;3;0;1;0;1;0;0;0;0;0;0;798165,7117;5829350,46;13,39670236;52,53246019
2020;8;20;4;3;5;3;2;1;1;0;0;0;0;1;808551,268;5821644,339;13,54219434;52,45761943
2020;8;10;3;3;5;2;0;1;1;0;0;0;0;0;784822,5934;5830260,185;13,20131513;52,54775348
2020;8;3;5;3;8;1;2;0;0;0;0;0;1;0;798658,1808;5828756,808;13,40340764;52,52686932
2020;8;16;4;3;2;2;0;0;1;0;0;0;0;1;786522,533;5831603,098;13,2274754;52,55890208
2020;8;13;2;3;5;3;0;1;0;0;0;0;0;0;794530,5608;5820050,813;13,3350464;52,45107078
2020;8;17;4;3;6;7;0;0;1;1;0;0;0;0;800211,6674;5824811,942;13,42268037;52,49065684
2020;8;17;3;2;2;7;0;0;1;0;0;0;0;0;781867,9307;5829583,06;13,15728267;52,54321899
2020;8;2;3;2;0;1;2;1;0;0;0;0;0;0;800751,5582;5830929,561;13,43613842;52,54519336
2020;8;17;1;3;5;2;0;1;1;0;0;0;0;0;805788,7471;5822881,744;13,50279787;52,47026223
2020;8;0;6;3;2;7;2;0;1;0;1;0;0;0;788854,7081;5827182,309;13,25793922;52,51803637
2020;8;13;4;3;2;6;0;0;1;0;1;0;0;1;796385,4821;5830093,56;13,3711974;52,54009224
2020;8;0;4;3;2;6;2;0;1;0;0;0;0;1;796629,339;5826691,177;13,37174764;52,50946074
2020;8;7;7;3;5;3;0;1;1;0;0;0;0;1;782805,6886;5830365,257;13,17174001;52,54974643
2020;8;18;5;3;5;2;0;1;1;0;0;0;0;0;797534,171;5832714,618;13,39043348;52,56296069
2020;8;17;4;3;5;2;0;1;1;0;0;0;0;1;802341,8775;5829201,585;13,45794683;52,52882551
2020;8;7;3;3;5;2;0;1;1;0;0;0;0;0;784740,7788;5828586,423;13,19867732;52,53278934