UJAHR;UMONAT;USTUNDE;UWOCHENTAG;UKATEGORIE;UART;UTYP1;ULICHTVERH;IstRad;IstPKW;IstFuss;IstKrad;IstGkfz;IstSonstige;USTRZUSTAND;LINREFX;LINREFY;XGCSWGS84;YGCSWGS84
2020;8;16;3;3;5;2;0;1;1;0;0;0;0;0;789635,7354;5818176,446;13,2615954;52,43688183
2020;8;9;5;3;5;3;0;1;1;0;0;0;0;0;802482,7468;5822558,281;13,45398375;52,46920355
2020;8;15;3;3;5;3;0;1;1;0;0;0;0;0;799240,9713;5812651,586;13,39754052;52,38218763
2020;8;22;2;3;1;5;2;0;1;0;0;1;0;0;800488,5024;5814117,326;13,41712865;52,3946434
2020;8;15;4;3;5;3;0;1;1;0;0;0;0;0;800084,9816;5831671,348;13,42700854;52,55220976
2020;8;15;3;2;5;3;0;1;0;0;0;0;1;0;806529,2338;5821688,688;13,51256921;52,45915468
2020;8;16;1;3;5;3;0;1;1;0;0;0;0;0;793975,7444;5824708,48;13,3310104;52,49312338
2020;8;6;6;3;5;3;0;1;1;0;0;0;0;0;785007,8758;5829784,277;13,20363178;52,54338962
2020;8;15;3;3;5;3;0;1;0;0;0;0;0;0;802287,2507;5825476,553;13,45376058;52,49546842
2020;8;15;4;3;5;7;0;0;1;0;1;0;0;1;791538,8506;5828044,451;13,2981408;52,52433704
2020;8;13;2;3;5;2;0;1;1;0;0;0;0;0;801176,9306;5833197,268;13,44444965;52,56528399
2020;8;16;4;2;5;2;0;0;1;0;1;0;0;0;803151,7458;5818445,542;13,46006947;52,43197028
2020;8;15;2;3;5;3;0;0;1;0;0;0;0;0;800463,4526;5832321,987;13,43316268;52,55783292
2020;8;10;1;3;3;6;0;1;1;0;0;0;0;0;791603,5629;5821168,612;13,29307365;52,46266109
2020;8;8;6;3;5;2;0;1;1;0;0;0;0;0;800475,1565;5828227,223;13,42963185;52,52112415
2020;8;13;4;3;2;6;0;0;1;0;0;0;0;1;793179,344;5832282,316;13,32599201;52,56144778
2020;8;22;3;3;5;3;2;1;1;0;0;0;0;1;796371,9703;5825279,303;13,36670981;52,4969445
2020;8;15;3;2;6;4;0;0;1;1;0;0;0;0;807669,8388;5820991,792;13,52866165;52,45226808
2020;8;20;7;3;0;7;0;1;0;0;0;0;0;0;806566,9413;5828124,233;13,51904206;52,51681064
2020;8;17;5;3;2;6;0;1;1;0;0;0;0;0;789038,1726;5823756,746;13,25766193;52,48722784
2020;8;12;4;3;5;3;0;0;1;0;1;0;0;1;794765,3824;5828314,024;13,34580044;52,52501881
2020;8;8;3;3;5;3;0;1;0;0;0;0;1;0;798986,5369;5831812,357;13,410983;52,55407775
2020;8;13;5;3;3;6;0;0;1;0;1;0;0;0;785048,1739;5829422,674;13,20391412;52,54012643
2020;8;13;2;1;5;3;0;1;1;0;0;0;0;0;784768,2125;5828813,619;13,19927533;52,53481205
2020;8;20;2;3;5;3;2;1;1;0;0;0;0;0;797832,3954;5830453,633;13,39279177;52,54253093
2020;8;14;4;3;5;2;0;0;1;0;1;0;0;0;796781,8689;5828820,007;13,37588772;52,52846049
2020;8;9;2;2;0;2;0;1;0;0;0;0;1;0;801229,3802;5827982,867;13,44049317;52,51851783
2020;8;13;1;3;5;5;0;0;1;0;0;0;0;0;794836,4015;5836300,224;13,35393979;52,59657009
2020;8;12;6;3;5;2;0;1;1;0;0;0;0;0;802416,9404;5828957,586;13,45882805;52,52659694
2020;8;12;3;3;5;2;0;1;1;0;0;0;0;0;799978,7042;5826931,803;13,42116893;52,50978613
2020;8;19;3;3;3;2;0;0;1;0;1;0;0;1;785030,8544;5826303,537;13,20098565;52,51216943
2020;8;12;3;3;2;6;0;0;1;0;0;0;0;0;797302,8054;5823155,675;13,37848683;52,47740217
2020;8;15;5;3;6;4;0;1;0;1;0;0;0;0;798735,1917;5828278,009;13,40410934;52,52253538
2020;8;15;3;3;5;2;0;1;1;0;0;0;0;0;799979,5426;5826934,105;13,42118332;52,50980631
2020;8;20;3;3;5;2;0;0;1;0;0;0;0;1;795243,1389;5822266,4;13,3474614;52,47054774
2020;8;22;3;3;5;2;2;0;1;0;0;0;0;0;795782,0721;5832577,976;13,36453938;52,56269048
2020;8;21;6;3;1;5;2;0;1;0;0;0;0;0;797612,1756;5830856,168;13,38991473;52,54625947
2020;8;15;5;3;5;3;0;0;1;0;0;0;0;0;796236,6792;5832766,054;13,37139424;52,56412925
2020;8;11;4;3;2;6;0;0;1;0;0;0;0;1;807064,0851;5822542,284;13,5212017;52,46650458
2020;8;19;2;3;5;7;0;1;0;0;0;0;0;0;794992,8444;5830745,686;13,35130192;52,54669371
2020;8;7;4;3;6;7;0;0;1;1;0;0;0;0;790281,6517;5835032,633;13,28577377;52,58765677
2020;8;11;2;1;6;4;0;0;0;1;0;0;1;0;784727,0752;5827556,545;13,19759384;52,52356261
2020;8;7;2;3;5;2;0;1;0;0;0;0;1;0;797833,7006;5824901,972;13,38784098;52,49276645
2020;8;11;4;3;2;2;0;0;1;0;1;0;0;0;796674,3588;5831925,865;13,37708124;52,55635961
2020;8;9;2;3;5;2;0;0;1;0;0;0;0;0;801119,7441;5831070,017;13,44167884;52,54624892
2020;8;18;7;3;5;3;0;1;0;0;0;0;1;1;801485,9008;5823929,422;13,44059284;52,48204442
2020;8;10;6;3;5;3;0;0;1;0;1;0;0;0;806287,1724;5820685,28;13,50809736;52,45029743
2020;8;12;3;3;2;6;0;0;0;0;1;0;1;0;796999,3537;5831930,29;13,38186488;52,55622214
2020;8;8;5;3;0;1;0;1;0;0;0;0;0;0;798680,2689;5825139,559;13,40048616;52,49443354
2020;8;8;4;3;2;6;0;0;1;0;0;0;0;0;796904,0934;5822263,21;13,37183903;52,46961897
2020;8;13;2;3;5;2;0;0;1;0;0;0;0;0;804523,0057;5821937,803;13,4833603;52,46250898
2020;8;17;4;3;5;3;0;1;1;0;0;0;0;0;801646,7267;5823973,267;13,44299358;52,48234859
2020;8;10;2;3;3;2;0;1;0;0;0;1;0;0;801758,4156;5826260,242;13,44670452;52,50278534
2020;8;14;3;3;2;7;0;1;0;0;0;0;1;0;798133,5868;5826221,381;13,39342599;52,50442961
2020;8;16;1;3;6;7;0;0;1;1;0;0;0;0;809233,1927;5833579,923;13,56328748;52,56419743
2020;8;15;6;3;5;3;0;0;1;0;0;0;0;0;804452,115;5816484,954;13,47735349;52,41367572
2020;8;10;4;3;5;3;0;0;1;0;0;0;0;1;792087,6961;5825285,891;13,30378649;52,49931339
2020;8;14;2;3;6;7;0;1;0;1;0;0;0;0;804465,8459;5820815,45;13,48149808;52,45248148
2020;8;19;4;2;0;1;0;1;0;0;0;0;0;0;787243,6093;5816409,58;13,22498517;52,422302
2020;8;9;2;3;5;2;0;0;1;0;1;0;0;0;802295,4069;5826306,723;13,45463385;52,50290473
2020;8;13;3;3;0;3;0;0;0;0;0;0;1;0;807497,3915;5829157,886;13,53366658;52,52555046
2020;8;7;2;3;3;6;0;1;1;0;0;0;0;0;795499,6189;5830758,637;13,35876515;52,54653517
2020;8;19;6;3;5;2;0;1;1;0;0;0;0;0;793340,975;5829718,481;13,32610463;52,53837732
2020;8;8;4;3;1;5;0;0;1;0;1;0;0;0;799133,2007;5828549,78;13,41020256;52,5247532
2020;8;17;7;3;0;3;0;0;1;0;1;0;0;0;791931,2085;5817211,884;13,29442539;52,42701411
2020;8;8;5;3;0;1;0;0;0;0;1;0;0;0;805527,6448;5825994,281;13,50181867;52,49830435
2020;8;18;4;3;1;5;0;1;1;0;0;0;0;1;792640,4026;5823027,448;13,30992209;52,4787709
2020;8;18;3;3;5;3;0;1;1;0;0;0;0;0;794045,2478;5824716,824;13,33203855;52,49316074
2020;8;10;3;3;0;1;0;0;0;0;1;0;0;1;797866,5959;5829855,055;13,39275797;52,53714676
2020;8;12;5;3;1;5;0;1;1;0;0;0;0;0;804286,4465;5838615,851;13,49516047;52,6121186
2020;8;15;4;3;5;3;0;0;1;0;0;0;0;1;793842,7753;5836157,752;13,33918603;52,59583073
2020;8;13;2;3;6;4;0;1;0;1;0;0;0;0;803777,7743;5830345,512;13,48009402;52,53827992
2020;8;16;4;2;2;6;0;0;1;0;1;0;0;0;796281,9935;5826773,458;13,36671784;52,51038707
2020;8;22;2;2;0;1;2;1;0;0;0;0;0;0;800852,1108;5828500,036;13,43541763;52,52336159
2020;8;19;3;3;5;2;2;0;0;0;1;0;1;1;797355,8207;5821921,346;13,37816487;52,46630881
2020;8;11;1;3;5;3;0;0;1;0;0;0;1;0;795180,6404;5825889,821;13,34975308;52,503063
2020;8;13;6;3;5;3;0;1;1;0;0;0;0;0;789633,6795;5840165,344;13,28072921;52,63401665
2020;8;13;4;3;5;3;0;0;1;0;0;0;0;1;811387,5778;5817433,274;13,57988077;52,41827338
2020;8;8;3;3;0;6;0;1;0;0;0;0;0;0;794132,9761;5831115,251;13,33898533;52,55047154
2020;8;9;3;3;5;2;0;0;1;0;0;0;0;1;792422,8113;5830321,69;13,31313654;52,54427836
2020;8;21;7;3;1;5;2;1;1;0;0;0;0;0;796489,7901;5829268,101;13,37199445;52,53263612
2020;8;17;5;3;0;3;0;0;1;0;1;0;0;0;791989,2037;5824744,757;13,30186532;52,49451492
2020;8;13;4;3;2;6;0;0;1;0;0;0;0;1;797491,4364;5832654,272;13,38975079;52,56244312
2020;8;4;3;3;0;7;2;1;0;0;0;0;0;0;801889,0324;5828995,177;13,45110426;52,52722643
2020;8;14;4;3;5;2;0;1;1;0;0;0;0;1;806495,3764;5822093,356;13,512444;52,46280045
2020;8;7;4;3;5;3;0;1;1;0;0;0;0;0;813364,349;5824972,295;13,61592602;52,48470337
2020;8;10;3;3;5;7;0;0;1;0;0;0;1;1;794722,6511;5828443,332;13,34528702;52,52620105
2020;8;9;7;2;6;2;0;0;1;1;0;0;0;1;804370,9937;5830843,563;13,48926987;52,54241272
2020;8;19;5;3;5;2;0;1;1;0;0;0;0;0;790963,1023;5824811,796;13,28685242;52,4956639
2020;8;17;4;3;3;6;0;0;1;0;0;0;1;1;800780,3007;5822709,819;13,42913385;52,4715018
2020;8;16;3;3;5;3;0;1;0;0;0;0;0;0;798622,993;5830284,361;13,40426292;52,54058094
2020;8;9;2;3;0;1;0;0;0;0;1;0;0;0;796632,1379;5835794,326;13,37992088;52,5910588
2020;8;9;5;3;6;2;0;0;0;1;0;0;1;0;790113,5323;5835289,864;13,28352443;52,59005252
2020;8;20;2;2;5;2;0;1;1;0;0;0;0;0;804919,5786;5822560,403;13,48974827;52,46786799
2020;8;7;2;3;5;7;0;1;0;0;1;0;0;0;799352,1739;5826347,721;13,4114395;52,50489487
2020;8;15;4;2;4;7;0;0;1;0;0;0;0;0;784181,8194;5828967,643;13,19078508;52,53649912
2020;8;20;2;3;5;3;0;1;1;0;0;0;0;0;797140,7804;5831820,871;13,38384687;52,55516418
2020;8;3;1;3;0;1;2;1;0;0;0;0;0;0;801444,8121;5826053,151;13,4419109;52,50110248
2020;8;7;6;3;3;6;2;1;1;0;0;0;0;0;803658,2115;5818666,804;13,46769713;52,43367255
2020;8;6;4;3;2;6;0;0;1;0;0;0;0;1;809763,6924;5820699,74;13,55910512;52,44846836
2020;8;21;3;3;3;6;1;0;1;0;1;0;0;1;800905,394;5826861,271;13,4347186;52,50864357
2020;8;15;3;3;5;3;0;1;0;0;0;0;1;0;806287,5686;5820688,09;13,50810575;52,45032239
2020;8;10;3;2;5;3;0;0;1;0;1;0;0;1;807893,7223;5833927,948;13,54391191;52,56807546
2020;8;15;6;2;6;7;0;1;0;1;0;0;0;0;800565,4961;5825807,871;13,42877458;52,49938899
2020;8;16;5;2;0;1;0;1;0;0;0;0;0;0;797209,3606;5835569,146;13,38821468;52,58872526
2020;8;12;4;3;0;1;0;0;1;0;1;0;0;1;797857,9978;5829844,908;13,39262248;52,53706051
2020;8;7;3;3;6;4;0;0;0;1;0;0;1;0;802224,7917;5831552,254;13,4583642;52,54995928
2020;8;12;5;3;5;2;0;1;1;0;0;0;1;0;790954,8291;5824832,261;13,28674877;52,49585178
2020;8;19;2;3;5;3;0;1;1;0;0;0;0;0;797582,5342;5834108,096;13,39239506;52,57542493
2020;8;9;2;3;5;3;0;1;0;0;0;0;1;0;797182,8116;5831917,668;13,38455166;52,55600891
2020;8;13;4;3;2;7;0;0;1;0;0;0;1;0;800846,5755;5822361,523;13,42979254;52,46834341
2020;8;14;5;3;2;3;0;1;1;0;0;0;0;0;787516,4634;5827572,109;13,2386082;52,52223836
2020;8;18;2;3;2;6;0;1;0;0;0;0;0;0;797821,831;5825881,719;13,38854267;52,50155521
2020;8;11;2;3;5;3;0;0;1;0;1;0;0;0;799578,1164;5825656,975;13,41413699;52,49857936
2020;8;15;4;3;2;6;0;0;1;0;0;0;0;0;795739,798;5832722,988;13,3640468;52,56401334
2020;8;18;2;2;5;3;0;0;1;0;0;0;0;0;813016,1369;5827637,685;13,61331933;52,50878781
2020;8;15;1;3;5;3;0;0;1;0;0;0;0;0;809990,4207;5831264,564;13,57226128;52,54301785
2020;8;5;6;3;5;3;0;0;1;0;0;0;1;0;784452,1002;5831831,931;13,19721294;52,56203931
2020;8;15;3;3;5;2;0;1;1;0;0;0;0;0;796875,2685;5831904,783;13,38001716;52,55606115
2020;8;20;3;2;5;2;0;1;1;0;0;0;0;1;791643,5643;5817287,739;13,29027306;52,42784756
2020;8;13;3;3;0;3;0;1;0;0;1;0;0;0;794632,2846;5829875,933;13,3452287;52,53909214
2020;8;9;3;3;5;2;0;0;0;0;0;1;1;1;784452,915;5828671,699;13,19451794;52,53370424
2020;8;20;6;3;1;5;0;1;1;0;0;0;0;0;799855,7344;5825832,987;13,41837281;52,50000457
2020;8;15;5;3;5;2;0;1;1;0;0;0;0;0;793453,5954;5824717,406;13,32334949;52,49348436
2020;8;10;4;3;4;6;0;0;1;0;0;0;0;1;810289,4663;5819721,372;13,56590832;52,43940238
2020;8;16;2;3;5;3;0;1;1;0;0;0;0;0;790975,4463;5823877,832;13,28621811;52,48728431
2020;8;20;4;3;4;6;1;1;0;0;0;0;1;0;798145,869;5829869,18;13,39687602;52,53712066
2020;8;15;2;2;5;2;0;1;1;0;0;0;0;0;802416,5128;5829233,442;13,45907266;52,52906964
2020;8;14;3;3;6;4;0;0;1;1;0;0;0;0;795229,6038;5830176,246;13,35427718;52,54146092
2020;8;18;2;3;6;7;0;1;0;1;0;0;0;0;791710,3598;5822435,525;13,29574881;52,47396193
2020;8;9;4;3;1;5;0;1;1;0;0;0;0;0;797976,207;5826112,49;13,39101672;52,50353951
2020;8;17;2;2;6;4;0;0;1;1;0;0;0;0;806352,0547;5833670,454;13,52099931;52,56663751
2020;8;18;7;3;5;2;0;0;1;0;0;0;0;1;794010,352;5823930,807;13,33083254;52,48613328
2020;8;19;5;2;9;1;0;0;0;0;1;0;0;0;784401,8525;5829935,697;13,19484915;52,54506394
2020;8;21;4;3;5;2;2;0;1;0;0;0;0;1;805018,7303;5822706,771;13,49133714;52,46912448
2020;8;11;3;3;2;6;0;0;1;0;1;0;0;0;806130,6958;5826695,518;13,51131908;52,50425112
2020;8;17;2;3;5;2;0;0;1;0;1;0;0;0;791505,706;5824387,174;13,29445085;52,49156765
2020;8;16;7;2;0;3;0;0;1;0;0;0;1;0;804938,596;5820712,051;13,48833902;52,45129124
2020;8;12;6;3;0;1;0;0;0;0;1;0;0;0;803138,1541;5826336,119;13,4670384;52,50270067
2020;8;9;3;3;0;5;0;1;1;0;0;0;0;1;800007,0759;5826251,058;13,42097226;52,50366873
2020;8;20;3;3;5;2;1;1;1;0;0;0;0;1;803712,3109;5826290,498;13,47542954;52,50197252
2020;8;14;5;2;6;4;0;0;1;1;0;0;0;0;794649,9395;5833017,303;13,34827629;52,56724255
2020;8;9;4;3;6;7;0;0;0;1;0;0;1;1;801149,3418;5823780,722;13,43551748;52,48089729
2020;8;15;2;3;5;3;0;0;1;0;1;0;0;0;792226,6313;5824621,099;13,30524414;52,49327928
2020;8;17;4;3;3;6;0;1;0;0;0;0;1;0;797771,9066;5827377,796;13,38914767;52,51499298
2020;8;17;2;3;5;2;0;1;0;0;0;0;1;0;804143,6974;5829830,759;13,4850016;52,5334623
2020;8;13;3;3;2;6;0;1;0;0;0;0;0;0;794975,6587;5824931,314;13,34589302;52,49458149
2020;8;7;2;3;5;3;0;0;1;0;0;0;0;0;804418,0595;5819047,251;13,47918609;52,4366601
2020;8;18;6;3;5;3;0;1;1;0;0;0;0;0;807014,6389;5824836,035;13,52258766;52,48708948
2020;8;8;4;2;5;2;0;1;1;0;0;0;0;0;789850,1555;5817834,798;13,26444459;52,43370524
2020;8;9;3;3;5;3;0;0;1;0;0;0;0;1;799073,0421;5821704,714;13,40317365;52,46342973
2020;8;14;7;3;2;6;0;0;1;0;0;0;0;0;802832,2963;5817481,548;13,45451222;52,42350682
2020;8;19;5;3;5;3;0;1;1;0;0;0;0;0;810487,9937;5820331,081;13,56938603;52,44475373
2020;8;18;4;3;0;6;0;0;1;0;0;0;1;1;795681,8365;5829753,535;13,36054991;52,53742649
2020;8;17;3;3;5;3;0;0;1;0;1;0;0;0;810910,5166;5826689,168;13,58150857;52,50149177
2020;8;9;3;3;0;5;0;1;1;0;0;0;0;1;793442,2486;5824124,272;13,3226605;52,48817325
2020;8;10;5;3;5;7;0;0;1;0;0;0;1;0;806684,1623;5826912,094;13,51964723;52,50588133
2020;8;15;4;3;5;2;0;1;1;0;0;0;0;1;792281,652;5827244,921;13,30835572;52,51677178
2020;8;13;2;3;8;1;0;0;1;0;0;0;0;0;797625,4958;5826402,586;13,38612439;52,50633129
2020;8;15;4;3;5;3;0;0;1;0;0;0;0;0;803567,9017;5818641,963;13,46635024;52,43350002
2020;8;5;5;2;5;2;0;0;0;0;1;0;1;0;797651,0904;5828114,823;13,38803194;52,52166548
2020;8;16;4;3;0;7;0;1;0;0;0;0;1;1;800702,4172;5814149,511;13,42029189;52,39481451
2020;8;7;2;3;0;5;0;1;1;0;0;0;0;0;808699,4641;5831521,905;13,55352472;52,54605696
2020;8;17;4;2;5;2;0;0;1;0;1;0;1;0;792888,6737;5821912,553;13,31258831;52,46864305
2020;8;17;2;3;4;6;0;0;1;0;0;0;0;0;807918,521;5833919,755;13,54426904;52,56798801
2020;8;13;3;3;5;3;0;0;1;0;0;0;0;0;804753,8237;5818467,768;13,48358189;52,43127937
2020;8;16;1;2;0;1;0;0;0;0;1;0;0;0;797269,9033;5829093,641;13,38330533;52,53064739
2020;8;15;6;3;0;7;0;0;0;0;1;0;0;0;800910,4625;5826350,422;13,43433132;52,50406191
2020;8;14;4;3;5;3;0;1;0;0;0;0;1;1;798322,2235;5829380,341;13,39902968;52,53264238
2020;8;7;4;3;5;3;0;1;1;0;0;0;0;0;804095,7259;5819272,427;13,47466386;52,43885763
2020;8;8;7;3;5;2;0;0;1;0;1;0;0;1;784737,5221;5827493,183;13,19769315;52,52298904
2020;8;18;5;2;6;4;0;1;0;1;0;0;0;0;794741,3963;5828317,449;13,34545095;52,52506247
2020;8;17;4;3;0;7;0;0;0;1;0;0;1;1;801056,0354;5823701,147;13,43407583;52,48023549
2020;8;6;3;2;8;1;0;0;1;0;0;0;0;0;798620,0869;5826979,524;13,4012524;52,51095929
2020;8;16;2;3;5;2;0;0;1;0;1;0;0;0;798388,4714;5827180,841;13,39803014;52,51289058
2020;8;9;5;3;0;5;0;0;0;0;1;0;1;0;796756,758;5824802,087;13,37193621;52,49245764
2020;8;16;2;3;2;6;0;0;1;0;1;0;0;0;797195,0501;5831916,769;13,38473085;52,55599418
2020;8;11;2;3;0;2;0;0;0;0;0;1;1;0;791168,0431;5834028,958;13,29793883;52,57818535
2020;8;15;4;3;0;2;0;1;1;0;0;0;0;0;798619,3457;5826919,159;13,40118735;52,51041861
2020;8;16;2;3;0;1;0;0;1;0;1;0;0;0;801741,3548;5827901,995;13,44794227;52,51750995
2020;8;12;1;3;5;3;0;1;0;0;0;0;0;0;807113,439;5823679,572;13,52297289;52,47666948
2020;8;7;6;3;4;6;0;1;0;0;0;0;0;0;806511,8311;5829272,191;13,51929028;52,52712983
2020;8;16;4;2;3;6;0;1;0;0;0;0;0;1;789924,5044;5816390,079;13,26428279;52,42071338
2020;8;20;3;3;1;5;1;0;1;0;1;0;0;1;801641,5508;5822205,199;13,44131864;52,4665039
2020;8;14;3;3;2;6;0;0;1;0;1;0;0;0;783885,3953;5822793,381;13,1811603;52,48129396
2020;8;8;3;3;5;2;0;1;1;0;0;0;0;0;800718,0758;5827873,806;13,43288187;52,51782248
2020;8;8;6;3;0;2;0;1;1;0;0;0;0;0;800859,7738;5836035,662;13,4423606;52,59090003
2020;8;16;5;3;5;2;0;1;1;0;0;0;0;0;799003,3261;5830076,088;13,40966682;52,53850553
2020;8;15;2;3;1;5;0;0;1;0;1;0;0;0;788855,3061;5826000,98;13,25692259;52,50744504
2020;8;11;1;3;2;2;0;0;1;0;0;0;0;0;797877,9869;5833068,338;13,3958082;52,56594332
2020;8;9;6;3;6;4;0;0;1;1;0;0;0;0;801112,4968;5821519,468;13,43293562;52,4606493
2020;8;13;4;3;6;4;0;1;0;1;0;0;0;1;801947,4102;5826800,343;13,44997024;52,50752175
2020;8;16;3;3;6;7;0;1;0;1;0;0;0;1;794599,8452;5826086,352;13,34139516;52,50513866
2020;8;15;3;3;5;3;0;1;1;0;0;0;0;0;820195,3148;5819623,495;13,71105238;52,43281658
2020;8;20;7;3;1;5;0;1;1;0;0;0;0;1;793741,9227;5815705,194;13,31965708;52,4125379
2020;8;14;5;3;0;7;0;0;0;0;1;0;0;1;801261,982;5819678,316;13,43346836;52,44406406
2020;8;13;4;3;2;6;0;0;1;0;0;0;0;1;792457,3859;5826102,785;13,30993447;52,50643864
2020;8;9;3;3;5;2;0;1;1;0;0;0;0;0;800302,4465;5821982,72;13,42146559;52,46524738
2020;8;13;5;3;2;6;0;0;1;0;0;0;0;0;803990,0607;5819113,389;13,47296954;52,43749093
2020;8;15;2;3;0;3;0;0;1;0;1;0;0;0;818282,7933;5820684,974;13,68402639;52,44344372
2020;8;20;2;3;5;2;2;1;1;0;0;0;0;0;791990,9182;5825974,098;13,30296836;52,50553484
2020;8;14;4;3;0;4;0;0;0;1;0;0;1;0;795262,3161;5825276,254;13,35040889;52,49751864
2020;8;15;2;3;5;3;0;1;1;0;0;0;0;0;807728,2238;5817906,894;13,52667809;52,42458775
2020;8;13;1;2;6;4;0;0;1;1;0;0;0;0;805146,4349;5834428,985;13,50396508;52,57411278
2020;8;12;6;3;5;2;0;1;1;0;0;0;0;0;802575,4395;5823075,612;13,45581336;52,47378908
2020;8;17;3;3;1;1;0;1;1;0;0;0;0;0;798527,3567;5829148,968;13,40183708;52,53045615
2020;8;19;3;3;0;6;0;0;0;0;0;1;1;1;781832,1507;5827188,108;13,15472571;52,5217632
2020;8;20;3;3;0;3;2;1;1;0;0;0;0;1;802632,6974;5824457,519;13,45790803;52,48614341
2020;8;15;5;3;6;6;0;0;1;1;0;0;0;0;795189,3255;5820159,003;13,3448078;52,45168532
2020;8;10;4;3;5;3;0;1;1;0;0;0;0;1;801716,7173;5822139,085;13,44236199;52,46586981
2020;8;15;2;3;5;3;0;0;0;0;1;0;1;0;797864,2837;5826764,37;13,38995592;52,50944393
2020;8;19;4;3;2;6;0;1;1;0;0;0;0;0;801846,8964;5827409,648;13,44904633;52,51303861
2020;8;15;2;3;5;7;0;0;1;0;0;0;0;0;799269,3113;5823820,865;13,40795253;52,48229066
2020;8;11;4;3;8;1;0;0;1;0;0;0;0;1;796817,5237;5821004,775;13,36944913;52,45838528
2020;8;7;3;3;5;3;0;0;1;0;0;0;0;0;813402,2652;5828578,764;13,61987631;52,5169991
2020;8;8;5;1;6;4;0;0;1;1;0;0;0;0;785147,2166;5829364,306;13,20532044;52,53955129
2020;8;14;2;3;5;3;0;0;1;0;1;0;0;0;797947,6614;5827078,389;13,39146195;52,51221319
2020;8;8;2;3;1;5;0;1;1;0;0;0;0;0;802850,7205;5829223,064;13,4654444;52,52873558
2020;8;13;4;3;5;7;0;0;1;0;0;0;1;0;789552,4568;5826581,885;13,26767109;52,51228341
2020;8;14;2;3;5;3;0;0;1;0;0;0;0;0;800351,237;5819247,857;13,41972201;52,44070664
2020;8;19;7;3;5;2;0;1;1;0;0;0;0;0;799981,4599;5826939,37;13,42121623;52,50985244
2020;8;10;6;3;6;4;0;1;0;1;0;0;0;0;798557,4094;5828955,019;13,40210462;52,5287012
2020;8;10;3;3;5;2;0;0;1;0;1;0;0;1;803119,704;5826173,545;13,46661944;52,50125379
2020;8;12;3;2;6;7;0;1;0;1;0;0;0;0;792536,563;5838099,037;13,32167275;52,61393753
2020;8;8;3;3;1;5;0;1;1;0;0;0;0;0;798940,3868;5829963,831;13,40864059;52,53753384
2020;8;0;5;2;0;6;2;0;1;0;0;0;1;0;809050,8877;5831744,096;13,55889738;52,54784893
2020;8;8;4;3;5;3;0;0;1;0;0;0;0;0;780787,8784;5827485,992;13,13962647;52,52497301
2020;8;14;2;3;5;2;0;0;1;0;0;0;0;0;800021,2224;5833422,378;13,42765399;52,56793981
2020;8;18;4;3;1;5;0;1;1;0;0;0;0;0;806780,8049;5825680,645;13,51993231;52,4947905
2020;8;8;2;3;6;7;0;1;0;1;0;0;0;0;782959,4938;5815961,005;13,16177377;52,42051201
2020;8;13;3;3;2;6;0;0;1;0;0;1;0;0;789978,7617;5826211,621;13,27361275;52,50873746
2020;8;13;1;3;6;4;0;0;1;1;0;0;0;0;794194,5806;5823299,259;13,33298049;52,48037253
2020;8;13;6;2;5;3;0;1;1;0;0;0;0;0;797464,5125;5820309,898;13,37832426;52,45180465
2020;8;8;4;3;2;6;0;0;1;0;0;0;0;0;793971,4795;5824763,82;13,33099659;52,49362177
2020;8;13;7;3;1;5;0;1;1;0;0;0;0;1;803089,4908;5827070,865;13,46699257;52,50931313
2020;8;19;5;2;5;2;0;1;0;0;0;0;1;0;797763,3542;5829744,547;13,39114127;52,53621262
2020;8;13;3;3;1;5;0;1;1;0;0;0;0;0;791579,7398;5824953,318;13,2960337;52,49660355
2020;8;16;2;3;5;2;0;0;0;0;1;0;0;1;785395,2678;5830309,683;13,20978022;52,54789754
2020;8;19;6;3;0;3;0;1;1;0;0;0;0;0;784664,5474;5828832,959;13,19776768;52,53503961
2020;8;9;4;3;5;2;0;1;1;0;0;0;0;0;795901,4223;5831965,393;13,36574874;52,55713445
2020;8;16;7;3;0;1;0;1;0;0;0;0;0;0;800340,7004;5824370,922;13,42417766;52,48663284
2020;8;13;5;3;1;5;0;0;1;0;0;0;1;0;801598,9598;5823778,305;13,44211595;52,4806275
2020;8;18;4;3;5;2;0;1;1;0;0;0;0;1;800718,0341;5827873,451;13,43288093;52,51781931
2020;8;17;3;3;2;6;0;0;1;0;1;0;0;0;793894,5762;5825876,345;13,33084882;52,50363642
2020;8;12;5;2;3;6;0;0;1;0;0;1;1;0;786901,9018;5828191,38;13,23010941;52,52811425
2020;8;16;4;3;2;6;0;0;1;0;0;0;1;1;805900,8372;5819000,172;13,50088759;52,43541092
2020;8;13;2;2;5;7;0;1;1;0;0;0;0;0;801379,0281;5827330,105;13,44210073;52,51258436
2020;8;16;4;3;5;3;0;1;0;0;1;0;0;0;803726,9247;5818020,182;13,46811746;52,42783876
2020;8;11;2;3;5;2;0;1;0;0;0;0;1;0;795436,1307;5831605,226;13,35858485;52,5541585
2020;8;12;3;2;1;5;0;1;1;0;0;0;0;1;801593,1752;5817570,011;13,43642456;52,42498408
2020;8;16;1;3;6;4;0;0;1;1;0;0;0;0;793349,2432;5832695,884;13,32885682;52,56506368
2020;8;14;6;3;5;2;0;1;1;0;0;0;0;0;802060,9939;5832765,662;13,45705995;52,56092579