UJAHR;UMONAT;USTUNDE;UWOCHENTAG;UKATEGORIE;UART;UTYP1;ULICHTVERH;IstRad;IstPKW;IstFuss;IstKrad;IstGkfz;IstSonstige;USTRZUSTAND;LINREFX;LINREFY;XGCSWGS84;YGCSWGS84
2020;8;12;2;3;5;2;0;1;1;0;0;0;0;0;796635,4551;5826670,495;13,37181906;52,50927202
2020;9;15;3;3;6;2;0;0;1;1;0;0;0;0;803826,8682;5828648,875;13,47926508;52,52304618
2020;8;19;7;3;4;6;0;1;0;0;0;0;0;0;798692,6663;5825136,977;13,40066591;52,49440361
2020;8;19;7;3;3;6;0;0;1;0;1;0;0;0;800340,7969;5824371,149;13,42417928;52,48663482
2020;9;15;6;3;2;6;0;0;1;0;0;0;0;0;804177,6505;5829607,26;13,4852961;52,53144023
2020;9;9;4;3;5;3;0;0;1;0;0;1;0;0;802580,3833;5833491,577;13,46536053;52,56714365
2020;8;18;7;3;3;6;0;0;1;0;0;0;1;0;789606,3596;5829309,092;13,27083823;52,53670471
2020;9;18;2;3;5;2;0;1;1;0;0;0;0;0;812045,3155;5821381,18;13,59320595;52,45327763
2020;9;22;5;2;5;3;2;1;1;0;0;0;0;1;794192,953;5823102,399;13,3327829;52,47860866
2020;8;18;7;3;4;6;0;1;0;0;0;0;1;0;798276,8712;5827905,954;13,39704054;52,5194513
2020;8;18;7;3;1;7;0;0;1;0;0;1;0;0;804553,6359;5818089,162;13,48030169;52,42799748
2020;9;14;7;3;5;2;0;1;1;0;0;0;0;0;793421,779;5821329,897;13,31990138;52,46313366
2020;9;9;4;3;0;5;0;1;1;0;0;0;0;0;797003,4262;5828602,256;13,37894959;52,52638793
2020;8;17;7;3;2;6;0;0;1;0;1;0;0;0;793806,2196;5825837,914;13,32951692;52,50333949
2020;9;16;6;3;5;2;0;1;1;0;0;0;0;0;791824,4937;5824300,365;13,29905684;52,49061909
2020;8;17;7;2;1;5;0;1;1;0;0;0;0;0;796329,4935;5832078,838;13,37214584;52,5579186
2020;8;16;2;3;0;7;0;1;0;0;0;0;0;0;800361,8526;5824195,737;13,42433037;52,48505094
2020;9;12;2;3;5;2;0;0;1;0;0;0;1;0;802372,6531;5817751,775;13,44801749;52,4261831
2020;9;15;5;3;5;3;0;1;1;0;0;0;0;0;807255,3736;5824237,265;13,52557;52,48158779
2020;8;22;2;3;1;5;2;0;1;0;0;0;1;0;792499,2929;5832870,275;13,31650691;52,56708434
2020;8;16;7;2;0;1;0;1;0;0;0;0;0;0;788635,208;5816426,076;13,24540718;52,42171766
2020;9;16;7;3;0;2;0;0;1;0;1;0;0;0;797739,0365;5827587,95;13,38885276;52,5168947
2020;9;15;4;3;0;1;0;1;0;0;0;0;0;1;799042,0526;5830146,781;13,41029973;52,53911793
2020;8;8;2;3;5;2;0;1;0;0;0;0;1;0;803233,352;5827613,395;13,46960012;52,51409578
2020;8;17;7;3;2;6;0;0;1;0;0;0;0;0;784507,7511;5828664,672;13,19531818;52,53361262
2020;8;16;7;3;5;2;0;1;1;0;0;0;0;0;803903,8853;5818643,573;13,47127865;52,43332791
2020;9;13;6;3;2;6;0;0;1;0;0;0;0;0;797598,4489;5819537,746;13,3796015;52,44481018
2020;8;7;6;3;2;6;0;0;1;0;0;1;0;1;809659,6462;5821487,159;13,55830908;52,455584
2020;9;14;3;3;2;6;0;0;1;0;0;0;0;0;800588,5117;5829867,537;13,43278047;52,53576421
2020;8;20;6;3;1;5;1;1;1;0;0;0;0;0;795958,6108;5828339,572;13,36335992;52,52460141
2020;9;20;2;3;5;2;2;0;1;0;1;0;0;0;803197,6407;5822713,687;13,46461695;52,47020017
2020;9;19;5;3;5;2;1;1;1;0;0;0;0;0;796782,0836;5817859,749;13,36613555;52,43021205
2020;8;21;6;3;0;7;2;1;0;0;0;0;0;0;804459,0281;5826344,957;13,48644617;52,50204451
2020;9;15;1;3;1;5;0;1;1;0;0;0;0;0;799790,5383;5820466,614;13,41259145;52,45193876
2020;9;12;5;3;2;6;0;0;1;0;0;0;0;0;794270,1995;5824141,281;13,33483409;52,48788008
2020;8;21;2;2;5;2;1;0;1;0;0;0;0;0;791958,0178;5825248,438;13,30184875;52,49904702
2020;8;14;6;3;5;3;0;1;0;0;0;0;1;0;806428,7773;5825623,828;13,51471098;52,49447903
2020;9;17;7;3;6;7;1;0;1;1;0;0;0;0;797288,2363;5821353,412;13,37666704;52,46125463
2020;9;16;1;2;1;5;0;1;1;0;0;0;0;0;796376,6078;5815708,433;13,3582835;52,41114687
2020;9;13;5;3;5;3;0;1;1;0;0;0;0;0;794320,7991;5831319,09;13,3419281;52,55219737
2020;8;21;2;3;9;1;2;0;1;0;0;0;0;1;809755,4817;5832667,231;13,57011632;52,55572147
2020;8;20;6;3;5;2;1;0;1;0;0;0;0;0;783242,6738;5830286,145;13,17809999;52,54881004
2020;9;22;7;2;5;3;2;0;1;0;1;0;0;0;799984,952;5825439,292;13,4199161;52,49640469
2020;9;14;4;3;2;6;0;0;1;0;0;0;0;0;800193,513;5836563,986;13,43303379;52,59600358
2020;8;20;2;3;2;7;2;1;1;0;0;0;0;1;804475,5859;5830488,004;13,49048155;52,53916759
2020;8;10;6;3;6;4;0;0;0;1;1;0;0;1;809102,3275;5829460,574;13,55752959;52,52735558
2020;8;10;6;2;6;4;0;0;0;1;1;0;0;0;802556,5797;5829319,153;13,46120912;52,52976015
2020;9;12;6;3;1;5;0;1;0;0;0;0;1;1;800806,0359;5829557,436;13,4356972;52,5328647
2020;8;8;6;2;5;3;0;1;1;0;0;0;0;0;795461,0458;5817838,003;13,34674263;52,43073218
2020;9;14;3;3;2;6;0;0;1;0;0;0;0;0;791096,0544;5829125,304;13,292579;52,53426338
2020;8;8;6;3;5;2;0;1;1;0;0;0;0;0;795582,2286;5834570,624;13,36337583;52,58066113
2020;9;15;2;3;2;2;0;0;1;0;0;0;1;0;791585,0854;5825497,956;13,29658905;52,50148332
2020;9;18;5;3;2;6;0;0;1;0;0;0;0;0;803565,6817;5830204,288;13,47684747;52,53713236
2020;8;7;6;3;2;7;0;0;1;0;0;0;0;1;790491,3696;5819747,908;13,27551313;52,4505166
2020;9;13;1;3;6;4;0;0;1;1;0;0;0;0;791806,2466;5827957,562;13,30199469;52,52341506
2020;9;9;5;3;5;3;0;1;1;0;0;0;0;0;800698,0388;5827817,524;13,4325366;52,51732905
2020;8;19;2;3;5;2;0;0;1;0;0;0;0;0;798080,9682;5829990,503;13,3960308;52,53824367
2020;9;14;3;3;1;5;0;1;1;0;0;0;0;0;800067,9217;5831707,658;13,42679049;52,55254461
2020;8;7;6;3;0;1;0;0;0;0;1;0;0;1;810774,2376;5820317,312;13,57357125;52,44446774
2020;9;11;7;3;5;2;0;0;1;0;1;0;0;1;800308,4489;5816743,76;13,41684575;52,41828451
2020;9;12;4;3;0;7;0;1;0;0;0;0;0;0;805927,6504;5833734,574;13,51481644;52,56745082
2020;8;19;2;3;5;2;0;1;1;0;0;0;0;0;800364,5754;5824341,612;13,4245018;52,48635698
2020;8;7;6;3;5;2;0;0;1;0;0;0;0;1;810687,4985;5832002,182;13,58319719;52,54923089
2020;9;7;6;3;5;2;0;1;0;0;0;0;1;1;787989,1669;5829745,507;13,2474391;52,54147436
2020;8;6;6;3;5;3;0;0;1;0;0;0;1;1;791132,5595;5833989,538;13,29738204;52,57785094
2020;9;13;4;3;0;2;0;1;0;0;0;0;0;1;792956,9019;5825543,17;13,31678075;52,50115389
2020;8;19;2;3;2;6;0;0;1;0;0;0;0;0;783966,4831;5829064,542;13,18770158;52,53748018
2020;8;5;6;3;5;3;1;0;1;0;1;0;0;0;810608,9213;5825513,466;13,57598352;52,49112746
2020;9;10;6;3;2;6;0;0;1;0;1;0;0;1;789524,7611;5817477,45;13,25936213;52,43067379
2020;8;4;6;3;1;5;2;0;1;0;0;0;0;1;795297,8711;5821716,918;13,3477785;52,46559242
2020;9;13;2;3;2;2;0;0;1;0;0;0;0;0;792857,485;5824323,85;13,31424836;52,49027642
2020;9;17;5;3;6;7;0;1;0;1;0;0;0;0;795030,0722;5818104,967;13,34065759;52,43335797
2020;8;17;6;2;6;4;0;1;0;1;0;0;0;0;804460,6258;5830471,01;13,49024608;52,53902364
2020;9;10;1;2;5;3;0;1;1;0;0;0;0;0;798830,4411;5825606,763;13,40311069;52,4985392
2020;9;15;4;3;5;3;0;1;1;0;0;0;0;1;805764,4098;5819108,385;13,49898595;52,43645706
2020;8;18;2;3;2;6;0;1;1;0;0;0;0;0;791500,3995;5825700,872;13,29552263;52,50334769
2020;9;14;3;3;5;3;0;0;1;0;0;0;0;0;785501,796;5828664,819;13,20993344;52,53309413
2020;8;17;6;3;5;2;0;1;1;0;0;0;0;0;796461,8194;5831926,967;13,37395639;52,55648523
2020;9;15;7;3;5;3;0;0;1;0;0;0;0;0;792256,1048;5830678,542;13,31099926;52,54756686
2020;9;12;3;3;3;6;0;1;1;0;0;0;0;0;793230,7726;5825404,542;13,32068177;52,49976404
2020;8;17;6;2;5;2;0;0;1;0;0;0;0;0;793353,188;5829678,56;13,32624894;52,53801288
2020;9;21;6;2;1;5;2;0;1;0;0;0;1;0;808985,3346;5835278,678;13,56122516;52,57956169
2020;8;16;6;3;6;4;0;0;1;1;0;0;0;0;797372,1322;5835176,064;13,3902575;52,58511286
2020;9;7;3;3;5;3;0;1;1;0;0;0;0;0;792093,2608;5827960,802;13,30621591;52,52329042
2020;9;13;2;3;0;1;0;0;0;0;1;0;0;1;797772,4444;5829743,946;13,39127436;52,53620227
2020;9;8;5;3;3;6;0;1;1;0;0;0;0;1;803648,0065;5827400,643;13,47549768;52,51195826
2020;8;16;6;3;1;5;0;1;1;0;0;0;0;0;804688,8849;5826325,918;13,48980458;52,50174558
2020;9;18;1;3;2;6;0;1;1;0;0;0;0;0;807291,3136;5818301,742;13,52063561;52,42837203
2020;9;9;2;3;5;3;0;1;0;0;0;0;0;0;795625,7665;5824168,751;13,35476452;52,48739398
2020;9;15;5;2;6;7;0;0;0;1;1;0;0;0;803108,0671;5822769,383;13,46335291;52,47074908
2020;8;15;6;3;1;5;0;1;1;0;0;0;0;0;809031,8525;5817149,36;13,54508945;52,41706408
2020;9;2;1;2;0;1;2;0;0;0;0;0;1;0;797829,347;5825641,792;13,3884385;52,49940044
2020;9;18;4;2;2;6;0;1;1;0;0;0;0;1;795692,4951;5825469,599;13,35689892;52,49901891
2020;8;17;2;3;2;2;0;0;1;0;0;0;0;0;796594,1724;5818367,599;13,36383028;52,43486644
2020;9;13;3;3;5;2;0;1;1;0;0;0;0;0;800985,7685;5817121,239;13,42711486;52,42129598
2020;8;14;6;3;5;2;0;1;1;0;0;0;0;0;794345,8797;5825262,294;13,33693583;52,49788854
2020;8;14;6;3;2;6;0;0;1;0;0;0;0;0;795907,367;5831900,031;13,3657779;52,55654532
2020;9;14;6;3;4;6;0;1;1;0;0;0;0;0;801384,8782;5831287,023;13,44577384;52,54804735
2020;8;14;6;3;2;2;0;0;1;0;0;0;1;0;789808,1128;5833674,678;13,27761614;52,5757352
2020;9;18;2;3;5;3;0;1;1;0;0;0;0;0;797752,8708;5827446,692;13,38892963;52,51562095
2020;9;21;5;3;0;1;2;0;0;0;1;0;0;1;791413,1417;5826076,441;13,29456947;52,50676125
2020;8;14;6;3;5;2;0;1;1;0;0;0;0;0;798022,2547;5824881,359;13,39059156;52,49247877
2020;8;17;2;3;0;6;0;0;1;0;1;0;0;1;797237,8171;5831337,695;13,38484136;52,55078015
2020;9;11;1;3;0;7;0;0;1;0;0;0;0;0;794722,2086;5820002,404;13,33781567;52,45053353
2020;9;15;5;3;5;2;0;1;1;0;0;0;0;0;789906,9135;5835688,688;13,28083204;52,59373812
2020;8;17;2;2;0;1;0;1;0;0;0;0;0;1;790638,435;5834420,836;13,29048874;52,5819816
2020;8;14;6;3;5;3;0;0;1;0;1;0;0;0;795863,6659;5835597,2;13,36843386;52,58971033
2020;9;22;7;3;5;2;2;0;1;0;0;0;0;0;813005,9759;5827608,713;13,61314286;52,50853402
2020;9;20;4;2;5;7;2;1;1;0;0;0;0;0;809388,9909;5821483,175;13,55433491;52,45570156
2020;8;17;2;3;5;3;0;1;1;0;0;0;0;0;795206,1296;5818159,403;13,34328784;52,43375098
2020;8;13;6;3;5;3;0;1;1;0;0;0;0;0;802071,5243;5821975,432;13,44742082;52,46420692
2020;8;13;6;3;1;5;0;1;1;0;0;0;0;0;794310,7582;5822133,13;13,33365723;52,46985617
2020;9;12;6;3;6;2;0;0;1;1;0;0;0;0;801255,068;5821557,78;13,43506228;52,46091412
2020;8;13;6;3;2;6;0;0;1;0;0;0;0;1;793276,1983;5826750,505;13,32253473;52,51180564
2020;9;18;3;3;1;5;0;1;1;0;0;0;0;0;798347,9124;5832989,803;13,40265006;52,56498205
2020;8;13;6;3;2;6;0;0;1;0;1;0;0;0;797332,9116;5827148,525;13,38249262;52,51317732
2020;9;16;4;2;6;4;0;0;1;1;0;0;0;1;791443,4804;5825071,231;13,2941354;52,49773341
2020;8;17;2;3;0;4;0;1;0;1;0;0;0;1;805656,7413;5828184,007;13,50572504;52,51785722
2020;8;12;6;3;1;7;0;0;1;0;0;0;1;0;805011,4314;5828185,101;13,49624531;52,5182283
2020;8;12;6;2;5;2;0;0;1;0;1;0;0;0;798083,8272;5836094,808;13,40155758;52,59295857
2020;9;14;6;3;2;7;0;0;1;0;1;0;0;0;800637,8373;5832183,885;13,43560216;52,55649885
2020;8;11;6;3;1;5;0;1;1;0;0;0;0;0;801352,6666;5824182,281;13,4388654;52,48438439
2020;8;11;6;3;5;2;0;1;1;0;0;0;0;0;798049,6331;5827987,913;13,39377486;52,52031021
2020;9;18;2;3;5;7;0;0;1;0;0;0;1;0;810449,5645;5821226,842;13,56965487;52,45280307
2020;9;21;5;3;5;7;2;0;0;0;1;0;1;1;797248,9512;5829088,886;13,38299312;52,53061619
2020;8;10;6;3;0;1;0;0;0;0;1;0;0;1;813978,578;5831195,546;13,63081263;52,54011607
2020;9;16;1;3;5;3;0;1;1;0;0;0;0;0;811209,7827;5831793,538;13,59067945;52,54706308
2020;9;13;5;3;5;3;0;0;1;0;1;0;0;0;795329,0676;5826171,526;13,35218331;52,50550796
2020;8;17;2;3;5;2;0;1;1;0;0;0;0;1;809084,08;5829215,133;13,55703334;52,52516636
2020;8;10;6;3;6;4;0;0;1;1;0;0;0;0;797576,5522;5832757,387;13,39109522;52,56332091
2020;9;20;7;3;1;5;2;1;1;0;0;0;0;0;798475,6385;5829094,315;13,40102786;52,52999458
2020;9;14;4;3;5;3;0;0;1;0;0;0;0;1;796204,4772;5831517,22;13,369806;52,55295231
2020;8;17;2;3;5;3;0;0;1;0;0;0;0;1;791703,5805;5839260,919;13,31042982;52,62480103
2020;8;8;5;3;3;6;0;0;1;0;0;0;0;0;801968,751;5829058,345;13,45233316;52,52774846
2020;8;7;5;3;0;5;0;1;0;0;0;0;1;0;797114,1113;5829009,763;13,38094048;52,52998047
2020;9;11;6;3;1;5;0;1;0;0;0;0;1;1;798802,0908;5828233,955;13,40505285;52,52210384
2020;8;12;5;3;5;2;0;1;1;0;0;0;0;1;802702,7411;5820777,207;13,45559736;52,45311786
2020;9;22;2;3;5;3;2;0;1;0;0;0;1;0;794496,3042;5830686,89;13,34394846;52,54643529
2020;9;17;5;2;6;4;0;0;1;1;0;0;0;0;804334,2395;5841181,039;13,49822528;52,63508183
2020;8;18;5;3;5;2;0;1;1;0;0;0;0;0;795247,5102;5826041,816;13,35087016;52,50438934
2020;9;12;1;2;5;3;0;1;1;0;0;0;0;0;786933,1021;5825764,397;13,22847484;52,50633832
2020;9;8;5;3;5;3;0;1;1;0;0;0;0;0;798947,2057;5825237,276;13,40449403;52,4951633
2020;8;16;2;3;2;6;0;0;1;0;0;0;0;0;784861,1921;5831872,589;13,20326653;52,56218997
2020;9;15;2;3;5;2;0;0;1;0;0;0;0;0;795248,2575;5826624,227;13,35139769;52,50960982
2020;9;18;5;3;5;2;0;1;1;0;0;0;0;0;810190,6069;5831660,753;13,5755737;52,54645435
2020;8;14;5;2;5;3;0;0;1;0;0;0;1;0;804062,2253;5827621,985;13,48178484;52,51371134
2020;9;14;1;3;2;2;0;0;1;0;0;0;0;0;803112,9006;5820948,894;13,46177062;52,4544294
2020;9;11;5;3;5;3;0;0;1;0;0;0;0;0;789360,4962;5826200,97;13,26451915;52,50897028
2020;8;16;2;3;2;6;0;0;1;0;0;0;0;0;808576,0499;5819231,484;13,54032937;52,43598139
2020;8;20;5;3;2;2;1;0;1;0;0;0;0;0;793070,5167;5816630,762;13,31062455;52,42119536
2020;9;12;7;3;0;2;0;1;1;0;0;0;0;1;804853,2076;5831718,252;13,49716123;52,54998249
2020;9;8;4;3;0;2;0;1;1;0;0;0;0;0;803208,3949;5822725,478;13,4647855;52,47029988
2020;8;16;2;3;1;5;0;1;1;0;0;0;0;0;798985,8269;5830044,877;13,40938149;52,53823537
2020;8;20;5;3;0;3;1;0;1;0;1;0;0;0;791233,2844;5838487,847;13,30282081;52,61812305
2020;9;9;6;3;0;1;0;0;0;0;1;0;0;1;797911,5516;5828063,617;13,3918136;52,52106425
2020;8;19;5;3;5;3;0;1;1;0;0;0;0;0;790976,4666;5817443,504;13,2806249;52,42959923
2020;9;18;3;3;3;7;0;1;0;0;0;0;0;0;794027,8998;5828242,357;13,33489804;52,52477457
2020;9;11;2;2;3;6;0;1;0;0;0;0;0;0;787922,5256;5818466,518;13,23671279;52,44038713
2020;9;16;5;3;0;3;0;0;1;0;1;0;0;0;799636,2726;5832820,359;13,42144766;52,56275575
2020;8;19;5;2;5;2;0;1;1;0;0;0;0;0;794482,8013;5824874,446;13,33860409;52,49433784
2020;9;19;4;3;2;6;2;0;1;0;0;0;1;1;803610,4955;5826395,604;13,47403002;52,50297122
2020;8;15;2;3;5;2;0;1;0;0;0;0;1;0;798925,572;5821223,18;13,40057821;52,45919409
2020;9;21;3;2;5;2;2;0;1;0;0;0;0;0;785968,8447;5829214,661;13,2172733;52,53777903
2020;8;15;5;3;0;1;0;1;0;0;0;0;0;0;802954,3606;5827086,481;13,46502177;52,50952814
2020;9;14;7;3;6;7;0;0;1;1;0;0;0;0;799476,6548;5827970,237;13,41472805;52,51936995
2020;8;11;5;3;0;2;0;1;0;0;0;0;0;0;797699,8516;5827039,386;13,38778622;52,51199887
2020;9;20;3;3;5;3;1;1;1;0;0;0;0;0;797045,0527;5826532,024;13,37771301;52,5078079
2020;8;17;5;3;2;7;0;0;1;0;1;0;0;0;789996,2909;5820161,365;13,26860746;52,45448622
2020;9;3;7;2;1;5;2;0;1;0;1;0;0;0;802059,5685;5824705,563;13,44971808;52,48868402
2020;9;7;4;3;6;4;0;0;1;1;0;0;0;1;810378,118;5819833,253;13,56731223;52,44035473
2020;8;17;5;3;1;5;0;0;1;0;1;0;0;0;806921,1235;5825682,415;13,52199432;52,49472748
2020;9;6;6;3;5;3;1;1;0;0;1;0;0;1;791876,3218;5826453,086;13,30170476;52,50989021
2020;8;16;5;3;0;2;0;1;1;0;0;0;0;0;806852,6363;5832683,239;13,52744872;52,55750818
2020;9;0;2;2;1;5;2;1;1;0;0;0;0;0;799544,6381;5831029,439;13,41848387;52,54675351
2020;9;15;5;3;5;2;0;1;1;0;0;0;0;0;801586,6002;5820162,861;13,43866738;52,44822823
2020;8;16;5;2;5;3;0;0;1;0;0;0;0;0;799475,7992;5835669,441;13,42166073;52,58838124
2020;9;19;1;3;5;7;1;0;1;0;1;0;0;0;798477,0563;5821892,324;13,39459496;52,46543731
2020;9;17;4;3;2;6;0;0;1;0;0;0;0;1;802293,6928;5820670,924;13,44949995;52,45239159
2020;8;14;2;3;5;2;0;1;0;0;0;1;0;0;799496,7332;5828788,317;13,41575977;52,52669175
2020;9;19;3;3;5;2;1;1;0;0;0;0;0;0;799523,8781;5826694,191;13,4142734;52,50790621
2020;8;16;5;2;6;6;0;1;0;1;0;0;0;0;811522,2375;5831530,454;13,59502566;52,54452696
2020;8;16;5;3;5;7;0;1;0;0;1;0;0;0;792906,7064;5826965,523;13,31729494;52,51393174
2020;9;16;6;3;5;2;0;1;1;0;0;0;0;0;798893,2785;5827354,624;13,40560284;52,51417192
2020;8;16;5;3;5;2;0;1;0;0;1;0;0;0;797765,031;5823656,347;13,38571966;52,48163831
2020;9;16;2;3;8;1;0;0;1;0;0;0;0;0;803912,542;5828426,258;13,48032055;52,52100319
2020;9;7;5;3;5;3;0;1;1;0;0;0;0;0;791560,9806;5838308,071;13,30748899;52,6163357
2020;8;16;5;3;0;2;0;1;1;0;0;0;0;0;798447,5524;5830182,053;13,40159182;52,53976
2020;9;16;1;3;5;2;0;0;1;0;0;0;0;0;780873,0765;5828322,24;13,14158548;52,53242747
2020;9;15;5;3;2;6;0;0;1;0;0;0;0;0;804163,5929;5829699,483;13,48517389;52,53227464
2020;8;14;2;3;6;4;0;0;0;1;0;0;1;0;793349,1617;5833646,583;13,32969647;52,57358618
2020;8;7;5;3;0;3;0;0;1;0;1;0;0;1;805575,184;5818590,921;13,49573807;52,43192499
2020;9;10;6;3;5;2;0;1;1;0;0;0;0;0;804670,0527;5822166,408;13,48572668;52,46447593
2020;8;7;5;3;5;2;0;1;1;0;0;0;0;0;797478,5292;5824554,602;13,38231493;52,48984635
2020;8;12;2;3;5;2;0;0;1;0;1;0;0;0;792912,2238;5833869,787;13,32346463;52,57582242
2020;9;12;2;3;5;2;0;1;1;0;0;0;0;0;795483,4301;5828417,929;13,35644591;52,52556154
2020;9;6;5;3;0;5;0;0;1;0;1;0;0;1;797553,6425;5824017,873;13,38293875;52,48499423
2020;8;12;2;3;5;7;0;1;1;0;0;0;0;0;797457,4088;5825350,348;13,38271524;52,49699083
2020;8;0;5;3;2;2;2;1;1;0;0;0;0;1;800302,0124;5821985,974;13,42146215;52,46527678
2020;9;1;7;3;3;6;2;1;1;0;0;0;0;0;792716,6413;5836930,827;13,32329144;52,60336825
2020;9;15;4;3;4;6;0;1;0;0;0;0;0;0;806134,3778;5832015,607;13,51627137;52,55192897
2020;8;11;2;2;5;2;0;0;1;0;1;0;0;0;793340,975;5829718,481;13,32610463;52,53837732
2020;8;15;5;3;2;6;0;0;1;0;0;0;1;0;787582,402;5828025,375;13,23996937;52,52626735
2020;8;7;5;3;6;7;0;0;0;1;0;0;1;0;794655,0997;5826066,816;13,34218959;52,5049337
2020;9;14;6;2;6;4;0;0;1;1;0;0;0;0;811232,0625;5829529,076;13,5888863;52,52675788
2020;8;14;5;3;1;5;0;1;1;0;0;0;0;0;795576,5705;5835066,248;13,3637346;52,58510698
2020;8;0;5;3;5;3;2;0;1;0;0;0;0;1;798705,9571;5816009,141;13,39269657;52,41257641
2020;9;16;2;3;5;3;0;1;1;0;0;0;0;0;793919,6434;5825518,39;13,33090111;52,50041404
2020;9;20;5;3;5;2;2;1;1;0;0;0;0;0;794393,3803;5827610,607;13,33971042;52,51891412
2020;8;14;5;3;2;6;0;0;1;0;0;0;0;1;785121,4665;5831162,785;13,20648593;52,55568973
2020;9;15;1;3;0;1;0;0;1;0;1;0;0;0;790450,1825;5826694,14;13,28096045;52,51281249
2020;9;13;5;3;5;2;0;1;1;0;0;0;0;0;797874,6333;5836022,591;13,39841355;52,59242586
2020;8;11;2;3;5;3;0;0;1;0;0;0;0;0;798041,4138;5827396,565;13,39312432;52,51501402
2020;8;14;5;3;5;3;0;1;1;0;0;0;0;0;789000,648;5829788,258;13,26234944;52,54132209
2020;9;18;7;3;2;7;0;0;0;0;1;0;1;1;797854,7596;5828173,628;13,39107756;52,52208138
2020;9;9;4;2;5;2;0;1;1;0;0;0;0;0;811232,08;5827786,675;13,58725653;52,51114364
2020;8;10;2;3;5;3;0;1;1;0;0;0;0;0;799592,9374;5816418,432;13,40606481;52,41576049
2020;8;13;5;3;5;2;0;0;1;0;0;0;0;0;795321,433;5828227,271;13,3538957;52,52394023
2020;9;10;6;3;6;7;0;0;1;1;0;0;0;1;806296,9774;5826844,033;13,51389786;52,50548884
2020;9;22;7;3;5;2;2;1;0;0;1;0;0;0;798234,4931;5829042,013;13,39743663;52,52965774
2020;9;14;4;3;5;3;0;0;1;0;0;0;0;1;790829,9299;5821169,235;13,28171912;52,46307899
2020;8;10;2;3;5;5;0;1;1;0;0;0;0;0;806586,5664;5817657,397;13,50971225;52,42299248
2020;8;13;5;3;0;1;0;1;0;0;0;0;0;0;784056,4221;5832420,351;13,19189537;52,56752168
2020;8;13;5;3;8;1;0;0;1;0;0;0;0;0;789653,0753;5815580,141;13,25960148;52,41359564
2020;9;12;6;3;0;3;0;1;0;0;1;0;0;1;791421,331;5838754,708;13,30582574;52,62041454
2020;8;12;5;3;5;2;0;0;1;0;0;0;1;0;797337,8939;5820567,959;13,37669626;52,4541868
2020;8;12;5;3;6;4;0;0;1;1;0;0;0;0;802580,1619;5823089,059;13,45589488;52,473907
2020;9;15;2;3;5;3;0;0;1;0;0;0;0;0;790501,8668;5818059,442;13,27419922;52,4353735
2020;9;18;5;2;2;6;0;0;1;0;0;0;0;0;799822,9323;5823662,717;13,41593834;52,48056941
2020;8;11;5;3;6;2;0;0;0;1;0;1;0;0;793783,2732;5821190,929;13,3250847;52,46169363
2020;9;13;1;2;3;6;0;0;1;0;0;0;1;0;793964,4794;5824928,09;13,33103874;52,49509814
2020;9;9;5;3;5;3;0;1;1;0;0;0;0;0;794210,3321;5822753,262;13,33273003;52,47546945
2020;8;10;2;3;1;5;0;1;1;0;0;0;0;0;800172,0717;5826858,347;13,42394336;52,50902135
2020;8;10;5;3;4;6;0;0;1;0;0;0;0;0;794309,519;5836347,666;13,34622569;52,59728076
2020;9;12;7;3;2;6;0;1;1;0;0;0;0;1;791796,9908;5825874,61;13,30003207;52,5047467
2020;9;8;4;3;0;1;0;1;0;0;0;0;0;1;808742,4717;5817407,91;13,54108642;52,41954453
2020;8;10;2;2;5;3;0;0;1;0;1;0;0;0;796683,4237;5830127,775;13,37560818;52,5402368
2020;8;9;5;3;2;6;0;0;1;0;0;0;0;0;791016,0009;5823087,832;13,286124;52,4801803
2020;9;8;6;3;3;6;0;0;1;0;1;0;0;1;800592,5939;5825709,203;13,42908351;52,49848967
2020;8;8;5;3;5;2;0;1;1;0;0;0;0;0;789791,1122;5827395,278;13,27188644;52,51944888
2020;9;11;2;3;5;3;0;0;1;0;0;0;0;0;801309,4673;5822235,949;13,43647279;52,46696276
2020;9;16;5;3;2;2;0;0;1;0;0;0;0;0;797344,5681;5818664,392;13,37510004;52,43711952
2020;8;7;5;3;5;2;0;1;0;0;0;1;0;0;800306,7508;5816730,757;13,41680919;52,41816889
2020;8;7;5;2;5;3;0;0;1;0;0;0;0;0;798309,7499;5824992,139;13,39491272;52,49331474
2020;9;13;2;3;5;3;0;1;1;0;0;0;0;0;791307,3389;5838640,03;13,30404562;52,61944762
2020;9;17;5;3;6;4;0;1;0;1;0;0;0;0;792197,3821;5822341,427;13,30281636;52,47285804
2020;8;5;5;3;5;2;2;1;1;0;0;0;0;0;798930,2817;5828390,939;13,40707771;52,52344071
2020;9;11;1;2;5;2;0;1;1;0;0;0;0;0;797864,2622;5827633,13;13,39073323;52,51723131
2020;9;16;4;3;6;4;0;0;1;1;0;0;0;1;787968,4152;5829844,088;13,24721941;52,54236915
2020;8;10;2;3;6;4;0;0;1;1;0;0;0;0;803816,2534;5829074,119;13,47949759;52,52686342
2020;9;12;3;3;5;3;0;1;1;0;0;0;0;0;797379,483;5827721,383;13,38368886;52,51828695
2020;8;18;4;3;3;6;0;1;1;0;0;0;0;0;791287,866;5825003,313;13,29179017;52,49720761
2020;9;0;7;3;0;2;2;0;1;0;1;0;0;0;796124,7189;5828424,232;13,36587654;52,52527011