UJAHR;UMONAT;USTUNDE;UWOCHENTAG;UKATEGORIE;UART;UTYP1;ULICHTVERH;IstRad;IstPKW;IstFuss;IstKrad;IstGkfz;IstSonstige;USTRZUSTAND;LINREFX;LINREFY;XGCSWGS84;YGCSWGS84
2020;9;11;4;2;5;3;0;0;1;0;0;1;0;1;799297,169;5835997,204;13,41932797;52,59141739
2020;9;18;3;3;3;6;0;1;0;0;0;0;1;0;805607,2917;5818661,021;13,49627294;52,43253533
2020;8;9;4;3;5;2;0;1;1;0;0;0;0;0;798120,3268;5829344,407;13,39602983;52,53243075
2020;9;13;6;3;2;6;0;0;1;0;0;0;0;0;786281,2851;5829136,342;13,2217999;52,5369128
2020;8;11;4;3;5;2;0;1;1;0;0;0;0;0;802599,3722;5827777,659;13,46043556;52,51592014
2020;9;18;3;3;2;6;0;0;1;0;0;0;0;0;795709,8345;5822610,759;13,35461722;52,47338224
2020;9;13;2;3;5;2;0;1;1;0;0;0;0;0;799547,4122;5837797,44;13,42463969;52,60741556
2020;9;8;5;3;5;2;0;1;0;0;0;0;1;1;795509,1247;5818340,199;13,34789161;52,4352081
2020;8;16;4;3;5;2;0;1;1;0;0;0;0;1;797013,6704;5831489,619;13,38168117;52,55226423
2020;9;18;1;3;1;5;0;1;1;0;0;0;0;0;802764,9265;5831624,364;13,46637163;52,55030566
2020;9;17;4;3;5;3;0;0;1;0;0;0;0;1;792980,6063;5826257,846;13,31775785;52,50754798
2020;8;16;2;3;1;5;0;0;1;0;1;0;0;1;785411,3579;5832758,391;13,2121228;52,56984376
2020;8;23;4;2;8;1;2;0;0;0;1;0;0;1;805675,2903;5821395,475;13,49977159;52,45700503
2020;8;21;4;3;2;6;2;1;1;0;0;0;0;1;802669,1261;5818084,621;13,45266564;52,42900253
2020;9;13;6;3;5;2;0;0;1;0;0;0;0;0;795408,5009;5825823,96;13,35304186;52,50234929
2020;9;11;4;3;5;2;0;1;1;0;0;0;0;1;802662,1358;5824422,247;13,45830821;52,48581095
2020;9;14;5;2;1;5;0;1;0;0;0;0;1;0;799856,0833;5825998,924;13,41852735;52,50149175
2020;9;17;4;3;2;6;0;0;1;0;0;0;0;0;793710,6275;5821026,407;13,32387375;52,4602578
2020;9;22;5;3;5;2;2;0;1;0;0;0;0;0;807651,8776;5819367,012;13,52690216;52,4377166
2020;9;17;1;3;5;2;0;1;1;0;0;0;0;0;795349,7342;5818442,672;13,34564432;52,4362128
2020;9;9;3;3;2;7;0;0;1;0;0;0;1;0;802688,3599;5828127,659;13,46206138;52,51900778
2020;9;14;7;3;3;6;0;1;1;0;0;0;0;0;798939,3892;5829623,342;13,40831965;52,53448241
2020;9;15;4;3;3;6;0;1;1;0;0;0;0;0;802911,1195;5837599,097;13,47397993;52,60377406
2020;9;14;6;3;5;2;0;1;1;0;0;0;0;0;794980,925;5823818,858;13,34498562;52,48460621
2020;9;16;4;3;4;6;0;1;0;0;0;0;0;0;809678,2605;5821383,648;13,55848615;52,45464581
2020;9;8;2;2;5;2;0;1;0;0;0;1;0;0;799648,8558;5827040,005;13,41642065;52,51093728
2020;9;16;4;3;5;3;0;1;0;0;1;0;0;0;805881,6143;5834145,813;13,51451857;52,57116228
2020;9;12;1;3;0;7;0;0;1;0;0;0;1;0;795672,8883;5824092,31;13,35538867;52,48668323
2020;9;18;3;3;2;6;0;1;1;0;0;0;0;0;790975,0926;5824822,844;13,28703819;52,49575655
2020;9;21;6;3;0;1;2;0;0;0;1;0;0;0;793270,5882;5825637,89;13,32147212;52,50183451
2020;9;17;2;3;2;6;0;0;1;0;0;0;0;0;790334,4739;5814651,252;13,26878638;52,40490683
2020;9;12;3;3;1;5;0;1;1;0;0;0;0;0;801507,8609;5817671,192;13,43526487;52,42593802
2020;9;9;6;3;5;2;0;1;1;0;0;0;0;0;793492,3133;5832428,305;13,33072481;52,56258789
2020;9;20;2;2;4;6;1;0;1;0;0;0;0;0;796757,4301;5823863,378;13,3711102;52,48404266
2020;9;7;6;3;6;7;0;1;0;1;0;0;0;0;799570,1358;5829303,191;13,41730243;52,53126645
2020;9;15;4;3;4;6;0;0;1;0;0;0;0;0;787908,7357;5835939,179;13,25163291;52,59704534
2020;9;10;2;3;6;3;0;0;1;1;0;0;0;0;790252,236;5835562,787;13,28580531;52,59242524
2020;9;14;4;3;3;6;0;1;0;0;0;0;0;0;810605,6218;5820304,053;13,57108603;52,44444472
2020;9;7;1;3;1;5;0;0;1;0;0;0;0;0;810700,8676;5819133,855;13,57139514;52,4339037
2020;9;16;3;3;0;7;0;0;1;0;1;0;0;0;801642,031;5822561,223;13,44164753;52,46969476
2020;9;18;6;2;6;4;0;0;1;1;0;0;0;0;787305,5171;5830193,943;13,23777411;52,54585575
2020;9;18;2;3;1;5;0;1;1;0;0;0;0;0;800383,0133;5827143,923;13,42729987;52,51146496
2020;9;12;5;3;1;5;0;1;1;0;0;0;0;0;806038,9869;5826401,274;13,50970173;52,50166546
2020;9;21;4;2;5;3;2;1;1;0;0;0;0;0;796050,3748;5822865,708;13,35984255;52,47548319
2020;9;20;5;3;5;3;1;0;1;0;1;0;0;0;800787,2124;5825827,322;13,43204847;52,49944118
2020;9;12;1;3;5;3;0;0;1;0;0;0;0;0;788247,8865;5818931,757;13,24188749;52,44438689
2020;9;13;4;3;4;2;0;0;1;0;1;0;0;0;802918,1897;5818387,495;13,45659202;52,43157937
2020;9;2;6;3;1;5;2;0;1;0;0;0;1;0;798282,7677;5824733,492;13,39428492;52,49101103
2020;9;13;4;3;0;2;0;1;1;0;0;0;0;0;793988,5591;5826151,233;13,33247219;52,50605002
2020;9;13;2;3;0;2;0;1;1;0;0;0;0;0;804370,7764;5830843,358;13,48926649;52,54241101
2020;9;13;4;3;5;3;0;0;1;0;1;0;1;0;798312,9057;5825200,565;13,3951457;52,49518129
2020;9;14;7;2;5;3;0;1;1;0;0;0;0;0;783928,7795;5815910,226;13,17594591;52,41955465
2020;9;15;3;2;6;4;0;0;1;1;0;0;0;0;796305,2821;5820714,558;13,36167462;52,45606168
2020;9;13;6;2;2;2;0;0;1;0;1;0;0;0;796053,6531;5825371,707;13,36211667;52,49794559
2020;9;15;2;3;0;3;0;1;0;0;1;0;0;0;798916,6567;5827328,54;13,40592289;52,5139253
2020;9;15;5;3;1;5;0;0;1;0;0;0;1;0;797946,2008;5828461,725;13,3926794;52,52461385
2020;9;20;4;3;5;2;2;0;1;0;0;0;1;0;804385,8258;5821737,983;13,48116515;52,46079448
2020;9;20;5;3;6;4;1;0;1;1;0;0;0;0;797633,8703;5832814,004;13,3919891;52,56379706
2020;9;20;1;3;5;3;2;0;1;0;0;0;0;0;798943,7122;5825242,128;13,40444708;52,49520871
2020;9;9;3;3;5;3;0;0;1;0;0;0;0;0;794197,2911;5816848,997;13,32733839;52,42254718
2020;9;15;7;3;3;6;0;0;1;0;1;0;0;0;809160,972;5821551,172;13,55105284;52,45643995
2020;9;11;4;3;0;7;0;1;0;0;0;0;0;0;800128,2524;5828992,342;13,42522485;52,52817321
2020;9;7;6;3;5;2;0;1;1;0;0;0;0;0;799148,5499;5829204,984;13,41101761;52,5306177
2020;9;18;7;2;5;3;0;1;1;0;0;0;0;0;789262,3862;5818040,434;13,25600084;52,43586001
2020;9;11;2;3;5;3;0;0;1;0;0;0;1;0;799231,9995;5831526,286;13,41433483;52,55137877
2020;9;14;6;3;0;3;0;0;1;0;0;0;1;0;806287,3092;5820686,25;13,50810026;52,45030605
2020;9;12;2;3;5;2;0;0;1;0;1;0;0;0;804487,3172;5827335,8;13,48776786;52,51090926
2020;9;13;5;3;6;4;0;0;1;1;0;0;0;0;795308,189;5827369,118;13,35293921;52,51625474
2020;9;11;4;3;2;2;0;1;0;0;0;0;1;0;795699,0743;5826298,223;13,35773141;52,50644328
2020;9;19;5;3;5;7;1;0;1;0;0;0;0;0;798603,6366;5821887,605;13,39644847;52,46532584
2020;9;16;1;3;2;6;0;0;1;0;0;0;0;0;793230,1484;5837707,379;13,33154021;52,6100528
2020;9;11;3;3;2;6;0;0;1;0;0;0;0;0;803635,233;5818088,257;13,46683484;52,42849981
2020;9;13;7;3;5;3;0;1;1;0;0;0;0;0;787007,8691;5830796,817;13,23391788;52,55141774
2020;9;10;4;3;5;2;0;0;1;0;0;0;1;0;808468,3612;5831152,214;13,54978419;52,54287477
2020;9;5;6;3;5;3;2;1;1;0;0;0;0;0;798140,3049;5835471,459;13,40182787;52,58734022
2020;9;9;4;3;5;2;0;0;1;0;0;0;0;0;804106,1102;5823595,016;13,47875344;52,47759436
2020;9;7;2;3;5;3;0;1;0;0;0;0;1;0;805759,7655;5816788,609;13,49679738;52,41566845
2020;9;9;4;3;6;4;0;0;0;1;0;0;1;0;784033,8992;5828716,274;13,18839522;52,53432244
2020;9;9;4;3;5;7;0;0;1;0;0;0;1;0;797654,738;5823925,329;13,38434051;52,48410957
2020;9;9;2;3;0;1;0;1;0;0;0;0;0;0;795369,1943;5820978,263;13,34817167;52,4589323
2020;9;11;5;2;1;5;0;1;1;0;0;0;0;0;799464,5833;5824930,863;13,41181679;52,49213314
2020;9;8;4;3;2;2;0;0;1;0;0;0;0;0;782029,9981;5828289,466;13,15856821;52,53153618
2020;9;13;1;3;5;3;0;1;1;0;0;0;0;0;801613,1096;5825284,262;13,4436865;52,49411783
2020;9;17;3;2;0;1;0;1;0;0;0;0;0;0;803129,2822;5829953,661;13,47020435;52,53512894
2020;9;16;6;3;5;2;0;1;1;0;0;0;0;0;810528,7228;5820028,523;13,5697022;52,44201918
2020;9;18;2;2;5;2;0;0;1;0;1;0;0;0;802484,5332;5836784,983;13,46695634;52,5967149
2020;9;14;6;3;0;2;0;1;1;0;0;0;0;0;795899,65;5831965,086;13,3657224;52,55713266
2020;9;8;4;3;5;3;0;0;1;0;0;0;1;0;806543,3635;5820224,921;13,511433;52,44602792
2020;9;12;2;3;5;2;0;0;1;0;0;0;0;0;794831,2538;5819322,013;13,33881515;52,44437538
2020;9;8;4;2;2;6;0;0;1;0;0;0;1;0;792871,9509;5826981,032;13,31679789;52,51408943
2020;9;15;1;3;1;5;0;1;1;0;0;0;0;0;801798,9377;5824371,184;13,44558844;52,48583108
2020;9;15;3;2;5;2;0;0;1;0;1;0;0;0;793558,4246;5828923,473;13,32859935;52,5311334
2020;9;17;6;3;0;1;1;1;0;0;0;0;0;0;785143,7829;5833946,451;13,20920728;52,58063592
2020;9;11;1;3;0;1;0;1;0;0;0;0;0;0;795299,6652;5826465,751;13,35201237;52,50816137
2020;9;18;3;3;5;3;0;1;1;0;0;0;0;0;796983,6063;5830179,319;13,38006741;52,54053532
2020;9;18;6;3;0;2;0;0;1;0;1;0;0;0;793306,1271;5823623,479;13,32022081;52,48375698
2020;9;16;2;3;1;5;0;1;1;0;0;0;0;0;806203,1133;5822531,828;13,50855787;52,46689405
2020;9;16;5;2;0;7;0;1;0;0;0;0;0;1;800585,5167;5821182,39;13,42489914;52,45791803
2020;9;8;4;3;0;1;0;1;0;0;0;0;0;0;797670,476;5825860,996;13,38630096;52,50145203
2020;9;13;2;3;1;5;0;0;1;0;0;0;1;0;784312,6976;5827233,976;13,19122689;52,52088667
2020;9;6;4;3;5;2;0;1;1;0;0;0;0;0;807248,8056;5824233,235;13,52546987;52,48155537
2020;9;20;7;3;2;2;1;1;1;0;0;0;0;0;797997,355;5828902,547;13,39382623;52,52853729
2020;9;15;2;3;0;2;0;1;0;0;0;0;1;0;807934,6064;5829198,18;13,54012811;52,52566483
2020;9;12;6;3;5;7;0;1;1;0;0;0;0;0;797099,2189;5828837,981;13,38056808;52,52844875
2020;9;14;2;3;5;3;0;1;1;0;0;0;0;0;800901,401;5832107,389;13,43940874;52,55566765
2020;9;14;5;3;5;2;0;1;1;0;0;0;0;0;799851,3909;5837898,307;13,4292066;52,60815207
2020;9;5;4;2;6;4;1;0;0;1;1;0;0;0;802618,0361;5829319,628;13,46211274;52,52973029
2020;9;18;5;3;1;5;0;1;1;0;0;0;0;0;794160,6886;5821892,047;13,33124179;52,4677758
2020;9;20;1;3;5;7;2;0;1;0;0;0;1;0;798295,7016;5828773,347;13,39809522;52,52721603
2020;9;16;2;3;2;6;0;0;1;0;0;0;0;0;798588,498;5826884,205;13,40070281;52,51012218
2020;9;6;5;2;5;2;0;0;1;0;1;0;0;0;807440,041;5818120,131;13,52264924;52,42666082
2020;9;14;3;2;1;7;0;0;1;0;0;0;1;0;786119,7871;5829357,92;13,2196161;52,53898422
2020;9;18;5;3;2;6;0;0;1;0;0;0;1;0;793556,3609;5828903,332;13,32855123;52,53095396
2020;9;19;1;3;5;3;0;1;0;0;0;0;1;0;797495,0454;5824704,249;13,38269106;52,49117876
2020;9;18;7;3;5;2;0;1;1;0;0;0;0;0;793283,7827;5825642,066;13,32166963;52,50186486
2020;9;10;5;3;1;5;0;1;1;0;0;0;0;0;794360,1056;5826062,626;13,33785224;52,50505537
2020;9;21;2;3;1;5;2;1;1;0;0;0;0;0;800534,0884;5826653,374;13,42907641;52,50698481
2020;9;11;6;3;5;2;0;1;1;0;0;0;0;0;800482,2319;5828442,679;13,42993047;52,52305143
2020;9;8;2;3;5;3;0;1;1;0;0;0;0;0;780413,3213;5820867,227;13,12854814;52,46581653
2020;9;12;5;3;0;1;0;0;0;0;1;0;0;0;784978,2372;5829177,987;13,20267584;52,53796916
2020;9;12;3;3;5;2;0;1;1;0;0;0;0;0;805674,8649;5830065,756;13,50772105;52,53471192
2020;9;18;5;3;3;6;1;0;1;0;1;0;0;0;785063,9112;5829470,76;13,2041868;52,54054934
2020;9;15;1;2;0;6;0;1;1;0;0;0;0;0;798511,7916;5828735,195;13,4012368;52,52675576
2020;9;9;5;3;5;3;0;0;1;0;1;0;0;0;799377,5844;5829516,645;13,41466458;52,53328552
2020;9;12;3;2;5;3;0;0;1;0;0;0;1;0;799218,4358;5827580,27;13,41058306;52,51601622
2020;9;8;7;2;6;4;0;0;0;1;0;0;1;0;810839,1141;5832064,331;13,58548418;52,54970134
2020;9;10;5;3;6;3;0;0;1;1;0;0;0;0;788545,2731;5816883,298;13,2444827;52,42586437
2020;9;9;3;3;2;2;0;0;1;0;1;0;0;0;802577,0318;5823080,073;13,45584078;52,47382819
2020;9;14;7;3;2;2;0;0;1;0;0;0;0;0;804769,0552;5817845,087;13,48323781;52,42568994
2020;9;12;3;3;1;5;0;1;0;0;0;0;1;0;789706,9759;5840692,215;13,28227126;52,63870088
2020;9;10;6;3;0;6;0;0;1;0;0;0;1;0;787367,0754;5829825,034;13,23836023;52,54251582
2020;9;12;3;3;2;6;0;1;0;0;0;0;0;0;797206,6383;5827476,675;13,38093044;52,51618765
2020;9;9;2;3;5;3;0;1;1;0;0;0;0;0;802495,2689;5833853,234;13,4644384;52,57043241
2020;9;10;5;3;5;2;0;0;1;0;0;0;0;0;793681,2642;5828109,811;13,32968636;52,52377319
2020;9;11;3;2;2;6;0;0;0;0;1;0;1;0;796829,7376;5820819,738;13,36946386;52,45671996
2020;9;13;1;3;6;4;0;0;1;1;0;0;0;0;789084,9296;5826988,424;13,2611542;52,51617614
2020;9;9;5;3;5;2;0;0;1;0;0;0;0;0;799790,7112;5813977,048;13,40677871;52,39376832
2020;9;19;3;3;1;5;0;1;1;0;0;0;0;0;799275,0391;5826110,794;13,41009349;52,50281347
2020;9;21;6;2;7;7;2;0;0;0;1;0;0;0;815411,7356;5821903,18;13,64307585;52,45602324
2020;9;17;2;2;5;2;0;1;1;0;0;0;0;0;799714,8286;5830083,633;13,42013288;52,53818231
2020;9;23;6;3;5;3;2;1;1;0;0;0;0;0;791822,2237;5828728,439;13,30290608;52,53031726
2020;9;11;3;3;3;2;0;1;1;0;0;0;0;0;797006,0565;5833768,398;13,38360893;52,57269488
2020;9;14;2;3;5;3;0;1;1;0;0;0;0;0;782300,9137;5828520,038;13,16274727;52,53346334
2020;9;20;2;2;1;5;2;1;1;0;0;0;0;0;797775,2557;5826013,961;13,38797681;52,50276601
2020;9;9;6;3;0;1;0;1;0;0;0;0;0;0;799035,5535;5828948,727;13,40912632;52,52838274
2020;9;10;3;3;2;7;0;1;1;0;0;0;0;0;795536,2083;5824321,393;13,35358477;52,48881079
2020;9;7;2;3;2;2;0;0;1;0;0;0;0;0;791910,5612;5828199,163;13,30373993;52,52552512
2020;9;10;3;3;5;2;0;0;1;0;0;0;0;0;793539,8396;5835459,937;13,33410806;52,58973891
2020;9;9;1;3;5;3;0;1;0;0;0;0;0;0;784405,3489;5828666,688;13,19381429;52,53368414
2020;9;9;5;3;5;2;0;1;1;0;0;0;0;0;800426,4326;5827978,038;13,42869085;52,51891748
2020;9;17;3;2;5;2;0;0;1;0;0;0;0;0;799775,2416;5813975,576;13,40655073;52,39376359
2020;9;18;6;3;0;2;0;1;1;0;0;0;0;0;783972,6157;5823295,044;13,18286856;52,48574664
2020;9;16;2;3;2;6;0;0;1;0;1;0;0;0;784134,1874;5827284,763;13,18864639;52,52143508
2020;9;8;5;3;5;3;0;1;1;0;0;0;0;0;804656,1673;5827828,604;13,49069934;52,51523176
2020;9;9;3;3;5;3;0;0;1;0;0;0;0;0;781873,1631;5829138,316;13,15698226;52,5392285
2020;9;17;5;3;5;2;0;1;1;0;0;0;0;0;800426,785;5827979,952;13,42869775;52,51893444
2020;9;12;2;3;0;6;0;0;0;0;1;0;0;0;789826,3133;5826356,558;13,27149901;52,51011787
2020;9;9;3;3;0;6;0;0;1;0;1;0;0;0;794802,5616;5830133,397;13,34796053;52,54130802
2020;9;19;7;2;5;3;1;0;1;0;0;0;1;0;794359,3542;5825930,658;13,33772453;52,50387276
2020;9;10;2;3;5;3;0;0;1;0;0;0;0;0;798504,8782;5835382,317;13,40711292;52,58634127
2020;9;9;3;3;5;2;0;1;1;0;0;0;0;0;799150,6733;5829207,831;13,41105138;52,53064206
2020;9;15;7;2;4;6;0;1;0;0;0;0;0;0;809422,2344;5818407,304;13,55197472;52,42811715
2020;9;15;3;3;2;2;0;0;1;0;0;0;0;0;812135,2022;5820282,921;13,59349829;52,44338441
2020;9;17;6;3;5;2;0;0;1;0;0;0;0;0;794956,314;5825652,033;13,34624714;52,5010527
2020;9;15;2;3;2;6;0;0;1;0;0;0;0;0;789982,1584;5835524,075;13,28179563;52,59222226
2020;9;15;5;3;5;3;0;1;1;0;0;0;0;0;810884,7756;5820660,768;13,57551195;52,44748283
2020;9;8;3;3;5;2;0;0;1;0;0;0;0;0;789033,3947;5819696,37;13,25407414;52,45082736
2020;9;17;5;3;5;2;0;0;1;0;0;0;0;0;791390,5075;5828585,827;13,29643491;52,52926971
2020;9;22;1;2;2;6;2;0;1;0;0;0;1;0;793043,8271;5821515,429;13,31451704;52,46499973
2020;9;9;5;3;6;4;0;1;0;1;0;0;0;0;796458,2156;5828234,71;13,37060892;52,52339
2020;9;9;3;3;2;6;0;1;1;0;0;0;0;0;797610,207;5827024,814;13,38645613;52,51191717
2020;9;15;7;3;2;1;0;1;0;0;0;0;0;0;799920,1231;5827786,647;13,42107879;52,51748065
2020;9;8;5;3;5;7;0;1;1;0;0;0;0;0;794536,5419;5825955,801;13,3403497;52,50400254
2020;9;10;6;2;3;6;0;1;1;0;0;0;0;0;799495,1755;5827072,79;13,41419241;52,51131554
2020;9;10;2;3;2;2;0;0;1;0;0;0;1;0;793800,2589;5832174,058;13,33502956;52,56014264
2020;9;12;5;3;3;6;0;0;1;0;0;0;1;0;809633,4775;5829724,342;13,56557971;52,52941797
2020;9;15;6;3;2;2;0;0;1;0;0;0;0;0;813237,2923;5831071,023;13,61980083;52,53942682
2020;9;14;2;3;6;4;0;0;1;1;0;0;0;0;809116,4213;5833030,371;13,56105834;52,55933887
2020;9;13;5;3;6;2;0;0;1;1;0;0;0;0;801856,1843;5829013,045;13,45063775;52,52740477
2020;9;8;3;3;5;3;0;0;1;0;0;0;0;0;782365,438;5827036,095;13,16243577;52,52012427
2020;9;17;5;3;2;6;0;1;1;0;0;0;0;0;783189,5158;5829264,876;13,17644739;52,53968075
2020;9;17;1;3;5;3;0;0;1;0;1;0;0;0;789327,7758;5817264,193;13,25628834;52,42886606
2020;9;10;3;3;5;2;0;0;1;0;0;0;0;0;794558,3019;5827508,05;13,34204317;52,51790571
2020;9;14;7;3;5;2;0;1;1;0;0;0;0;0;792061,5836;5828220,647;13,30597854;52,52563684
2020;9;8;3;3;6;6;0;1;0;1;0;0;0;0;794414,0658;5831432,771;13,34340052;52,55316603
2020;9;10;6;3;3;6;0;1;1;0;0;0;0;0;800556,1204;5823312,061;13,42638607;52,47702332
2020;9;6;3;3;0;2;0;0;1;0;0;0;1;0;784838,9207;5829255,827;13,20069402;52,53873991
2020;9;8;2;3;5;2;0;1;1;0;0;0;0;0;809065,709;5818189,187;13,54654619;52,4263639
2020;9;2;3;2;0;1;2;0;0;0;0;0;1;0;803425,0398;5827731,751;13,47252413;52,51504997
2020;9;12;1;3;6;7;0;0;1;1;0;0;0;0;792552,5012;5822518,755;13,30818523;52,47425767
2020;9;8;5;3;8;1;0;0;0;0;1;0;0;0;802458,9287;5826252,756;13,45698657;52,5023304
2020;9;18;3;3;5;2;0;1;1;0;0;0;0;0;814202,9957;5820801,79;13,62430937;52,44684986
2020;9;20;3;2;3;6;1;0;1;0;1;0;0;0;796456,158;5824885,664;13,367596;52,49337017
2020;9;13;1;3;3;6;0;0;1;0;0;0;1;0;792746,036;5832760,528;13,32004008;52,56596787
2020;9;12;3;3;0;1;0;0;0;0;1;0;0;0;794338,7404;5835493,853;13,34589709;52,58961122
2020;9;16;6;3;5;2;0;1;1;0;0;0;0;0;810528,8394;5820028,233;13,56970364;52,44201651
2020;9;18;2;3;5;3;0;0;1;0;0;0;1;0;800900,4209;5826865,323;13,4346492;52,50868263
2020;9;3;6;3;0;1;2;1;0;0;0;0;0;0;803859,69;5828653,103;13,47975122;52,52306578
2020;9;20;3;3;6;4;1;1;0;1;0;0;0;0;792204,8161;5827279,404;13,30725689;52,51712209
2020;9;10;2;3;5;3;0;1;1;0;0;0;0;0;793716,7358;5827978,824;13,330092;52,52257986
2020;9;18;3;3;0;1;0;0;0;0;1;0;0;0;800438,7459;5827523,992;13,42846177;52,51484094
2020;9;0;1;3;0;5;2;0;1;0;0;0;1;0;793712,5516;5828446,994;13,33044401;52,526779
2020;9;16;3;3;5;3;0;0;1;0;0;0;0;0;796690,7111;5831663,072;13,37708685;52,55399506
2020;9;17;6;3;2;7;0;0;1;0;0;0;0;0;791672,2288;5825129,901;13,29754687;52,49813718
2020;9;16;2;3;2;6;0;0;1;0;0;0;0;0;798326,7341;5825574,073;13,3956833;52,49852176
2020;9;16;5;2;5;2;0;1;1;0;0;0;0;0;806638,4438;5830254,048;13,52205644;52,53585818
2020;9;18;3;3;5;3;0;1;0;0;0;0;0;0;794543,5176;5820078,438;13,33526087;52,45131144
2020;9;21;6;3;0;2;2;1;0;0;1;0;0;0;797159,4558;5827691,73;13,38042925;52,51814108
2020;9;16;2;3;5;3;0;1;1;0;0;0;0;0;800136,5654;5826608,462;13,42319646;52,50680107
2020;9;1;6;3;5;2;2;0;1;0;1;0;0;0;799143,3195;5825792,278;13,40787261;52,50003066
2020;9;0;3;3;5;2;2;0;0;0;0;0;1;0;792496,6737;5832854,071;13,31645409;52,56694048
2020;9;13;2;3;5;3;0;0;1;0;0;0;0;0;782365,6429;5830498,024;13,16538035;52,55116515
2020;9;17;3;3;3;6;0;1;0;0;0;0;0;0;800457,0658;5826700,18;13,42798723;52,50744677
2020;9;23;7;2;5;2;2;1;1;0;0;0;0;0;811026,7651;5818095,103;13,57520752;52,42440961
2020;9;8;5;2;2;6;0;0;1;0;1;0;0;0;790460,7744;5825975,066;13,28048857;52,5063603
2020;9;23;2;3;2;6;2;0;1;0;0;1;0;0;795633,9329;5826286,092;13,35676366;52,50636984
2020;9;13;6;3;2;7;0;1;0;0;0;0;1;0;810869,036;5820577,155;13,5752033;52,44674247
2020;9;15;2;3;2;2;0;1;1;0;0;0;0;0;797623,8441;5827017,473;13,38664992;52,51184393
2020;9;15;5;3;0;2;0;1;1;0;0;0;0;0;785026,9061;5826295,745;13,20092095;52,51210163
2020;9;17;3;3;2;6;0;0;1;0;0;0;0;0;803333,0534;5838203,161;13,48074479;52,60895277
2020;9;16;5;2;5;2;0;0;1;0;0;0;0;0;792902,0519;5832166,923;13,32181125;52,56056258
2020;9;20;1;3;2;6;2;0;1;0;0;1;0;0;804241,0957;5821505,688;13,47882981;52,45879307
2020;9;9;3;3;6;2;0;0;1;1;0;0;0;0;803361,7726;5830084,489;13,47374092;52,53617217
2020;9;15;7;2;5;7;0;0;1;0;1;0;0;0;791709,9939;5824840,007;13,29784772;52,49551812
2020;9;16;5;3;5;2;0;1;1;0;0;0;0;0;807659,0128;5833601,567;13,54015721;52,56528317
2020;9;13;1;3;5;2;0;0;1;0;1;0;0;0;795669,5242;5832023,364;13,36238973;52,55778006
2020;9;18;7;3;5;3;0;0;1;0;0;0;1;0;800785,2891;5825814,484;13,43200863;52,49932717
2020;9;22;2;3;3;6;2;0;1;0;1;0;0;0;796607,7971;5826882,344;13,37160151;52,51118607
2020;9;11;6;3;5;7;0;1;1;0;0;0;0;0;796477,8264;5829934,637;13,37241321;52,53861743
2020;9;7;2;3;1;7;0;1;1;0;0;0;0;0;791054,7357;5823104,674;13,28670746;52,48031065
2020;9;10;5;3;5;2;0;1;1;0;0;0;0;0;790547,4984;5826245,578;13,28199884;52,50873928
2020;9;16;3;3;2;6;0;0;1;0;0;0;0;0;805006,0768;5834198,616;13,50168847;52,57212682
2020;9;18;4;3;2;7;0;1;1;0;0;0;0;0;794051,3818;5828506,478;13,33547673;52,52712959
2020;9;15;1;3;5;2;0;1;1;0;0;0;0;0;793513,671;5825454,99;13,32488177;52,50006419
2020;9;12;3;3;2;6;0;0;1;0;1;0;0;0;790330,8063;5827298,225;13,27973341;52,51829172
2020;9;10;7;3;5;2;0;1;1;0;0;0;0;0;806547,5413;5820533,222;13,51177717;52,44878869
2020;9;14;6;3;5;3;0;1;1;0;0;0;0;0;797955,7641;5827073,144;13,39157629;52,51216174
2020;9;16;3;3;5;2;0;1;1;0;0;0;0;0;808646,0962;5819162,261;13,5412926;52,43532149
2020;9;15;3;3;7;7;0;0;0;0;1;0;0;0;795752,0475;5837034,973;13,36807509;52,60265911
2020;9;11;6;3;5;3;0;0;1;0;0;0;0;0;795895,9106;5816506,341;13,35194228;52,41855965
2020;9;15;3;3;2;6;0;0;1;0;0;0;0;0;808660,5538;5833750,721;13,55502513;52,56605298
2020;9;9;2;3;1;5;0;0;1;0;1;0;0;0;796438,7537;5835772,599;13,37705508;52,59096947
2020;9;11;5;3;5;2;0;1;1;0;0;0;0;0;793719,7304;5821044,283;13,32402307;52,46041316
2020;9;2;3;3;1;5;2;0;1;0;0;0;1;0;795315,8357;5829969,436;13,35536118;52,53956032
2020;9;13;1;3;6;4;0;1;0;1;0;0;0;0;787881,6834;5818431,788;13,23608367;52,44009725
2020;9;13;3;2;5;2;0;0;1;0;1;0;0;0;792824,2032;5823228,388;13,3127972;52,48047375
2020;9;10;6;3;5;3;0;1;1;0;0;0;0;0;809926,8464;5817936,476;13,55893645;52,42361208
2020;9;17;2;3;5;3;0;1;1;0;0;0;0;0;794175,0647;5823695,419;13,33304352;52,48393442
2020;9;14;6;3;5;3;0;0;1;0;1;0;0;0;813125,3622;5827007,571;13,61433085;52,50307867
2020;9;18;2;3;4;6;0;1;0;0;0;0;1;0;797036,2603;5826584,322;13,37763051;52,50828148
2020;9;14;2;3;5;7;0;0;1;0;0;0;1;0;799073,7356;5825598,017;13,40667614;52,49832752
2020;9;17;2;3;5;2;0;0;1;0;0;0;1;0;785957,5767;5828011,652;13,21607265;52,52699902