UJAHR;UMONAT;USTUNDE;UWOCHENTAG;UKATEGORIE;UART;UTYP1;ULICHTVERH;IstRad;IstPKW;IstFuss;IstKrad;IstGkfz;IstSonstige;USTRZUSTAND;LINREFX;LINREFY;XGCSWGS84;YGCSWGS84
2020;9;12;7;3;2;6;0;0;1;0;0;0;1;0;784161,6011;5826557,234;13,18842788;52,51489767
2020;9;7;2;3;0;7;0;0;1;0;0;0;0;0;789929,0487;5836471,809;13,28184359;52,60074694
2020;9;16;2;3;1;5;0;1;1;0;0;0;0;0;801208,396;5826230,583;13,43859906;52,50282339
2020;9;11;1;2;0;7;0;1;0;0;0;0;0;0;789504,3701;5826850,618;13,26719829;52,51471819
2020;9;17;3;3;2;6;0;0;0;0;1;0;1;0;802525,2277;5820716,975;13,45293848;52,45267626
2020;9;18;6;3;2;6;0;0;1;0;1;0;0;0;801102,3128;5824131,497;13,43514387;52,48406732
2020;9;17;2;3;5;2;0;1;1;0;0;0;0;0;800452,7714;5828446,372;13,42950089;52,52310078
2020;9;15;5;3;0;1;0;1;0;0;0;0;0;0;786010,7426;5828010,45;13,21685317;52,52696036
2020;9;17;2;3;5;3;0;1;1;0;0;0;0;0;802855,2519;5831366,383;13,46746443;52,54794322
2020;9;13;2;2;6;4;0;0;1;1;0;0;0;0;796325,5384;5834871,72;13,37458302;52,58295583
2020;9;17;2;3;5;2;0;1;1;0;0;0;0;0;794195,1827;5823597,966;13,33325292;52,48304997
2020;9;20;7;3;6;6;1;0;1;1;0;0;0;0;791289,0176;5827275,727;13,29379556;52,51757905
2020;9;18;2;3;2;6;1;0;1;0;0;0;0;0;795826,6042;5824100,909;13,35765349;52,48667705
2020;9;12;6;3;5;2;0;1;1;0;0;0;0;0;799053,9226;5824540,248;13,40543568;52,48885695
2020;9;14;2;3;0;1;0;1;1;0;0;0;0;0;791225,9719;5836406,959;13,30088172;52,59947248
2020;9;15;3;3;6;7;0;0;0;1;0;0;1;0;803155,8521;5823396,105;13,46462383;52,47633982
2020;9;13;6;3;5;2;0;0;1;0;1;0;0;0;796210,3069;5822978,425;13,36229052;52,47640689
2020;9;15;2;2;0;4;0;0;0;1;0;0;1;0;793417,0459;5836086,611;13,3328558;52,59542287
2020;9;15;5;2;6;4;0;1;0;1;0;0;0;0;802797,2302;5828556,418;13,46405129;52,52279025
2020;9;17;2;2;0;6;0;0;1;0;1;0;0;0;796078,7142;5822846,481;13,36024151;52,47529548
2020;9;18;4;3;5;2;0;1;0;0;0;0;1;0;797471,2828;5826798,656;13,38421291;52,50996571
2020;9;13;1;3;3;6;0;1;0;0;0;0;0;0;800066,2288;5825737,671;13,42137854;52,49903451
2020;9;6;5;3;0;1;1;0;0;0;1;0;0;1;802227,8233;5827520,105;13,45474285;52,51381771
2020;9;15;7;3;2;6;0;0;1;0;0;0;0;0;799455,187;5820496,481;13,40769809;52,45239028
2020;9;0;5;3;1;5;2;1;1;0;0;0;0;1;800071,9377;5830662,968;13,42590562;52,54317855
2020;9;14;6;3;6;7;0;1;0;1;0;0;0;0;796282,2389;5823066,118;13,36342444;52,47715397
2020;9;10;2;3;2;7;0;0;1;0;0;0;0;0;793967,8733;5830155,951;13,33570827;52,54196115
2020;9;12;5;3;1;5;0;1;1;0;0;0;0;0;798271,6772;5830918,717;13,39966771;52,54645947
2020;9;17;2;3;5;3;0;0;1;0;0;0;1;0;797328,8093;5823504,352;13,37917949;52,48051353
2020;9;14;1;3;8;1;0;1;0;0;0;0;0;0;808822,0443;5834759,49;13,55833937;52,57500162
2020;9;18;1;3;5;2;0;0;1;0;1;0;0;0;796508,6177;5827611,836;13,3707944;52,51777916
2020;9;19;4;3;0;1;1;1;1;0;0;0;0;0;802082,435;5827156,891;13,45227722;52,51064275
2020;9;9;1;3;5;2;0;0;1;0;0;0;0;0;804100,7126;5823589,644;13,47866932;52,47754922
2020;9;17;1;3;7;7;0;0;0;0;1;0;0;0;798283,261;5830488,624;13,39945181;52,54259795
2020;9;11;2;3;5;3;0;0;1;0;0;0;1;0;779998,4799;5821525,876;13,12301037;52,47193538
2020;9;17;1;3;2;7;0;0;1;0;1;0;0;0;809811,9756;5820495,525;13,55962394;52,44661087
2020;9;18;4;3;0;5;0;1;1;0;0;0;0;0;798687,7835;5829709,019;13,40469826;52,53538832
2020;9;17;1;3;5;2;0;1;1;0;0;0;0;0;792852,7766;5835169,965;13,32373872;52,58750981
2020;9;15;4;3;3;6;0;0;0;0;1;0;0;0;800615,9267;5830677,364;13,43391612;52,54300773
2020;9;17;1;3;5;3;0;0;1;0;0;0;0;0;790387,7777;5817152,375;13,27173792;52,42730196
2020;9;3;4;3;1;5;2;0;1;0;0;0;0;0;795168,0809;5832477,176;13,35541819;52,56212011
2020;9;17;7;3;3;6;0;1;1;0;0;0;0;0;793967,4001;5818667,819;13,32556636;52,43897587
2020;9;15;2;3;2;6;0;0;1;0;1;0;0;0;790769,8409;5836027,02;13,29383243;52,59631052
2020;9;23;7;3;8;1;2;1;0;0;0;0;0;0;799669,4659;5828684,918;13,41820512;52,52567002
2020;9;22;7;3;3;6;2;0;1;0;0;0;0;0;793186,4941;5832306,017;13,32611813;52,5616564
2020;9;15;2;3;0;1;0;0;0;0;1;0;0;0;809009,823;5830209,624;13,55686658;52,53412078
2020;9;19;7;3;0;1;2;1;1;0;0;0;0;0;794498,6087;5837093,98;13,34967321;52,60386845
2020;9;18;7;3;5;3;0;1;0;0;0;0;0;0;791801,6283;5826227,191;13,30040925;52,50790505
2020;9;17;7;3;2;6;0;1;1;0;0;0;0;0;799837,6443;5826006,077;13,41826295;52,50156599
2020;9;9;4;3;5;2;0;0;1;0;1;0;0;0;794578,41;5828438,762;13,34316297;52,52623804
2020;9;17;7;3;5;3;0;0;1;0;0;0;0;0;799607,9223;5834011,214;13,42210628;52,57344535
2020;9;8;4;3;1;5;0;0;1;0;0;0;0;0;790278,2377;5829713,914;13,28107008;52,53997649
2020;9;15;7;3;5;2;0;1;1;0;0;0;0;0;799202,4999;5824556,83;13,40763226;52,48892418
2020;9;14;2;3;5;3;0;0;1;0;0;0;0;0;805946,111;5822647,271;13,5048923;52,46807267
2020;9;15;7;3;2;6;0;0;1;0;0;0;0;0;792161,498;5832941,441;13,31159999;52,56790371
2020;9;14;7;3;1;5;0;1;1;0;0;0;0;0;793055,0831;5832668,487;13,32450525;52,5649765
2020;9;13;7;3;6;4;0;1;0;1;0;0;0;0;797258,5542;5829077,757;13,38312431;52,5305112
2020;9;8;4;3;5;3;0;0;1;0;0;0;0;0;797551,8325;5834860,529;13,39261872;52,58218627
2020;9;13;1;3;2;7;0;1;0;0;0;0;0;0;790079,8668;5835439,32;13,28315975;52,59141033
2020;9;13;7;3;5;3;0;0;1;0;0;0;1;0;794553,0389;5827506,681;13,34196462;52,51789627
2020;9;7;2;3;0;6;0;1;0;0;0;0;1;0;798399,5079;5834843,9;13,40507743;52,58157298
2020;9;8;4;3;0;3;0;0;1;0;0;0;1;0;794900,6101;5836310,423;13,35489408;52,59662669
2020;9;11;7;3;2;6;0;0;1;0;1;0;0;0;802153,9232;5836456,149;13,46179013;52,59395142
2020;9;8;4;2;6;4;0;1;0;1;0;0;0;0;799692,9794;5827222,891;13,41723356;52,51255233
2020;9;11;7;3;8;1;0;0;0;0;1;0;0;0;792927,309;5837087,05;13,32653152;52,60465522
2020;9;6;3;3;5;2;0;0;1;0;0;0;0;0;809549,733;5834191,79;13,56851339;52,56950081
2020;9;8;4;3;5;5;0;0;1;0;1;0;0;0;785671,05;5828564,811;13,21233593;52,53210878
2020;9;11;7;2;5;2;0;1;1;0;0;0;0;0;799438,7802;5829881,592;13,41589287;52,53652308
2020;9;13;2;3;2;6;0;1;1;0;0;0;0;0;797907,6448;5827352,871;13,39111974;52,51469544
2020;9;10;7;3;5;3;0;1;1;0;0;0;0;0;800514,3283;5825454,974;13,42770468;52,49625403
2020;9;10;7;3;5;3;0;0;1;0;0;0;0;0;798349,6429;5829964,173;13,39995682;52,53786063
2020;9;9;7;3;5;3;0;0;1;0;0;0;0;0;804993,2989;5831114,334;13,49866634;52,54449152
2020;9;8;4;3;5;3;0;1;1;0;0;0;0;0;800002,3084;5824456,916;13,41928649;52,48758968
2020;9;13;1;3;1;7;0;0;1;0;1;0;0;0;798657,5356;5828519,033;13,40318461;52,52473835
2020;9;3;7;3;0;1;2;0;0;0;0;0;1;0;794518,5362;5823915,472;13,33828136;52,48572192
2020;9;12;2;3;5;3;0;0;1;0;0;0;0;0;784120,9668;5830449,473;13,19115778;52,54981704
2020;9;23;7;3;0;6;2;0;1;0;0;0;1;0;784925,8849;5829351,619;13,20205493;52,53955332
2020;9;7;4;2;5;2;0;1;1;0;0;0;0;0;795261,7739;5818610,587;13,34450247;52,43776555
2020;9;8;6;3;1;5;0;1;1;0;0;0;0;0;794498,1546;5818724,443;13,33340178;52,43919794
2020;9;16;6;3;5;2;0;0;1;0;0;0;0;0;792909,36;5832162,102;13,32191449;52,56051543
2020;9;18;2;3;5;2;0;1;1;0;0;0;0;0;791560,601;5826638,467;13,29722826;52,51172096
2020;9;16;6;3;5;3;0;1;1;0;0;0;0;0;794708,6997;5819447,966;13,33712832;52,44557056
2020;9;20;6;2;0;1;2;1;0;0;0;0;0;0;799899,839;5831649,926;13,42426672;52,55211971
2020;9;18;6;3;6;4;1;1;0;1;0;0;0;0;799829,0156;5826710,083;13,4187702;52,50788105
2020;9;6;4;3;5;3;0;1;1;0;0;0;0;0;796687,4261;5824813,833;13,37092847;52,49260063
2020;9;12;1;3;5;3;0;0;1;0;0;0;0;0;795059,4448;5831481,634;13,35293519;52,55325481
2020;9;10;6;2;5;2;0;1;1;0;0;0;0;0;800865,9041;5832081,588;13,43886336;52,555456
2020;9;12;2;2;0;1;0;1;0;0;0;0;0;0;784469,5691;5816444,886;13,18433132;52,42406775
2020;9;9;6;3;6;4;0;0;0;1;0;1;0;0;808580,7887;5819118,056;13,54029417;52,43496216
2020;9;4;4;3;8;7;2;0;1;0;0;0;0;0;798996,559;5821244,464;13,40163895;52,45934604
2020;9;8;6;3;5;3;0;1;1;0;0;0;0;0;811100,2448;5815584,178;13,57395122;52,4018658
2020;9;14;4;3;5;3;0;1;0;0;0;0;0;0;791367,9729;5833104,119;13,30006829;52,56978739
2020;9;8;6;3;5;3;0;1;1;0;0;0;0;0;800406,5505;5825796,367;13,42642976;52,4993734
2020;9;13;4;3;5;2;0;0;1;0;0;0;1;0;801868,3066;5828990,739;13,45079565;52,52719813
2020;9;13;4;3;2;3;0;0;1;0;0;1;0;0;809399,1801;5820428,17;13,55350714;52,44624098
2020;9;7;6;3;0;1;0;1;0;0;0;0;0;0;805271,7738;5821767,587;13,49419163;52,46056565
2020;9;7;6;3;5;5;0;0;1;0;1;0;0;0;784318,0255;5828921,942;13,19274875;52,53601832
2020;9;15;4;2;5;3;0;1;1;0;0;0;0;0;798172,9624;5826505,271;13,39425865;52,50695281
2020;9;7;6;3;0;6;0;0;1;0;0;0;1;0;811314,2886;5829869,112;13,5904128;52,52975809
2020;9;16;2;3;5;2;0;1;1;0;0;0;0;0;797908,0012;5818346,543;13,38308078;52,43396372
2020;9;8;6;3;2;6;0;0;1;0;0;0;0;0;797239,6225;5824001,559;13,3783134;52,48501903
2020;9;17;6;3;5;2;0;1;1;0;0;0;0;0;784547,2773;5828171,044;13,19547677;52,5291661
2020;9;22;6;3;5;3;2;0;1;0;0;0;0;0;791698,8447;5839248,766;13,31034934;52,62469464
2020;9;13;4;3;3;6;0;0;1;0;1;0;0;0;792109,1925;5825759,243;13,30451748;52,50354539
2020;9;21;6;3;6;4;2;0;1;1;0;0;0;0;800160,2094;5825331,541;13,42239286;52,49534252
2020;9;13;4;3;5;2;0;1;0;0;0;0;0;0;793973,8018;5823482,467;13,32990043;52,4821338
2020;9;22;6;3;5;3;2;1;1;0;0;0;0;0;809229,5592;5831989,624;13,56175255;52,54994788
2020;9;14;2;3;5;2;0;0;1;0;1;0;0;0;796633,9156;5819965,587;13,36583167;52,44916953
2020;9;1;6;3;8;1;2;0;1;0;0;0;0;0;806745,753;5833995,125;13,52708985;52,56932554
2020;9;18;6;3;0;5;0;1;0;0;0;0;1;0;792399,0649;5825388,59;13,30845045;52,50006732
2020;9;15;2;3;2;6;0;0;1;0;0;0;0;0;784153,9326;5827322,882;13,1889692;52,52176657
2020;9;7;6;2;5;3;0;1;1;0;0;0;0;0;785389,765;5828128,521;13,20782588;52,52834441
2020;9;1;6;3;8;1;2;0;1;0;0;0;0;0;802085,8907;5830576,229;13,45543422;52,5412883
2020;9;0;6;2;0;1;2;1;0;0;0;0;0;0;799426,0652;5829598,222;13,41545066;52,5339901
2020;9;14;4;3;3;6;0;1;1;0;0;0;0;0;793454,0619;5825696,041;13,32421857;52,50225717
2020;9;14;6;2;2;6;0;0;1;0;0;0;0;0;807304,252;5825338,741;13,527303;52,49143187
2020;9;2;3;3;8;1;2;0;1;0;0;0;0;0;802650,7121;5829595,743;13,46284434;52,53218693
2020;9;12;4;2;5;2;0;1;1;0;0;0;0;0;799936,4721;5833849,273;13,42679336;52,57181288
2020;9;13;6;3;1;5;0;1;1;0;0;0;1;0;795258,402;5824373,958;13,34955176;52,48943232
2020;9;20;2;3;5;3;1;1;1;0;0;0;0;0;799876,7949;5825693,123;13,4185562;52,49873933
2020;9;14;6;3;5;3;0;0;1;0;1;0;0;0;784861,1646;5828759,534;13,20059567;52,53427855
2020;9;13;6;3;5;3;0;1;0;0;0;0;0;0;799098,126;5825231,967;13,40670568;52,49503303
2020;9;13;6;2;6;4;0;0;1;1;0;0;0;0;793541,5555;5832484,726;13,33149908;52,56306712
2020;9;12;4;2;5;3;0;1;1;0;0;0;0;0;807202,367;5825558,852;13,52601003;52,49346188
2020;9;16;1;2;5;3;0;0;1;0;1;0;0;0;808184,0238;5815760,363;13,53138381;52,40509364
2020;9;13;6;2;5;2;0;1;1;0;0;0;0;0;785488,6813;5837375,181;13,21723959;52,61119603
2020;9;13;6;3;2;6;0;0;1;0;0;0;0;0;795177,582;5825835,211;13,34965975;52,50257511
2020;9;12;6;3;5;3;0;1;1;0;0;0;0;0;795998,6798;5830328,759;13,36572026;52,54241081
2020;9;11;4;3;5;3;0;1;1;0;0;0;0;0;809057,3282;5828645,656;13,55611112;52,52007803
2020;9;15;1;2;5;2;0;1;1;0;0;0;0;0;795228,9698;5826625,405;13,35111536;52,50963081
2020;9;12;6;3;5;3;0;0;1;0;0;0;0;0;792759,4518;5815380,018;13,30496921;52,41014904
2020;9;13;2;3;0;3;0;0;1;0;0;0;0;0;804202,6658;5830669,175;13,48663575;52,54094376
2020;9;12;6;2;6;4;0;0;1;1;0;0;0;0;784901,8823;5830129,171;13,20236888;52,54653735
2020;9;17;2;3;5;2;0;1;1;0;0;0;0;0;803101,3654;5822772;13,46325693;52,47077625
2020;9;17;2;3;2;4;0;0;1;1;0;0;0;0;806631,417;5822052,367;13,51440249;52,46235677
2020;9;11;6;3;5;2;0;1;1;0;0;0;0;0;797204,6251;5827496,907;13,38091894;52,5163701
2020;9;11;6;3;5;3;0;0;1;0;1;0;0;0;796203,7569;5831516,449;13,36979472;52,55294578
2020;9;11;6;3;5;2;0;1;0;0;0;0;1;0;798529,4561;5828076,219;13,40090489;52,52083929
2020;9;6;4;3;5;2;0;1;1;0;0;0;0;0;799729,4944;5827572,796;13,41808519;52,51566861
2020;9;13;1;3;2;6;0;0;1;0;1;0;0;0;782922,3809;5826881,132;13,17049042;52,51844613
2020;9;10;6;2;5;3;0;0;1;0;0;0;1;0;791318,4616;5838908,437;13,30444592;52,62184783
2020;9;6;2;3;5;2;2;1;1;0;0;0;0;0;797749,362;5824034,295;13,38582718;52,48503473
2020;9;16;2;2;1;5;0;0;1;0;0;0;0;0;807464,4309;5827352,172;13,53151358;52,5093862
2020;9;10;6;3;5;2;0;0;1;0;0;0;1;0;804595,2823;5829937,923;13,4917368;52,5341706
2020;9;12;2;3;0;1;0;1;0;0;0;0;0;0;799147,0974;5830837,782;13,41246617;52,54525403
2020;9;16;2;2;1;5;0;1;1;0;0;0;0;0;793037,0803;5820886,982;13,31386626;52,45936948
2020;9;15;6;3;5;3;0;1;1;0;0;0;0;0;792644,064;5827100,655;13,31355449;52,51528413
2020;9;15;4;2;6;4;0;0;1;1;0;0;0;0;806456,0821;5821542,625;13,51136186;52,45788663
2020;9;15;6;3;5;3;0;1;1;0;0;0;0;0;782092,225;5828083,644;13,15930846;52,52965849
2020;9;17;4;3;0;4;0;0;0;1;0;0;1;0;793727,313;5820573,867;13,32372047;52,45619197
2020;9;15;6;3;5;2;0;0;1;0;0;0;0;0;795398,438;5830598,573;13,35713501;52,5451552
2020;9;15;6;2;0;6;0;1;0;0;0;0;1;0;796879,6621;5833869,769;13,38184012;52,5736725
2020;9;17;4;3;5;7;0;0;1;0;1;0;0;0;791278,5843;5830688,174;13,29663268;52,54817676
2020;9;16;6;3;2;6;0;1;1;0;0;0;0;0;805791,7149;5820326,251;13,50050075;52,44735697
2020;9;15;2;3;5;3;0;1;1;0;0;0;0;0;800095,1718;5830649,938;13,42623543;52,54304896
2020;9;23;2;3;5;2;2;1;0;0;1;0;0;0;795119,2012;5828264,658;13,35095673;52,52438487
2020;9;16;6;3;3;6;0;1;0;0;0;0;1;0;797275,8104;5831286,659;13,38535436;52,55030194
2020;9;15;6;3;5;2;0;0;1;0;1;0;0;0;795063,7684;5832467,563;13,35387526;52,56209047
2020;9;16;6;3;1;5;0;1;1;0;0;0;0;0;797911,2291;5827329,687;13,39115165;52,51448566
2020;9;16;4;3;5;2;0;1;1;0;0;0;0;0;808889,3994;5819346,141;13,54503014;52,43683208
2020;9;17;6;3;2;6;0;0;1;0;0;0;0;0;788876,992;5827207,289;13,25828841;52,51824852
2020;9;15;6;3;5;2;0;0;1;0;0;0;1;0;796641,6147;5825771,146;13,37110824;52,5012069
2020;9;17;6;3;5;2;0;1;0;0;1;0;0;0;799976,2563;5825340,495;13,41969942;52,49552391
2020;9;16;4;3;0;2;0;1;1;0;0;0;0;0;798161,4688;5826612,329;13,39418569;52,50791873
2020;9;17;6;3;5;2;0;1;1;0;0;0;0;0;803838,9394;5828668,486;13,47946036;52,52321522
2020;9;15;4;3;5;2;0;0;1;0;0;0;1;0;793166,3158;5825622,964;13,31992723;52,50175674
2020;9;17;6;2;5;3;0;0;1;0;1;0;0;0;782027,5015;5828467,757;13,15868278;52,53313611
2020;9;14;2;2;6;4;0;1;0;1;0;0;0;0;798483,1778;5828386,619;13,4005034;52,52364693
2020;9;9;2;2;5;3;0;1;1;0;0;0;0;0;811402,3366;5821151,15;13,58355995;52,45158286
2020;9;14;6;3;3;6;0;1;1;0;0;0;0;0;794138,1367;5828450,849;13,33670265;52,52658411
2020;9;14;6;2;6;4;0;0;1;1;0;0;0;0;793187,7759;5827780,725;13,32214337;52,52108866
2020;9;19;6;3;6;7;2;0;1;1;0;0;0;0;799017,595;5827228,805;13,40731628;52,51297599
2020;9;15;4;3;5;2;0;1;1;0;0;0;0;0;802435,018;5828903,872;13,45904486;52,52610547
2020;9;12;1;3;5;2;0;1;1;0;0;0;0;0;792501,2723;5832841,275;13,31651046;52,5668233
2020;9;19;6;3;5;3;0;1;1;0;0;0;0;0;790949,7785;5824836,539;13,28667832;52,49589282
2020;9;21;2;2;6;4;2;0;1;1;0;0;0;0;798882,6118;5827918,243;13,40595243;52,5192298
2020;9;14;3;3;6;7;0;1;0;1;0;0;0;0;797832,292;5834663,828;13,39656902;52,58026967
2020;9;18;6;3;5;3;0;1;1;0;0;0;0;0;806803,155;5824850,89;13,51949653;52,48734149
2020;9;19;2;3;5;3;1;1;0;0;1;0;0;0;796144,8085;5825693,635;13,3637418;52,50078193
2020;9;7;3;2;0;1;0;0;0;0;1;0;0;0;794720,7814;5830418,814;13,34701137;52,54391081
2020;9;18;3;3;2;6;1;0;1;0;0;0;0;0;800174,4167;5825044,847;13,42234319;52,49276495
2020;9;8;6;3;0;3;0;1;0;0;0;0;0;0;793379,1757;5821960,219;13,31983026;52,46880718
2020;9;13;2;3;5;2;0;0;1;0;0;0;0;0;811208,7023;5828860,238;13,58791724;52,52077754
2020;9;18;6;3;5;3;0;1;1;0;0;0;0;0;797086,4375;5828041,863;13,379669;52,52131941
2020;9;18;6;3;0;3;0;1;1;0;0;0;0;0;798934,3054;5826945,196;13,40583785;52,51047949
2020;9;17;6;2;5;3;0;0;1;0;1;0;0;0;793727,4474;5818284,348;13,32170953;52,4356671
2020;9;13;3;3;2;6;0;1;1;0;0;0;0;0;791844,9957;5836935,205;13,31046117;52,60387609
2020;9;1;1;2;9;1;2;1;0;0;0;0;0;0;794002,5932;5824284,559;13,33103068;52,48930867
2020;9;17;6;2;1;5;0;1;1;0;0;0;0;0;781599,8234;5819447,751;13,1447701;52,45247824
2020;9;12;2;3;2;6;0;1;1;0;0;0;0;0;810477,1108;5820285,917;13,56918446;52,44435517
2020;9;9;2;3;5;2;0;1;1;0;0;0;0;0;794161,8034;5827014,911;13,33578065;52,51369902
2020;9;9;5;3;0;6;0;1;0;0;0;0;1;0;804183,4561;5826807,334;13,48282131;52,50634232
2020;9;9;2;3;5;2;0;0;0;0;0;1;1;0;809391,8899;5821482,711;13,55437701;52,45569575
2020;9;12;5;3;5;3;0;1;1;0;0;0;0;0;792286,5859;5830601,649;13,31137982;52,54686119
2020;9;15;5;3;3;6;0;1;1;0;0;0;0;0;808739,0251;5828071,176;13,55090172;52,51510996
2020;9;15;5;3;5;3;0;1;1;0;0;0;0;0;799593,8873;5825830,063;13,41452431;52,50012217
2020;9;17;5;3;5;3;0;1;1;0;0;0;0;0;799987,6062;5835268,633;13,42882999;52,58450672
2020;9;13;5;3;4;5;0;0;0;0;0;0;1;0;802499,3241;5831571,171;13,46241794;52,54997646
2020;9;19;5;3;5;2;1;1;0;0;0;0;1;0;800330,5769;5824358,16;13,42401752;52,48652401
2020;9;10;3;3;0;2;0;1;1;0;0;0;0;0;808879,869;5818933,662;13,5445093;52,43314083
2020;9;23;1;2;8;1;2;1;0;0;0;0;0;0;816520,508;5818015,393;13,65565803;52,42054554
2020;9;23;5;3;1;5;2;0;1;0;0;0;0;0;793400,5663;5835502,027;13,33209536;52,59019136
2020;9;17;2;3;2;7;0;0;1;0;0;1;0;0;801744,5532;5822358,612;13,442969;52,4678221
2020;9;22;5;3;5;3;2;0;1;0;0;0;0;0;795395,622;5830587,844;13,35708407;52,54506056
2020;9;7;3;3;5;2;0;0;1;0;0;0;1;0;802069,5397;5832773,724;13,45719298;52,56099331
2020;9;21;5;3;0;1;2;0;0;0;1;0;0;0;794288,645;5831492,437;13,34160889;52,55376868
2020;9;7;3;3;1;6;0;1;1;0;0;0;0;0;804458,753;5830468,882;13,49021661;52,53900561
2020;9;20;5;3;2;6;2;0;1;0;0;0;0;0;809761,7363;5820705,166;13,55908146;52,4485181
2020;9;7;3;3;0;1;0;0;0;0;1;0;0;0;783910,3487;5823428,851;13,18206802;52,48697878
2020;9;20;5;3;2;6;2;0;1;0;0;0;0;0;801881,1532;5823595,55;13,44609321;52,47883351
2020;9;15;2;3;2;6;0;0;1;0;0;0;0;0;794253,4133;5835440,186;13,34459351;52,58917631
2020;9;7;2;2;5;3;0;1;1;0;0;0;0;0;809220,4642;5823021,359;13,55328761;52,46958191
2020;9;7;3;3;5;3;0;1;1;0;0;0;0;0;801267,1424;5827424,411;13,44054237;52,51349144
2020;9;19;5;3;6;2;1;0;1;1;0;0;0;0;791349,6555;5822555,281;13,29055785;52,47522807
2020;9;16;2;3;3;6;0;0;1;0;1;0;0;0;790352,556;5827320,085;13,28007213;52,51847611
2020;9;19;5;3;5;2;1;1;1;0;0;0;0;0;803425,201;5826919,534;13,47178602;52,50777016
2020;9;18;5;3;5;2;0;1;1;0;0;0;0;0;807653,2067;5833600,018;13,54007038;52,56527258
2020;9;18;5;3;1;6;0;1;1;0;0;0;0;0;799228,66;5831605,741;13,41435733;52,55209279
2020;9;7;3;2;5;2;0;0;1;0;1;0;0;0;809347,4584;5834283,547;13,56562399;52,57043807
2020;9;16;5;3;5;2;0;1;1;0;0;0;0;0;796212,9261;5830763,884;13,36925825;52,54619484
2020;9;7;3;3;3;6;0;1;0;0;0;0;0;0;803810,1199;5828901,051;13,47924934;52,52531568
2020;9;18;5;3;5;3;0;0;1;0;1;0;0;0;796297,3482;5823018,535;13,36360398;52,47671923
2020;9;14;2;3;5;3;0;1;1;0;0;0;0;0;797024,2781;5820719,642;13,37222948;52,45571701
2020;9;17;5;3;5;3;0;0;1;0;1;0;0;0;798164,7993;5833449,885;13,40037011;52,56920634
2020;9;17;5;3;5;3;0;1;1;0;0;0;0;0;800693,8258;5822933,47;13,4280662;52,47355407
2020;9;17;5;3;6;4;0;1;0;1;0;0;0;0;794648,8607;5824160,883;13,34041202;52,48785156
2020;9;7;3;3;5;2;0;1;1;0;0;0;0;0;792465,2897;5821578,701;13,30608077;52,46587695
2020;9;16;5;3;2;6;0;1;1;0;0;0;0;0;799689,4761;5825369,05;13,41551347;52,4959374
2020;9;12;5;3;5;3;0;0;1;0;0;0;0;0;796973,7217;5828802,544;13,37869191;52,52819948
2020;9;11;5;3;0;6;0;1;1;0;0;0;0;0;792982,4962;5822441,397;13,31442998;52,47333369
2020;9;23;3;3;5;2;2;1;1;0;0;0;0;0;800283,4995;5827631,39;13,42627778;52,51588907
2020;9;11;5;3;5;2;0;1;0;0;0;0;1;0;798843,6167;5825105,536;13,40285454;52,49403916
2020;9;6;3;2;5;2;0;0;1;0;1;0;0;0;790328,004;5827555,284;13,27991659;52,52059777
2020;9;23;3;3;5;2;2;1;1;0;0;0;0;0;795045,0707;5829159,458;13,35066131;52,53244618
2020;9;11;5;3;5;3;0;1;1;0;0;0;0;0;797805,869;5824909,476;13,38743896;52,4928489
2020;9;21;2;3;2;7;2;1;1;0;0;0;0;0;802689,3395;5827317,61;13,46133889;52,51174685
2020;9;7;2;3;0;2;0;1;1;0;0;0;0;0;798368,4737;5830148,158;13,40039885;52,53949949
2020;9;10;5;3;5;3;0;0;1;0;0;0;1;0;801037,049;5825891,456;13,43577576;52,49987827
2020;9;10;5;3;2;3;0;1;1;0;0;0;0;0;794748,8297;5830932,544;13,34787969;52,54850083
2020;9;10;5;2;5;2;0;1;1;0;0;0;0;0;790239,077;5820060,834;13,272083;52,45345607
2020;9;21;3;3;0;2;2;0;1;0;1;0;0;0;802472,9403;5820705,406;13,4521609;52,4526015
2020;9;20;1;3;6;2;1;0;1;1;0;0;0;0;784769,1053;5828813,329;13,19928821;52,53480898
2020;9;9;5;3;5;2;0;0;1;0;0;0;1;0;791452,7334;5816679,507;13,28694437;52,42249638
2020;9;12;2;3;6;4;0;1;0;1;0;0;0;0;795660,3844;5826101,591;13,3569884;52,50470161
2020;9;8;5;3;5;2;0;0;1;0;1;0;0;0;799049,6994;5830160,776;13,41042474;52,53923918
2020;9;20;1;3;1;5;1;0;1;0;0;0;1;0;796987,5449;5829392,764;13,37942237;52,5334826
2020;9;8;5;3;1;5;0;1;1;0;0;0;0;0;795983,3966;5825361,511;13,36107569;52,4978923
2020;9;19;2;3;6;2;1;0;1;1;0;0;0;0;793459,7099;5823931,758;13,32274741;52,48643806
2020;9;8;5;3;3;2;0;0;1;0;1;0;0;0;784736,8272;5828587,905;13,19862049;52,53280469
2020;9;18;2;3;5;3;0;0;1;0;0;0;1;0;797902,7303;5831002,621;13,39431822;52,54741344
2020;9;15;5;3;0;3;0;0;1;0;1;0;0;0;803320,9434;5826748,258;13,47009853;52,50629302
2020;9;15;5;3;2;6;0;0;1;0;0;0;0;0;795175,7581;5826915,248;13,35059064;52,51225784