UJAHR;UMONAT;USTUNDE;UWOCHENTAG;UKATEGORIE;UART;UTYP1;ULICHTVERH;IstRad;IstPKW;IstFuss;IstKrad;IstGkfz;IstSonstige;USTRZUSTAND;LINREFX;LINREFY;XGCSWGS84;YGCSWGS84
2020;9;13;6;3;5;2;0;0;1;0;1;0;0;1;793979,6649;5826176,451;13,33236379;52,50628088
2020;9;13;4;3;5;3;0;0;1;0;0;0;0;0;796939,5306;5830138,75;13,37938317;52,54019568
2020;9;5;2;3;6;7;2;1;0;1;0;0;0;1;783629,3493;5829144,805;13,18281273;52,53837541
2020;9;9;4;3;5;2;0;1;0;0;1;0;0;0;801289,4047;5827406,16;13,44085291;52,51331556
2020;9;14;5;3;1;5;0;1;1;0;0;0;0;0;793509,7471;5821453,721;13,32130139;52,46419645
2020;9;15;7;3;6;2;0;0;1;1;0;0;0;1;796125,7412;5830769,912;13,36798167;52,54629626
2020;9;7;3;3;3;6;0;0;0;0;1;1;0;1;803321,481;5822850,682;13,46655904;52,4713593
2020;9;10;3;3;0;1;0;1;0;0;0;0;0;0;794979,052;5815659,076;13,33775272;52,41145924
2020;9;10;3;3;0;2;0;0;1;0;0;0;1;0;794573,1585;5828438,766;13,34308579;52,52624092
2020;9;10;6;3;5;2;0;1;1;0;0;0;0;1;802554,365;5826728,542;13,45882062;52,50654194
2020;9;15;2;3;5;3;0;1;1;0;0;0;0;0;806346,9537;5816438,908;13,50508414;52,41220595
2020;9;9;3;3;5;2;0;1;0;0;0;0;1;0;799460,597;5820510,623;13,40779014;52,45251408
2020;9;6;5;3;5;3;1;1;1;0;0;0;0;0;796943,4811;5826780,757;13,37644274;52,51009282
2020;9;19;1;3;6;2;2;0;1;1;0;0;0;1;795347,6295;5819988,847;13,34698009;52,45007447
2020;9;17;3;3;6;4;0;1;0;1;0;0;0;0;793714,8374;5828473,368;13,3305009;52,5270142
2020;9;16;4;3;5;2;0;1;1;0;0;0;0;0;791915,579;5831506,331;13,30671947;52,55517033
2020;9;13;5;2;6;7;0;1;0;1;0;0;0;0;794167,5161;5827734,254;13,33650062;52,52014442
2020;9;17;3;3;0;7;0;1;1;0;0;0;0;0;792818,2372;5827186,363;13,31618931;52,51595899
2020;9;12;6;3;5;2;0;1;0;0;0;0;0;1;798791,1637;5824943,946;13,40193931;52,49261944
2020;9;18;2;3;2;6;1;0;1;0;0;0;0;0;797279,011;5831283,885;13,38539894;52,55027533
2020;9;18;3;3;3;6;0;1;1;0;0;0;0;0;797340,283;5819407,411;13,37569826;52,44378231
2020;9;14;5;3;5;3;0;0;1;0;0;0;1;0;800111,187;5831695,316;13,42741554;52,55241015
2020;9;8;7;3;0;1;0;0;0;0;1;0;0;1;810591,073;5819883,389;13,57048169;52,44068313
2020;9;19;3;3;0;6;2;0;1;0;1;0;0;0;784997,1273;5829394,493;13,20313931;52,53990046
2020;9;17;3;3;5;3;0;0;1;0;0;0;0;0;796834,1625;5826359,739;13,37446124;52,50637833
2020;9;10;6;3;2;7;0;0;1;0;1;0;0;1;808927,6074;5827356,471;13,55300855;52,50859815
2020;9;8;2;3;5;3;0;1;1;0;0;0;0;0;790549,6362;5821755,378;13,27811538;52,46848298
2020;9;0;4;3;9;7;2;0;1;0;0;0;0;0;808485,603;5819041,24;13,53882755;52,43432742
2020;9;17;3;3;5;2;0;1;1;0;0;0;0;0;797753,7872;5826069,549;13,38771116;52,50327601
2020;9;17;5;3;5;3;0;1;0;0;0;0;0;0;795183,7428;5823919,643;13,34805298;52,48540007
2020;9;21;1;2;2;6;2;0;1;0;0;0;0;0;801240,297;5821611,632;13,43489413;52,46140495
2020;9;16;3;2;5;3;0;0;1;0;0;0;0;0;795717,81;5828196,358;13,35969358;52,52344828
2020;9;9;6;3;2;6;0;0;1;0;0;0;0;1;792125,6912;5820352,331;13,30002278;52,45506432
2020;9;10;3;3;0;5;0;1;1;0;0;0;0;0;798880,5548;5824656,108;13,40299386;52,48999042
2020;9;17;3;3;3;6;0;0;0;0;0;0;1;0;791888,1446;5826460,987;13,3018854;52,50995471
2020;9;13;7;3;2;6;0;1;1;0;0;0;0;1;801284,5159;5823824,847;13,4375418;52,48121823
2020;9;19;3;2;5;3;2;1;0;0;1;0;0;0;802285,5158;5832336,119;13,45997075;52,55695127
2020;9;17;3;3;5;2;0;1;0;0;1;0;0;0;810038,2416;5819410,397;13,56193585;52,43675796
2020;9;8;6;3;5;3;0;1;1;0;0;0;0;1;796943,2094;5826780,714;13,37643871;52,51009258
2020;9;7;2;3;6;4;0;1;0;1;0;0;0;1;793898,8;5823936,79;13,32919973;52,48624698
2020;9;7;4;3;5;3;0;1;1;0;0;0;0;0;798435,2936;5835602,139;13,40628687;52,58834981
2020;9;1;3;2;9;1;2;0;1;0;0;0;0;0;795338,7224;5821007,97;13,34775077;52,45921508
2020;9;16;5;3;2;6;0;0;1;0;1;0;0;0;801477,851;5823245,015;13,43985588;52,47591437
2020;9;14;1;2;5;3;0;1;1;0;0;0;0;0;805842,3369;5831853,577;13,5118283;52,55064087
2020;9;15;3;3;5;2;0;1;1;0;0;0;0;0;794535,1211;5828207,398;13,3423218;52,52418741
2020;9;15;4;3;5;3;0;1;1;0;0;0;0;0;791833,8128;5829752,349;13,30397554;52,53949017
2020;9;13;6;3;1;5;0;1;1;0;0;0;0;1;799853,3017;5827762,574;13,42007527;52,51730162
2020;9;8;3;3;5;3;0;0;1;0;0;0;0;0;786244,4649;5834744,908;13,22609696;52,58721663
2020;9;17;3;3;6;4;0;0;1;1;0;0;0;0;799813,9829;5825702,028;13,4176417;52,49885366
2020;9;14;6;3;0;7;0;0;0;0;0;0;1;1;804484,2922;5840941,323;13,50021481;52,63284933
2020;9;13;4;3;6;2;0;0;1;1;0;0;0;0;800600,9992;5825194,641;13,42874262;52,49387285
2020;9;11;2;3;1;5;0;0;1;0;0;0;0;0;794437,4462;5821144,418;13,33464452;52,46092459
2020;9;11;4;3;5;2;0;1;0;0;0;0;1;0;795899,0484;5831964,981;13,36571346;52,55713205
2020;9;15;5;3;4;5;0;1;1;0;0;0;0;0;795393,7988;5823283,168;13,35057346;52,47958092
2020;9;7;6;2;5;2;0;1;1;0;0;0;0;1;796967,9432;5827045,819;13,37703864;52,5124555
2020;9;12;4;3;6;4;0;0;1;1;0;0;0;0;800654,9499;5827575,159;13,43168449;52,51518043
2020;9;12;2;3;2;6;0;0;1;0;0;0;0;0;793959,3608;5825920,987;13,33183994;52,50400172
2020;9;13;4;3;3;6;0;1;1;0;0;0;0;0;793701,0381;5826078,522;13,32818403;52,50555305
2020;9;16;5;3;5;2;0;0;1;0;0;0;0;0;811040,974;5816919,413;13,57432305;52,41386541
2020;9;23;7;3;6;2;2;0;1;1;0;0;0;1;793685,4885;5828127,353;13,32976393;52,52392817
2020;9;14;3;3;2;6;0;0;1;0;0;0;0;0;786722,2608;5828228,811;13,22750089;52,52854436
2020;9;17;6;3;5;3;0;0;1;0;0;0;0;0;803238,8032;5829620,344;13,47151001;52,53208058
2020;9;15;2;3;5;7;0;0;1;0;0;0;1;0;810871,5203;5830931,895;13,5849008;52,53953473
2020;9;16;3;3;2;6;0;1;0;0;0;0;1;0;791318,738;5820656,29;13,28844601;52,45822003
2020;9;13;6;3;2;6;0;0;1;0;0;0;1;0;793095,5347;5816656,112;13,31101361;52,42140922
2020;9;12;4;3;2;6;0;0;1;0;0;0;1;0;795428,9246;5836387,676;13,36274023;52,59703244
2020;9;20;2;3;9;1;2;0;0;0;1;0;0;0;806093,7103;5819155,607;13,50385824;52,43669611
2020;9;8;4;3;3;5;0;1;1;0;0;0;0;0;795720,6795;5824969,957;13,35686933;52,49452475
2020;9;18;5;3;5;3;0;1;1;0;0;0;0;0;806580,6788;5833458,008;13,52416549;52,56460487
2020;9;18;7;3;3;6;1;0;1;0;1;0;0;1;799528,3257;5828110,452;13,41561356;52,52059838
2020;9;12;3;3;6;2;0;0;1;1;0;0;0;0;784705,9694;5828611,89;13,19818734;52,53303587
2020;9;16;3;3;5;2;0;1;1;0;0;0;0;0;799653,3787;5816431,802;13,40696283;52,41584725
2020;9;10;6;3;2;6;0;0;1;0;0;0;0;1;798131,7173;5829895,858;13,39669193;52,53736754
2020;9;11;2;3;5;5;0;0;1;0;0;0;0;0;809742,6731;5832093,442;13,5693927;52,55058674
2020;9;19;7;3;5;3;2;0;1;0;0;0;0;1;791908,3135;5828208,066;13,30371471;52,52560613
2020;9;8;3;3;0;6;0;1;0;0;0;0;0;0;794545,2085;5829059,209;13,34322467;52,53181786
2020;9;16;3;3;0;3;0;1;1;0;0;0;0;0;798559,8744;5826813,386;13,40021877;52,50950305
2020;9;14;3;3;5;2;0;1;1;0;0;0;0;0;797833,5347;5824902,021;13,38783859;52,49276699
2020;9;14;6;3;3;6;0;1;0;0;0;0;0;1;799442,4498;5825663,528;13,41215034;52,49871256
2020;9;7;2;3;6;4;0;0;1;1;0;0;0;0;804247,3672;5830341,074;13,48699242;52,53797818
2020;9;16;3;3;5;7;0;0;1;0;0;0;0;0;801821,9755;5825758,408;13,44718327;52,49825219
2020;9;12;6;2;5;3;0;0;1;0;1;0;0;1;796595,9848;5833588,48;13,37741486;52,57130574
2020;9;17;2;3;5;2;0;0;1;0;1;0;0;0;794465,6723;5825855,207;13,33921964;52,50313903
2020;9;20;3;3;5;7;2;0;1;0;0;0;0;0;796871,0895;5831556,18;13,37964395;52,55293861
2020;9;12;5;3;0;1;0;1;1;0;0;0;0;0;802318,0611;5827476,536;13,45602898;52,51337719
2020;9;15;7;3;2;6;0;0;1;0;0;0;0;1;801284,5666;5823824,864;13,43754256;52,48121835
2020;9;9;3;2;2;2;0;0;1;0;0;0;0;0;799882,5081;5827802,189;13,42054011;52,51764064
2020;9;16;3;3;2;6;0;0;1;0;0;0;0;0;808760,8115;5821605,354;13,54523245;52,45715172
2020;9;9;6;3;5;3;0;0;1;0;1;0;0;1;799709,2193;5832504,313;13,42223513;52,55988278
2020;9;6;4;3;5;3;0;0;1;0;0;0;0;0;800040,9837;5814704,886;13,41109754;52,40015541
2020;9;18;3;3;2;6;0;0;1;0;0;0;0;0;795275,8281;5826627,717;13,35180585;52,50962617
2020;9;17;5;3;6;4;0;0;1;1;0;0;0;0;800658,4592;5827574,637;13,43173558;52,51517382
2020;9;14;4;3;0;4;0;0;0;1;0;0;1;0;789546,3356;5817862,771;13,26001226;52,43411694
2020;9;18;3;3;5;3;0;0;1;0;1;0;0;0;797708,4019;5831748,497;13,39212961;52,55420547
2020;9;18;5;3;3;6;0;1;1;0;0;0;0;0;793533,7353;5826475,852;13,32607653;52,50920497
2020;9;13;1;3;0;5;0;1;0;0;0;0;1;0;801096,5155;5817106,222;13,42872502;52,42110045
2020;9;17;3;3;2;6;0;0;1;0;1;0;0;0;801696,7622;5823726,587;13,44350494;52,48010992
2020;9;13;5;3;5;7;0;0;0;0;1;0;1;0;798022,9455;5830083,927;13,39526162;52,53911282
2020;9;13;7;3;2;6;0;0;1;0;0;0;0;1;795779,1087;5831876,912;13,36387096;52,55640775
2020;9;17;3;3;1;5;0;1;1;0;0;0;0;0;805443,446;5817253,36;13,49258499;52,42001046
2020;9;15;3;3;5;2;0;0;1;0;0;0;0;0;788837,3663;5819591,062;13,25110649;52,44998683
2020;9;7;6;3;2;6;0;0;1;0;0;0;0;1;796932,5567;5830176,034;13,37931396;52,54053369
2020;9;13;2;2;6;4;0;0;0;1;0;0;1;0;797282,7886;5831280,611;13,38545156;52,55024393
2020;9;2;4;3;5;3;2;1;1;0;0;0;0;0;792725,1237;5826087,538;13,31385456;52,50615836
2020;9;18;3;3;2;2;0;0;1;0;1;0;0;0;801446,7857;5820650,327;13,43705627;52,45267464
2020;9;16;5;3;2;6;0;0;1;0;0;0;0;0;797118,6145;5824073,186;13,37660046;52,48572695
2020;9;10;1;3;5;3;0;1;1;0;0;0;0;0;793274,6101;5818923,121;13,31562781;52,44163655
2020;9;15;3;3;5;3;0;1;0;0;0;0;0;0;801612,494;5826024,495;13,44434773;52,50075298
2020;9;19;6;3;2;6;2;0;1;0;0;0;0;1;796264,2509;5826263,055;13,3660029;52,50582142
2020;9;8;3;3;5;2;0;1;0;0;0;1;0;0;792078,1448;5828573,632;13,30653204;52,52879239
2020;9;18;1;3;5;2;1;1;1;0;0;0;0;1;796643,2152;5826640,567;13,37190639;52,50899952
2020;9;16;3;3;5;2;0;1;1;0;0;0;0;0;802535,475;5824559,968;13,4565736;52,48711554
2020;9;9;6;3;5;2;0;1;0;0;0;1;0;1;790024,888;5825236,71;13,27344124;52,49997271
2020;9;8;3;3;2;6;0;0;1;0;0;1;0;0;793974,3813;5822305,167;13,32887112;52,47157953
2020;9;18;3;2;0;1;0;0;0;0;1;0;0;0;805853,1589;5821777,247;13,50273092;52,46032716
2020;9;6;6;3;5;3;1;0;1;0;0;0;0;1;794393,8889;5827610,293;13,33971761;52,51891102
2020;9;21;4;2;2;2;2;1;0;0;0;0;0;0;797160,435;5827685,961;13,38043848;52,51808883
2020;9;12;2;2;5;7;0;0;1;0;1;0;0;0;793350,91;5832401,15;13,32862075;52,56242066
2020;9;12;4;3;3;6;0;0;0;0;1;0;1;0;798170,4794;5830041,852;13,39739274;52,53865497
2020;9;15;4;3;2;6;0;0;1;0;1;0;0;0;795038,5044;5825685,892;13,34748445;52,50131179
2020;9;12;5;3;5;3;0;1;1;0;0;0;0;0;792875,3777;5824762,128;13,3148964;52,49419585
2020;9;21;7;3;2;5;2;0;1;0;0;0;0;1;794480,0566;5826092,239;13,33964059;52,50525611
2020;9;15;3;3;5;3;0;1;1;0;0;0;0;0;801245,4448;5819770,981;13,43330933;52,44490376
2020;9;15;4;3;2;7;0;1;1;0;0;0;0;0;797261,8859;5829749,466;13,38377402;52,53653046
2020;9;16;6;2;6;4;0;0;1;1;0;0;0;0;803120,3812;5827108,09;13,46748023;52,5096296
2020;9;20;2;3;0;7;2;1;0;0;0;0;0;0;789667,618;5829233,852;13,2716733;52,53599761
2020;9;17;3;3;1;5;0;1;1;0;0;0;0;0;790653,1259;5827350,37;13,28451582;52,51858751
2020;9;13;6;3;5;2;0;1;1;0;0;0;0;1;794402,8698;5830548,728;13,3424521;52,54524727
2020;9;18;2;3;1;5;1;1;1;0;0;0;0;0;794108,7338;5825965,223;13,33407337;52,50431777
2020;9;7;3;3;0;7;0;1;0;1;0;0;0;0;801185,5494;5831980,644;13,44347229;52,55437456
2020;10;21;6;3;5;7;2;0;1;0;0;0;0;0;794748,2301;5820259,524;13,33842439;52,45282445
2020;10;16;4;3;0;1;0;1;0;0;0;0;0;1;804787,4252;5826285,917;13,49121518;52,50133204
2020;10;18;3;2;5;2;0;0;1;0;0;0;1;0;794490,3273;5830675,284;13,34385028;52,54633449
2020;10;18;3;3;5;3;2;0;1;0;0;0;1;1;800680,0821;5824253,344;13,42905465;52,48539214
2020;10;16;6;3;2;6;0;0;1;0;0;0;0;0;797617,5084;5826423,022;13,38602532;52,50651884
2020;10;17;4;3;1;5;0;0;1;0;0;0;1;0;811091,5306;5831572,307;13,58873399;52,5451481
2020;10;16;6;3;4;6;0;0;1;0;1;0;0;0;793380,6223;5820710,658;13,31875307;52,45760447
2020;10;13;3;2;5;3;0;0;0;0;1;0;0;0;797609,2316;5828369,677;13,38764487;52,52397279
2020;10;19;7;3;0;1;2;0;0;0;0;0;1;0;795260,1642;5826605,144;13,35155569;52,5094323
2020;10;17;3;3;5;2;1;1;1;0;0;0;0;0;801022,5187;5842286,518;13,45044528;52,64683587
2020;10;20;6;2;0;1;2;1;0;0;0;0;0;0;806783,4516;5820227,156;13,51495655;52,44591331
2020;10;13;6;3;6;4;0;0;1;1;0;0;0;0;799330,6315;5819051,779;13,40457627;52,43950863
2020;10;12;4;3;6;4;0;0;1;1;0;0;0;0;798840,6861;5834952,746;13,41166742;52,58230649
2020;10;13;3;3;5;7;0;1;1;0;0;0;0;0;799104,0843;5830031,888;13,41110822;52,53805404
2020;10;15;6;3;5;3;0;1;1;0;0;0;0;0;803049,2221;5832687,663;13,47152233;52,55967763
2020;10;7;4;3;5;3;0;0;1;0;1;0;0;0;809220,7222;5823022,745;13,55329268;52,46959418
2020;10;14;6;3;5;3;0;1;1;0;0;0;0;0;794848,796;5833266,14;13,3514229;52,5693655
2020;10;7;4;3;2;6;0;0;1;0;0;0;1;1;801000,6894;5822169,522;13,43188121;52,46653754
2020;10;9;6;3;5;3;0;0;1;0;0;0;1;0;800333,1444;5824344,674;13,42404307;52,48640172
2020;10;14;7;2;2;6;0;1;0;0;1;0;0;0;788976,5591;5827064,178;13,2596274;52,51691273
2020;10;13;3;3;5;3;0;1;1;0;0;0;0;0;801169,2593;5820609,163;13,43294746;52,45245865
2020;10;2;6;3;0;7;2;0;1;0;0;0;0;0;795530,4035;5830896,949;13,35934089;52,54775831
2020;10;6;6;3;5;2;0;0;1;0;0;0;0;0;800309,711;5816740,967;13,41686175;52,41825878
2020;10;11;4;3;1;7;0;0;1;0;0;0;0;0;798476,1714;5819896,383;13,39279773;52,44754654
2020;10;17;3;2;3;6;0;0;1;0;1;0;0;0;809448,3071;5818669,94;13,55259997;52,43045613
2020;10;8;6;3;5;2;0;1;1;0;0;0;0;0;798311,6691;5826965,845;13,39670904;52,51100544
2020;10;0;4;3;9;1;2;0;0;0;0;0;1;1;793987,2611;5832025,356;13,33764846;52,5587087
2020;10;7;6;3;0;1;0;0;0;0;1;0;0;0;795046,5469;5825696,681;13,34761215;52,50140417
2020;10;9;7;2;5;3;0;0;1;0;0;0;0;0;803000,7028;5842048,459;13,47937622;52,64360175
2020;10;19;5;3;8;1;1;0;1;0;0;0;0;1;803303,2628;5818307,332;13,46216594;52,43064752
2020;10;14;3;2;6;4;0;0;1;1;0;0;0;0;797258,9847;5833188,475;13,38681033;52,56735854
2020;10;18;3;3;1;5;1;1;1;0;0;0;0;0;792147,7729;5825671,927;13,30500765;52,50274197
2020;10;10;6;3;5;2;0;1;1;0;0;0;0;0;808724,6645;5834238,674;13,55642211;52,5703895
2020;10;19;4;3;2;2;2;0;1;0;0;0;1;1;794750,8311;5821244,811;13,3393324;52,46165562
2020;10;17;3;3;6;4;0;0;1;1;0;0;0;0;798898,9536;5825231,962;13,40378063;52,4951421
2020;10;13;7;3;5;3;0;0;1;0;1;0;0;0;795817,7537;5833165,101;13,36558775;52,56793409
2020;10;21;5;2;0;4;2;0;0;1;1;0;0;1;806578,9041;5827731,989;13,51885641;52,51328855
2020;10;6;3;3;0;2;0;1;1;0;0;0;0;0;806486,7774;5829658,538;13,51927827;52,53060642
2020;10;14;6;3;2;6;0;0;1;0;0;0;0;0;785199,1951;5828307,571;13,20517792;52,5300495
2020;10;8;4;3;1;5;0;1;1;0;0;0;0;0;796566,7264;5833575,267;13,37697259;52,57120324
2020;10;14;3;3;2;6;0;0;1;0;1;0;0;0;786187,7476;5825987,48;13,21771488;52,50872996
2020;10;14;6;3;5;2;0;0;1;0;0;0;0;0;789200,7285;5829288,826;13,26485675;52,53673842
2020;10;16;4;3;3;6;0;1;1;0;0;0;0;1;801954,6418;5824578,349;13,44806218;52,48760183
2020;10;19;1;3;6;4;2;0;1;1;0;0;0;0;800561,5651;5828457,387;13,43110955;52,52313954
2020;10;14;6;3;5;3;0;1;1;0;0;0;0;0;793895,8907;5822922,224;13,32826263;52,47715341
2020;10;20;6;3;1;5;2;1;1;0;0;0;0;0;797263,5387;5831297,294;13,38518342;52,55040397
2020;10;18;5;2;5;3;2;1;1;0;0;0;0;1;796305,2932;5818282,923;13,35951828;52,43426394
2020;10;17;3;3;0;1;0;1;0;0;0;0;0;1;811714,3999;5822076,993;13,5890015;52,45970189
2020;10;20;3;2;6;4;2;0;1;1;0;0;0;0;804608,1902;5831075,275;13,49296914;52,54435689
2020;10;14;6;3;5;2;0;1;1;0;0;0;0;0;802266,1648;5831575,458;13,45899364;52,55014431
2020;10;17;4;3;2;6;0;1;1;0;0;0;0;1;794647,3341;5825769,274;13,3418122;52,50227062
2020;10;14;6;3;2;6;0;0;1;0;0;0;1;0;800385,8265;5827830,826;13,42796128;52,51762033
2020;10;6;3;3;4;2;0;1;0;0;0;0;1;0;802488,8869;5823679,178;13,45509038;52,47924681
2020;10;4;1;3;5;3;2;0;1;0;0;0;0;0;794160,9223;5827011,645;13,33576482;52,51367022
2020;10;1;1;3;0;1;2;0;0;0;0;0;1;0;802638,3132;5826998,747;13,46029936;52,50891721
2020;10;13;6;3;0;3;0;1;1;0;0;0;0;0;798695,1071;5833810,087;13,40849572;52,57214427
2020;10;15;4;3;2;6;0;1;1;0;0;0;0;0;797073,2092;5834935,995;13,3856432;52,58312425
2020;10;13;1;3;0;1;0;0;0;0;1;0;0;0;800787,7463;5825571,538;13,43182533;52,49714822
2020;10;17;1;3;6;4;1;0;0;1;1;0;0;0;801689,3609;5825867,803;13,44533475;52,49930604
2020;10;13;6;3;5;7;0;0;1;0;0;0;0;0;799844,4077;5823656,647;13,41624816;52,48050321
2020;10;20;6;3;2;7;2;1;1;0;0;0;0;0;795567,6946;5829436,485;13,35858993;52,53464634
2020;10;16;4;3;3;6;0;0;1;0;1;0;0;1;794321,0584;5828361,12;13,33931177;52,52568103
2020;10;6;3;3;2;6;2;0;1;0;0;0;0;1;809787,6643;5820484,946;13,55925756;52,44652984
2020;10;9;3;3;3;6;0;0;1;0;1;0;0;0;795052,64;5827184,91;13,34902078;52,51474176
2020;10;13;6;3;5;3;0;1;1;0;0;0;0;0;804613,2639;5829088,578;13,49122286;52,52654828
2020;10;17;4;2;2;6;1;0;1;0;0;0;0;1;784536,6103;5831354,039;13,19804653;52,5577104
2020;10;13;6;2;0;7;0;0;1;0;1;0;0;0;797841,0944;5822205,079;13,38554042;52,46858785
2020;10;17;3;3;3;6;0;1;1;0;0;0;0;0;800125,6647;5830972,847;13,42697548;52,54592649
2020;10;17;7;3;5;2;1;1;1;0;0;0;0;0;792818,8514;5823222,637;13,31271356;52,48042507
2020;10;16;3;3;4;2;1;1;1;0;0;0;0;0;791481,7679;5825983,491;13,29549635;52,5058913
2020;10;13;6;3;2;6;0;0;1;0;0;0;0;0;804958,7313;5829956,243;13,4970953;52,53413157
2020;10;16;6;3;0;7;0;1;0;0;0;0;0;0;805870,245;5824434,561;13,50541809;52,48413362
2020;10;8;4;3;3;6;0;1;1;0;0;0;0;0;791597,0166;5821685,832;13,29342951;52,46730146
2020;10;15;3;3;5;3;0;1;1;0;0;0;0;0;794653,1342;5830528,323;13,34611386;52,54492906
2020;10;23;2;3;5;3;2;1;0;0;0;0;0;0;797906,7645;5825273,399;13,3892461;52,49605599
2020;10;12;6;3;1;7;0;0;1;0;0;0;0;0;811426,8135;5827420,326;13,58977396;52,50774954
2020;10;16;6;3;2;6;0;0;1;0;0;0;0;0;795179,4299;5826956,2;13,35068091;52,51262295
2020;10;14;4;3;0;6;0;0;0;0;1;1;0;1;796819,582;5826051,147;13,37397193;52,50362005
2020;10;11;2;2;5;2;0;0;0;0;1;0;1;0;786750,798;5829272,365;13,22882072;52,53788549
2020;10;12;6;3;0;1;0;0;0;1;1;0;0;0;797010,4082;5826597,353;13,37726235;52,50841237
2020;10;8;4;3;5;7;0;1;1;0;0;0;0;1;793181,3962;5831957,273;13,32573504;52,55853285
2020;10;11;6;3;1;5;0;0;1;0;0;0;0;0;792952,224;5835508,331;13,32550164;52,59048952
2020;10;14;7;3;3;6;0;1;0;0;0;0;0;0;798919,8533;5825586,935;13,40440611;52,49831249
2020;10;7;5;3;0;7;0;1;1;0;0;0;0;0;795024,562;5823837,371;13,34564276;52,48474859
2020;10;0;2;3;5;2;2;1;1;0;0;0;0;0;794572,0165;5828351,917;13,34299207;52,525463
2020;10;11;6;3;5;2;0;1;1;0;0;0;0;0;790330,0525;5827542,665;13,27993568;52,52048354
2020;10;9;4;3;5;2;0;1;1;0;0;0;0;0;799725,4778;5826049,584;13,41665462;52,50201758
2020;10;18;2;3;5;2;1;1;1;0;0;0;0;1;797571,8762;5831890,295;13,39024897;52,55555111
2020;10;21;5;3;5;3;2;1;0;0;0;0;0;0;795498,9485;5824721,773;13,35339267;52,49242007
2020;10;16;4;2;6;4;0;0;1;1;0;0;0;1;801914,6937;5830337,241;13,45270038;52,53924113
2020;10;8;5;3;0;1;0;0;0;0;1;0;0;0;792664,2722;5821319,295;13,30877398;52,46344487
2020;10;6;4;3;5;2;1;0;1;0;0;0;0;1;805720,7274;5831817,617;13,51000724;52,55038685
2020;10;13;5;3;6;7;0;0;1;1;0;0;0;0;794739,0612;5831240,555;13,34800944;52,55126719
2020;10;15;7;3;5;3;0;1;1;0;0;0;0;0;798324,1612;5825388,793;13,39547957;52,49686236
2020;10;20;5;3;2;6;2;0;1;0;0;0;0;1;800949,743;5822289,178;13,43124144;52,46763813
2020;10;19;2;3;0;4;2;0;0;1;1;0;0;1;809553,5758;5819127,099;13,55456659;52,43449358
2020;10;17;5;3;5;3;0;1;1;0;0;0;0;0;802756,1285;5831731,77;13,4663402;52,5512732
2020;10;20;4;3;5;3;2;0;1;0;0;0;0;1;795884,719;5831928,984;13,36547062;52,55681716
2020;10;16;2;3;5;2;0;1;0;0;0;0;1;1;800718,1279;5827874,25;13,43288304;52,51782642
2020;10;17;5;2;5;3;0;0;1;0;1;0;0;0;805742,906;5818812,998;13,49840047;52,43382166
2020;10;15;4;3;1;5;0;1;1;0;0;0;0;0;791532,2283;5826907,267;13,29704685;52,51414589
2020;10;17;1;3;1;1;0;1;1;0;0;0;0;0;789480,2487;5819073,196;13,26009129;52,4450039
2020;10;17;5;3;1;5;0;1;1;0;0;0;0;0;801592,9916;5825659,605;13,44373088;52,4974932
2020;10;10;6;3;0;6;0;0;1;0;0;0;1;0;793954,5639;5826194;13,33201053;52,50645172
2020;10;9;5;1;5;2;0;1;0;0;0;1;0;0;812132,8645;5820049,421;13,59324592;52,44129326
2020;10;8;2;3;5;2;0;1;0;0;0;0;1;0;803727,8755;5817997,424;13,46811074;52,42763426
2020;10;9;3;3;1;5;0;1;1;0;0;0;0;0;801460,4985;5827607,622;13,44354902;52,51502676
2020;10;17;5;3;6;7;0;0;1;1;0;0;0;0;787515,0355;5829899,126;13,24060012;52,54310203
2020;10;22;7;3;5;3;2;1;1;0;0;0;0;0;801397,0552;5823746,531;13,43912316;52,48045416
2020;10;18;5;3;0;1;2;0;0;0;1;0;0;1;803208,3044;5826817,458;13,46850706;52,50697586
2020;10;15;2;3;0;7;0;1;0;0;0;0;0;1;796051,1974;5823250,873;13,36019656;52,47893543
2020;10;11;3;3;2;2;0;0;1;0;0;0;0;0;810633,334;5821021,486;13,57215953;52,45085835
2020;10;16;5;2;5;2;0;0;1;0;1;0;0;0;793586,466;5834643,614;13,33407106;52,58239596
2020;10;18;4;3;0;6;1;0;0;0;1;0;1;1;787963,7722;5829867,573;13,2471715;52,54258216
2020;10;15;5;3;6;7;0;0;0;1;0;0;1;0;803083,4307;5825984,729;13,46591486;52,49958161
2020;10;19;3;3;5;2;2;1;1;0;0;0;0;1;796641,944;5826645,407;13,37189203;52,5090436
2020;10;7;3;3;2;6;0;1;1;0;0;0;0;0;798241,8966;5829023,231;13,3975286;52,52948533
2020;10;11;1;3;5;3;0;1;1;0;0;0;0;0;798334,1359;5825630,643;13,39584269;52,49902478
2020;10;16;1;3;5;2;0;1;1;0;0;0;0;0;796642,9584;5826641,545;13,37190349;52,50900843
2020;10;15;5;3;5;3;0;0;1;0;1;0;0;0;785658,2525;5828040,24;13,21169703;52,52741227