UJAHR;UMONAT;USTUNDE;UWOCHENTAG;UKATEGORIE;UART;UTYP1;ULICHTVERH;IstRad;IstPKW;IstFuss;IstKrad;IstGkfz;IstSonstige;USTRZUSTAND;LINREFX;LINREFY;XGCSWGS84;YGCSWGS84
2020;10;19;6;3;0;2;1;0;1;0;0;0;1;0;784761,393;5830440,578;13,20056972;52,54940286
2020;10;15;4;3;0;2;0;0;1;0;0;0;0;0;803014,4601;5825746,029;13,46468478;52,49748047
2020;10;14;2;3;0;5;0;1;1;0;0;0;0;0;812409,6656;5820094,696;13,59734733;52,44154094
2020;10;9;3;3;5;2;0;1;1;0;0;0;0;0;796952,6725;5826777,071;13,37657449;52,51005478
2020;10;15;5;3;5;2;0;1;1;0;0;0;0;0;795238,1583;5824306,362;13,34919459;52,48883732
2020;10;13;4;2;0;1;0;1;0;0;0;0;0;1;793742,8526;5820572,327;13,32394715;52,45616981
2020;10;8;3;3;2;6;0;0;1;0;0;1;0;0;801144,9895;5820637,408;13,43261686;52,45272519
2020;10;14;5;3;5;3;0;0;1;0;1;0;0;0;795463,6623;5832475,79;13,35976475;52,56194737
2020;10;14;5;3;2;6;0;0;1;0;0;0;0;0;799607,1218;5834004,702;13,42208862;52,57338742
2020;10;17;4;3;6;4;0;0;1;1;0;0;0;0;795644,3004;5823559,58;13,35449639;52,48192319
2020;10;22;3;3;1;5;2;0;1;0;1;0;0;1;800768,6158;5822097,058;13,42840998;52,46601583
2020;10;14;5;3;5;2;0;1;1;0;0;0;0;0;798057,6299;5837198,756;13,40216569;52,60286816
2020;10;16;2;3;5;2;0;1;1;0;0;0;0;1;794964,1236;5824294,122;13,34515952;52,48887572
2020;10;20;1;3;0;1;2;1;0;0;0;0;0;0;804561,6342;5830770,984;13,49200577;52,54165571
2020;10;2;7;3;5;2;2;1;1;0;0;0;0;0;795901,0195;5831965,323;13,36574275;52,55713404
2020;10;19;2;3;0;3;2;0;1;0;1;0;0;1;810660,7958;5821947,341;13,57342365;52,4591399
2020;10;14;5;3;5;3;0;0;1;0;0;0;0;0;812119,1841;5820813,348;13,59375888;52,44814691
2020;10;19;6;2;5;2;2;0;1;0;1;0;0;0;781981,7593;5828468,404;13,15801076;52,53316558
2020;10;12;4;3;5;2;0;1;1;0;0;0;0;1;796653,7509;5831082,747;13,37602481;52,54881322
2020;10;16;2;3;4;2;0;0;1;0;0;0;0;1;797810,2361;5819434,942;13,38261673;52,44377334
2020;10;14;5;3;5;3;0;1;1;0;0;0;0;0;806411,7212;5825657,698;13,51449169;52,49479216
2020;10;8;4;2;5;2;0;1;1;0;0;0;0;0;800318,9481;5831543,434;13,43033322;52,55093429
2020;10;23;3;3;5;5;2;0;1;0;1;0;0;1;799358,6586;5826317,034;13,41150716;52,50461624
2020;10;13;5;3;6;2;0;0;1;1;0;0;0;0;800299,8854;5816743,82;13,41672026;52,41828974
2020;10;17;7;2;0;7;0;1;0;0;0;0;0;0;798733,2217;5832862,329;13,40820292;52,56362816
2020;10;22;5;3;0;3;2;0;1;0;1;0;0;1;793389,51;5832514,299;13,32928861;52,56341418
2020;10;14;2;3;5;3;0;0;1;0;0;0;1;0;802580,3609;5833491,696;13,46536031;52,56714473
2020;10;15;7;2;5;3;0;0;1;0;0;0;0;0;780017,1486;5827866,621;13,12861635;52,52878245
2020;10;19;2;3;1;5;2;1;1;0;0;0;0;1;804530,4624;5830788,115;13,49156325;52,54182667
2020;10;11;5;2;0;1;0;1;0;0;0;0;0;0;792477,797;5820808,465;13,3055894;52,4589652
2020;10;12;5;3;5;3;0;0;1;0;1;0;0;0;791148,3488;5824726,761;13,28949908;52,49480277
2020;10;11;4;3;5;2;0;1;0;0;0;1;0;0;798709,7237;5816024,209;13,39276523;52,41270943
2020;10;16;2;3;5;3;1;1;1;0;0;0;0;1;799080,2823;5829017,503;13,40984557;52,52897467
2020;10;12;5;3;5;3;0;1;1;0;0;0;0;0;810027,5514;5833616,144;13,57500293;52,56407029
2020;10;6;4;3;2;6;2;0;1;0;0;0;0;1;790838,1315;5817586,558;13,2787204;52,4309553
2020;10;21;3;3;1;5;2;0;1;0;0;0;0;1;797517,8287;5832692,467;13,39017324;52,56277107
2020;10;15;5;3;5;2;0;1;1;0;0;0;0;0;794169,4052;5823922,268;13,33316061;52,48597105
2020;10;9;7;3;2;6;0;0;1;0;0;0;1;0;796296,0504;5828522,31;13,36848195;52,5260562
2020;10;19;5;2;6;4;1;0;0;1;0;0;1;0;795392,8376;5828562,241;13,35524266;52,52690427
2020;10;15;2;3;5;2;0;1;1;0;0;0;0;0;793348,71;5822268,657;13,31965426;52,47158859
2020;10;11;3;3;2;6;0;0;1;0;0;0;0;0;798114,5459;5829927,429;13,39646782;52,53765992
2020;10;10;5;3;5;2;0;1;0;0;0;0;0;0;801696,5742;5824226,696;13,44395475;52,48459258
2020;10;20;4;3;1;5;2;1;1;0;0;0;0;1;791336,8619;5835534,813;13,30174707;52,59159456
2020;10;16;2;2;0;6;0;1;1;0;0;0;0;1;792414,1302;5826160,884;13,30935001;52,50698267
2020;10;7;5;3;5;3;1;1;1;0;0;0;0;1;813013,5901;5821425,301;13,60745002;52,45311944
2020;10;15;4;3;0;3;0;1;1;0;0;0;0;1;798056,7735;5833451,59;13,39878248;52,56928078
2020;10;11;5;3;9;1;0;0;1;0;0;0;0;0;797342,6172;5819402,075;13,37572775;52,44373321
2020;10;9;4;2;5;2;0;1;0;0;0;1;0;0;803700,4456;5826249,524;13,47521791;52,50161188
2020;10;18;2;3;5;3;2;0;1;0;0;0;0;1;794500,2517;5820873,14;13,33532693;52,45845888
2020;10;10;5;2;1;5;0;0;1;0;0;0;0;0;800796,01;5813117,054;13,42073675;52,38550861
2020;10;16;4;3;5;3;0;0;1;0;0;0;1;1;811122,4282;5828405,16;13,58622422;52,51674866
2020;10;10;5;3;5;2;0;0;1;0;1;0;0;0;798904,2345;5834987,614;13,41263398;52,58258412
2020;10;20;7;3;2;6;2;0;1;0;0;0;0;0;797887,777;5830289,265;13,39345862;52,54102732
2020;10;18;5;2;2;6;0;0;1;0;0;0;0;1;794290,5829;5835457,672;13,34515613;52,58931295
2020;10;12;2;3;5;3;0;1;1;0;0;0;0;0;789359,0968;5817800,744;13,25721204;52,43365993
2020;10;9;3;2;5;2;0;1;0;0;0;1;0;0;798684,189;5826450,105;13,40171911;52,50617868
2020;10;9;5;3;1;5;0;1;1;0;0;0;0;0;793178,8858;5828287,489;13,32245946;52,52563637
2020;10;17;4;2;1;5;1;0;1;0;0;0;0;1;818791,3582;5822194,111;13,69292369;52,45666953
2020;10;19;3;3;5;2;2;1;1;0;0;0;0;1;800404,2607;5825784,459;13,42638539;52,49926792
2020;10;9;5;3;0;7;0;1;0;0;0;0;1;0;805844,6058;5827143,516;13,50752883;52,50842667
2020;10;19;3;3;5;3;2;0;1;0;1;0;0;1;793914,2038;5825524,164;13,33082631;52,50046873
2020;10;7;1;3;5;2;0;0;1;0;0;0;0;0;788023,358;5829569,486;13,24778927;52,53987819
2020;10;2;1;3;5;3;2;0;1;0;0;0;0;1;792283,1246;5833928,748;13,31425958;52,57668922
2020;10;23;5;3;0;4;2;0;0;1;0;0;1;0;800046,2749;5830412,633;13,42530224;52,54094885
2020;10;17;6;3;3;6;0;1;1;0;0;0;0;0;798217,3689;5825851,751;13,39432566;52,50107056
2020;10;13;1;3;2;6;0;0;1;0;1;0;0;0;787651,1736;5826352,282;13,23953353;52,51123091
2020;10;18;1;3;0;1;1;1;0;0;0;0;0;0;797862,5906;5824587,576;13,3879842;52,4899325
2020;10;22;5;3;1;7;2;0;1;0;0;0;0;0;795919,9004;5828840,53;13,36323684;52,52911304
2020;10;20;6;3;5;2;2;0;1;0;1;0;0;0;792157,8781;5833354,585;13,31191067;52,57160933
2020;10;6;4;3;0;6;2;0;1;0;1;0;0;1;796727,9611;5823975,842;13,37077762;52,48506681
2020;10;18;2;3;4;5;1;1;1;0;0;0;0;1;813563,6148;5826217,777;13,62002278;52,49574972
2020;10;9;3;3;5;3;0;0;1;0;0;0;1;0;800872,8206;5831067,942;13,43804659;52,54636675
2020;10;20;5;3;3;6;2;0;1;0;0;0;0;0;793427,103;5833428,657;13,33065044;52,57159059
2020;10;16;4;3;2;6;0;0;1;0;1;0;0;1;798436,4626;5826514,224;13,39813752;52,50688898
2020;10;19;5;2;5;2;2;1;1;0;0;0;0;0;797573,1612;5826520,109;13,38546063;52,5074133
2020;10;17;2;3;0;7;0;0;1;0;1;0;0;1;802201,6969;5819238,28;13,44685442;52,4396014
2020;10;18;7;3;5;2;1;1;1;0;0;0;0;0;798328,5879;5825628,209;13,39575902;52,499006
2020;10;17;2;3;5;2;1;0;1;0;0;0;1;1;801868,3145;5828990,722;13,45079575;52,52719798
2020;10;18;5;2;5;3;1;1;1;0;0;0;0;0;789629,9155;5827415,461;13,26953494;52,51971546
2020;10;16;6;3;0;6;0;0;0;0;1;0;0;0;803997,579;5826553,312;13,47985916;52,5041692
2020;10;12;4;3;5;3;0;1;1;0;0;0;0;1;797895,4469;5826569,784;13,39023961;52,50768269
2020;10;17;2;3;2;6;0;0;1;0;1;0;0;1;795875,2913;5820851,271;13,35548609;52,45752016
2020;10;8;5;3;1;5;0;1;1;0;0;0;0;0;796013,021;5828138,104;13,36398025;52,5227659
2020;10;6;4;3;5;3;1;1;1;0;0;0;0;0;808194,6179;5819624,748;13,53509874;52,43972091
2020;10;20;3;3;2;6;2;0;1;0;0;0;0;1;799206,5803;5837613,007;13,4194548;52,60595015
2020;10;14;4;2;0;2;0;1;0;0;0;1;0;1;795474,9155;5833411,749;13,36076391;52,57033124
2020;10;17;2;3;1;7;0;1;1;0;0;0;0;0;797241,8325;5820415,09;13,37515068;52,45286872
2020;10;18;5;3;5;3;0;1;1;0;0;0;0;0;802013,2525;5826919,051;13,45104511;52,50854929
2020;10;8;4;3;5;3;0;0;1;0;1;0;0;0;802304,6967;5833110,625;13,46095834;52,5638824
2020;10;7;5;3;5;3;0;1;0;0;0;0;0;0;798244,3848;5833440,135;13,40153211;52,56907534
2020;10;14;7;3;2;6;0;0;1;0;0;0;0;0;799166,4175;5819064,046;13,40217863;52,43970845
2020;10;7;5;3;5;2;0;1;1;0;0;0;0;0;793116,6017;5832638,118;13,32538341;52,56467115
2020;10;17;2;3;0;2;0;0;1;0;1;0;0;1;790372,1614;5818261,509;13,27247213;52,43725397
2020;10;7;5;2;6;4;0;0;0;1;0;0;1;1;806613,3904;5833959,031;13,52510964;52,56907664
2020;10;17;5;3;2;6;0;0;1;0;0;0;0;0;789334,0123;5828938,707;13,26651156;52,53352879
2020;10;9;4;2;5;2;0;1;1;0;0;0;0;0;809758,3033;5831511,142;13,56907939;52,54535956
2020;10;11;2;3;5;3;0;1;1;0;0;0;0;0;794324,9003;5819194,119;13,331274;52,44350166
2020;9;19;4;3;1;5;1;1;1;0;0;0;0;0;795368,6421;5833926,313;13,35965874;52,5750015
2020;10;16;4;2;6;4;0;0;1;1;0;0;0;1;807427,2371;5821772,913;13,525822;52,45940513
2020;9;13;4;3;5;2;0;1;1;0;0;0;0;0;794899,575;5830225,226;13,34946839;52,5420787
2020;10;19;7;3;0;7;2;1;0;0;0;0;0;0;800005,0133;5825464,854;13,42023374;52,49662279
2020;10;18;5;3;5;2;2;1;1;0;0;0;0;1;806322,9286;5820936,523;13,50885229;52,45252914
2020;10;9;2;3;5;3;0;1;0;0;0;0;0;0;801290,4725;5825361,52;13,43901844;52,49498849
2020;9;14;4;3;3;6;0;1;1;0;0;0;0;0;790225,4;5822870,735;13,27432619;52,47865474
2020;10;11;7;3;5;2;0;1;1;0;0;0;0;0;790624,7585;5816339,785;13,27450753;52,41989104
2020;10;20;5;3;1;5;2;0;1;0;0;0;0;1;788265,1711;5818950,659;13,2421574;52,44454725
2020;10;9;2;3;6;7;0;0;1;1;0;0;0;0;799087,038;5828324,109;13,40932121;52,52275572
2020;9;7;4;3;0;2;0;1;1;0;0;0;0;0;794162,0126;5827015,687;13,33578441;52,51370586
2020;10;21;4;2;1;5;2;0;1;0;0;0;0;0;786164,6011;5829141,529;13,2200887;52,53702059
2020;10;8;2;3;5;2;0;1;1;0;0;0;0;0;797769,4175;5824598,114;13,3866254;52,49007779
2020;9;6;4;3;5;7;1;1;1;0;0;0;0;0;801620,918;5826052,6;13,44449691;52,50100023
2020;10;15;4;3;2;6;0;1;0;0;0;0;0;1;797924,8857;5835002,68;13,39823609;52,58325631
2020;10;19;3;3;0;5;2;1;1;0;0;0;0;1;793354,9906;5822866,163;13,32027199;52,47694165
2020;10;19;1;3;2;3;2;0;1;0;0;0;0;0;803861,2114;5828653,323;13,47977377;52,52306691
2020;9;7;4;3;7;7;0;1;0;0;0;0;0;0;791164,3852;5834718,337;13,29849061;52,58436742
2020;10;14;6;3;0;2;0;1;0;0;0;0;1;0;799142,9104;5828309,114;13,41012878;52,52259066
2020;10;18;5;3;6;2;0;0;1;1;0;0;0;1;797671,5464;5821868,16;13,3827513;52,46566013
2020;10;8;2;3;5;2;0;1;0;0;0;0;0;0;795005,3509;5823815,944;13,34534171;52,4845669
2020;10;9;3;3;0;1;0;0;0;0;1;0;0;0;797470,8861;5826799,675;13,384208;52,50997506
2020;9;17;4;3;3;6;0;1;1;0;0;0;0;0;799668,1904;5827917,883;13,41749529;52,51879546
2020;10;17;4;3;5;7;1;0;1;0;1;0;0;0;791274,9384;5838578,217;13,30351393;52,61891086
2020;10;12;3;3;3;6;0;0;1;0;0;0;1;0;784819,3013;5829133,327;13,20030052;52,53765184
2020;9;14;4;3;5;2;0;1;1;0;0;0;0;0;793197,2008;5824987,291;13,31982132;52,49604158
2020;10;18;4;3;0;3;2;0;1;0;0;0;0;1;806156,1241;5833346,104;13,51781833;52,56384086
2020;9;21;4;3;0;6;2;0;1;0;1;0;0;0;794772,0359;5826218,34;13,3440416;52,50622885
2020;10;7;3;2;5;3;0;1;1;0;0;0;0;0;790742,2163;5820755,324;13,28007114;52,45941489
2020;10;13;1;3;4;6;0;1;1;0;0;0;0;0;793850,4514;5816736,631;13,32215381;52,42172621
2020;10;17;1;3;1;5;0;1;1;0;0;0;0;0;790365,5359;5827349,702;13,28028873;52,51873472
2020;9;20;4;3;5;7;2;0;1;0;1;0;0;0;792743,0589;5826562,415;13,31453569;52,51040586
2020;10;20;6;3;3;6;2;1;0;0;0;0;0;0;796911,6451;5828893,151;13,37786045;52,52904548
2020;10;16;4;3;0;3;0;0;1;0;1;0;0;1;803003,3792;5832002,559;13,47022277;52,55356274
2020;10;8;2;3;0;7;0;1;0;0;0;0;0;0;791036,0465;5826342,166;13,28926146;52,50934477
2020;10;12;3;3;6;4;0;0;0;1;1;0;0;0;791585,4148;5825200,049;13,29633306;52,49881244
2020;9;20;4;2;6;4;1;1;1;1;0;0;0;0;802524,4629;5829068,522;13,46050907;52,52753159
2020;10;15;4;3;5;3;0;0;1;0;0;0;1;1;785653,38;5828113,774;13,21168858;52,52807412
2020;9;19;4;3;6;4;2;1;0;1;0;0;0;0;800275,1466;5824575,075;13,42339908;52,4884988
2020;10;17;7;3;2;2;0;1;1;0;0;0;0;0;803017,1188;5832020,323;13,47044101;52,55371431
2020;10;7;2;3;5;2;0;1;1;0;0;0;0;0;793348,242;5822268,173;13,31964697;52,47158449
2020;9;19;4;3;6;7;1;0;1;1;0;0;0;0;809056,4803;5821550,173;13,54951899;52,45649009
2020;9;19;4;3;1;5;1;0;1;0;1;0;0;0;799625,7661;5828995,199;13,4178425;52,52847521
2020;10;7;2;3;0;1;0;1;0;0;0;0;0;0;802521,6227;5827271,713;13,45883333;52,51142852
2020;10;13;1;3;5;2;0;1;1;0;0;0;0;0;791185,4076;5823236,655;13,28874143;52,48142419
2020;10;21;7;3;6;4;2;1;0;1;0;0;0;0;796439,2845;5830837,037;13,37265185;52,54672746
2020;10;6;2;3;5;3;0;0;1;0;0;0;0;0;807370,8066;5824543,968;13,52754722;52,48427155
2020;9;18;4;3;0;3;1;1;1;0;0;0;0;0;797627,9645;5819460,229;13,37996544;52,44409926
2020;10;17;6;3;0;3;0;1;1;0;0;0;0;0;794160,9189;5820819,624;13,33029998;52,45816188
2020;10;13;4;3;2;6;0;0;1;0;0;0;0;1;801202,0749;5827443,972;13,43960414;52,51370271
2020;10;2;2;3;1;5;2;0;1;0;0;0;0;0;792471,8663;5815701,124;13,30103381;52,41318145
2020;9;18;4;3;2;2;0;1;1;0;0;0;0;0;786239,8762;5826006,485;13,21849721;52,50887299
2020;10;8;4;3;5;2;0;1;1;0;0;0;0;0;799707,8833;5827834,068;13,41800302;52,51802239
2020;9;18;4;2;6;4;0;0;1;1;0;0;0;0;792390,1753;5821088,413;13,30454868;52,46152178
2020;10;14;7;3;2;6;0;0;1;0;0;0;0;0;790538,4409;5822317,572;13,27844067;52,4735291
2020;10;6;5;3;5;2;0;0;1;0;0;0;0;0;799776,2065;5813975,668;13,40656495;52,39376388
2020;10;0;2;3;0;7;2;1;1;0;0;0;0;0;799098,9473;5831778,594;13,41260564;52,55371339
2020;9;18;4;3;2;6;0;0;1;0;1;0;0;0;796643,6513;5832437,249;13,3770867;52,56096031
2020;10;9;4;2;6;4;0;0;1;1;0;0;0;0;796666,1392;5831968,591;13,37699854;52,55674708
2020;10;15;1;2;2;6;0;0;1;0;0;0;0;0;797639,6689;5819428,242;13,38010864;52,44380616
2020;9;17;4;3;1;5;0;0;1;0;0;0;1;0;800939,9532;5822141,089;13,4309642;52,46631615
2020;10;12;4;3;5;3;0;0;1;0;0;0;0;1;793220,8949;5823362,037;13,31873931;52,48145902
2020;10;15;1;3;1;5;0;1;1;0;0;0;0;0;793695,3795;5822145,838;13,32463517;52,47030128
2020;9;16;4;2;0;1;0;1;0;0;0;0;0;0;805212,7854;5828158,938;13,49917957;52,51788117
2020;10;6;4;2;5;2;1;1;1;0;0;0;0;0;783131,7164;5827434,547;13,17403838;52,52329956
2020;9;16;4;2;5;3;0;0;1;0;0;0;0;0;783813,6113;5827500,754;13,18411855;52,52353866
2020;10;10;7;3;0;1;0;1;0;0;0;0;0;0;793240,2788;5817306,7;13,31370635;52,42716408
2020;10;19;5;3;0;1;2;0;0;0;1;0;0;1;802470,3183;5828279,455;13,45899573;52,52048929
2020;10;15;1;3;5;2;0;1;1;0;0;0;0;0;800232,7865;5822347,041;13,42077107;52,46855124
2020;9;16;4;2;5;3;0;1;1;0;0;0;0;0;797776,4138;5832954,358;13,39421177;52,56497721
2020;10;5;4;3;6;4;2;0;0;1;0;0;1;1;808470,2678;5831153,301;13,54981322;52,54288343
2020;10;14;1;3;5;7;0;1;1;0;0;0;0;0;790540,0791;5822381,22;13,27852016;52,47409884
2020;9;16;4;2;5;2;0;0;1;0;0;0;1;0;810174,419;5820386,809;13,56483886;52,44543111
2020;10;15;4;3;0;1;0;1;0;0;0;0;0;1;791487,6347;5826007,577;13,29560363;52,5061041
2020;10;19;1;3;0;6;2;0;1;0;0;0;0;0;791248,4953;5829725,718;13,2953463;52,53956458
2020;9;16;4;3;6;4;0;0;1;1;0;0;0;0;804999,3757;5830454,935;13,49815033;52,53857831
2020;9;14;4;2;5;2;0;0;1;0;1;0;0;0;796907,3386;5822295,55;13,37191545;52,46990709
2020;10;16;4;3;5;3;0;1;1;0;0;0;0;1;811257,1211;5820189,249;13,58053377;52,44304545
2020;9;14;4;3;2;7;0;0;1;0;0;0;0;0;793356,6044;5821239,42;13,31886528;52,46235756
2020;10;20;7;3;5;2;1;0;1;0;0;0;0;0;810055,548;5819465,414;13,56224065;52,4372412
2020;10;18;5;3;5;2;1;1;1;0;0;0;0;1;797458,2345;5828308,916;13,38537146;52,52351054
2020;10;13;1;3;1;5;0;0;1;0;1;0;0;0;810156,7958;5833681,84;13,57696496;52,56458542
2020;10;13;3;3;2;2;0;1;1;0;0;0;0;0;792873,0765;5824330,873;13,31448352;52,49033101
2020;9;14;4;3;6;4;0;1;0;1;0;0;0;0;797809,9351;5827456,153;13,38977655;52,51567459
2020;10;18;4;3;5;3;0;1;0;0;1;0;0;1;795921,8489;5828332,063;13,36281296;52,52455405
2020;10;19;3;3;6;2;2;0;1;1;0;0;0;1;792827,8822;5825365,386;13,31472915;52,49962936
2020;9;14;4;2;5;2;0;1;1;0;0;0;0;0;795045,6779;5832466,891;13,35360857;52,56209425
2020;10;20;3;2;6;2;2;0;1;1;0;0;0;1;792232,4078;5816671,456;13,29837049;52,42200838
2020;10;11;1;3;5;3;0;0;0;0;1;0;0;0;799899,7354;5826515,143;13,41963345;52,50609485
2020;10;2;1;2;1;5;2;1;1;0;0;0;0;0;800884,5888;5824281,514;13,4320827;52,48553198
2020;9;14;4;3;0;5;0;1;1;0;0;0;0;0;802924,9044;5831846,468;13,46892644;52,55220738
2020;10;18;6;3;5;3;1;1;1;0;0;0;0;0;803271,5185;5827427,175;13,46999112;52,51240551
2020;10;14;4;3;2;7;0;1;0;0;0;0;1;1;786459,1632;5829774,313;13,22496538;52,54253917
2020;10;14;1;3;5;3;0;0;1;0;0;0;1;0;801264,6635;5824590,592;13,43794241;52,48809274
2020;10;17;3;3;2;6;0;0;1;0;0;0;1;0;792352,547;5835090,59;13,316306;52,58706732
2020;10;20;4;3;6;4;2;0;1;1;0;0;0;1;802516,1726;5827168,405;13,45865936;52,5105056
2020;10;10;6;3;1;5;0;1;1;0;0;0;0;0;804454,7243;5833687,404;13,49310885;52,56785379
2020;10;12;6;3;6;4;0;0;0;1;1;0;0;0;800869,403;5824556,283;13,43210777;52,48800319
2020;10;18;6;2;5;3;1;1;1;0;0;0;0;1;819248,6513;5819963,275;13,69749939;52,43641428
2020;10;14;3;3;2;6;0;0;1;0;0;0;0;0;809411,9671;5829702,868;13,56230479;52,5293513
2020;10;13;5;3;2;2;0;1;1;0;0;0;0;1;803866,6071;5822072,722;13,47385129;52,46408364
2020;10;19;2;2;6;4;2;0;1;1;0;0;0;0;789879,896;5826226,194;13,2721728;52,50892066
2020;10;7;2;3;0;1;0;1;0;0;0;0;0;0;787974,3608;5830393,45;13,24778315;52,54729127
2020;10;9;6;3;5;2;0;1;1;0;0;0;0;1;802062,355;5832778,15;13,45709134;52,56103697
2020;10;6;4;3;5;3;2;0;1;0;0;0;0;1;815026,7831;5821286,361;13,63684743;52,45071803
2020;10;9;6;3;1;5;0;1;1;0;0;0;0;1;791126,0822;5840527,429;13,30303819;52,63646463
2020;10;11;7;2;0;1;0;1;0;0;0;0;0;0;798370,6338;5829273,982;13,39964578;52,53166253
2020;10;15;7;3;5;2;0;1;1;0;0;0;0;0;796010,656;5831416,113;13,3668655;52,55215135
2020;10;14;3;3;0;3;0;0;1;0;0;0;0;0;812455,5108;5831040,084;13,60828216;52,53959837
2020;10;7;6;3;0;3;0;0;1;0;1;0;0;1;812385,7403;5823984,414;13,60063596;52,47641148
2020;10;18;6;3;6;4;0;1;0;1;0;0;0;1;797868,4921;5831348,155;13,39412472;52,55052941
2020;10;8;3;3;5;3;0;1;1;0;0;0;0;0;790845,7674;5826735,208;13,28680916;52,51296987
2020;10;21;5;3;2;6;2;0;1;0;0;0;0;1;797277,9513;5832201,302;13,38620489;52,55849941
2020;10;11;1;2;5;2;0;0;1;0;0;0;0;0;805717,8592;5831818,541;13,50996592;52,55039675
2020;10;18;1;2;6;4;1;0;1;1;0;0;0;1;801880,6185;5828965,571;13,45095373;52,52696573
2020;10;12;5;3;6;4;0;0;0;1;0;0;1;1;800664,4421;5832181,514;13,43599126;52,55646291
2020;10;20;1;3;5;2;2;0;1;0;0;0;0;1;803550,7041;5829752,95;13,4762151;52,5330955
2020;10;15;1;3;1;5;0;1;1;0;0;0;0;0;795730,1905;5833606,864;13,3646935;52,57194162
2020;10;15;4;3;0;1;0;1;0;0;0;0;0;1;795301,3974;5818542,728;13,34502372;52,43713585
2020;10;23;6;3;5;2;2;1;1;0;0;0;0;1;792875,0525;5835194,484;13,32408826;52,58771762
2020;10;13;6;3;0;4;0;0;0;1;0;0;1;0;792130,4245;5827311,958;13,30619227;52,51745378
2020;10;16;6;3;2;6;0;1;1;0;0;0;0;0;801738,5045;5823230,895;13,44366921;52,47564388
2020;10;13;3;3;0;3;0;1;1;0;0;0;0;0;790011,9674;5819153,281;13,26796221;52,44544012
2020;10;21;6;3;1;5;2;1;1;0;0;0;0;1;795739,8016;5829143,638;13,36085935;52,53192787
2020;10;12;5;3;1;7;0;0;1;0;0;0;0;1;794841,9002;5820050,655;13,33961444;52,45090154
2020;10;19;2;3;6;4;2;0;1;1;0;0;0;0;792594,7437;5830683,438;13,31598335;52,54742897
2020;10;15;1;3;5;3;0;1;1;0;0;0;0;1;783246,0608;5830300,141;13,17816175;52,54893376
2020;10;19;1;3;5;2;2;1;1;0;0;0;0;0;797470,5402;5826800,564;13,38420371;52,50998322
2020;10;17;4;3;5;3;1;1;1;0;0;0;0;1;798593,9698;5829506,639;13,40313743;52,53362567
2020;10;21;6;3;6;2;2;0;1;1;0;0;0;1;799985,7905;5826927,382;13,42126905;52,5097426
2020;10;11;6;3;6;4;0;0;1;1;0;0;0;1;785557,8271;5817846,402;13,20148899;52,43606706
2020;10;17;6;3;5;2;1;1;1;0;0;0;0;0;798699,8981;5824703,648;13,40038364;52,49051543
2020;10;16;3;3;0;6;0;0;1;0;1;0;0;0;789541,9447;5817841,365;13,25992931;52,43392735
2020;10;8;6;3;0;1;0;0;0;0;1;0;0;1;788805,4632;5821995,254;13,25271852;52,47155844
2020;10;14;4;2;2;6;0;0;1;0;1;0;0;1;797574,402;5832755,264;13,39106168;52,56330304
2020;10;6;6;3;5;2;1;0;1;0;0;0;1;1;799246,0295;5828468,925;13,41178791;52,52396655
2020;10;15;6;3;5;3;0;0;1;0;0;0;0;0;800846,4799;5822533,845;13,42994652;52,46988804
2020;10;18;3;3;5;2;0;1;0;0;0;0;1;0;796300,4185;5830596,309;13,37039523;52,54464512
2020;10;21;6;3;1;1;2;0;1;0;1;0;0;1;785519,9082;5829244,764;13,21069801;52,53828434
2020;10;19;5;3;0;5;2;1;1;0;0;0;0;1;803143,0342;5828303,915;13,46890241;52,52033498
2020;10;11;2;3;2;6;0;1;1;0;0;0;0;0;801964,1896;5825635,874;13,44916077;52,49707525
2020;10;12;4;3;0;6;0;0;1;0;0;0;1;1;811367,3261;5828018,946;13,58946028;52,51314792
2020;10;13;7;3;2;6;0;0;1;0;0;0;0;0;812234,0894;5830800,963;13,6048033;52,53758249
2020;10;14;7;3;5;3;0;1;1;0;0;0;0;0;792409,8508;5826534,547;13,30961539;52,51033475
2020;10;18;4;3;5;3;1;0;1;0;0;0;0;1;791910,5154;5828198,915;13,30373904;52,52552292
2020;10;21;6;3;3;6;2;1;0;0;0;0;0;1;794316,503;5828366,164;13,33924929;52,5257287
2020;10;10;6;2;2;6;0;0;1;0;0;0;0;0;800443,8545;5816037,845;13,41819718;52,41188267
2020;10;15;6;3;6;2;0;0;1;1;0;0;0;0;809936,877;5831601,155;13,57178831;52,54606466
2020;10;12;3;3;5;2;0;1;1;0;0;0;0;0;801179,7727;5820596,768;13,43309053;52,45234175
2020;10;9;5;3;2;2;0;0;1;0;0;0;0;1;804141,3831;5829844,366;13,48498004;52,53358555
2020;10;14;2;2;6;7;0;0;0;1;0;1;0;0;805048,6276;5833513,282;13,50168411;52,56596079
2020;10;6;2;3;5;2;1;1;1;0;0;0;0;0;794983,5747;5836326,817;13,35613;52,59672865
2020;10;5;6;2;6;4;2;0;0;1;0;0;1;1;813733,7616;5821731,802;13,61830128;52,45545319