UJAHR;UMONAT;USTUNDE;UWOCHENTAG;UKATEGORIE;UART;UTYP1;ULICHTVERH;IstRad;IstPKW;IstFuss;IstKrad;IstGkfz;IstSonstige;USTRZUSTAND;LINREFX;LINREFY;XGCSWGS84;YGCSWGS84
2020;10;0;6;3;2;7;2;0;1;0;0;0;0;1;799454,8068;5820511,423;13,40770591;52,45252442
2020;10;11;6;3;1;5;0;0;1;0;0;0;0;0;800378,0353;5832257,696;13,43184831;52,55730379
2020;10;14;3;3;6;4;0;0;1;1;0;0;0;0;794814,6855;5823199,634;13,34199702;52,47914503
2020;10;17;4;3;6;2;1;0;1;1;0;0;0;0;797923,7232;5827953,578;13,3918939;52,52007124
2020;10;9;2;3;5;2;0;1;0;0;0;1;0;1;795445,814;5834160,123;13,36100257;52,57705549
2020;10;18;6;2;5;3;2;1;1;0;0;0;0;1;800040,7759;5826343,659;13,42155071;52,50448023
2020;10;11;6;3;2;6;0;0;0;0;1;0;1;0;811156,7107;5830746,59;13,58891877;52,5377114
2020;10;6;3;3;2;3;0;0;1;0;0;0;0;0;801337,0172;5828711,608;13,4427349;52,52499017
2020;10;8;5;3;5;2;0;1;1;0;0;0;0;1;799657,7984;5827045,438;13,41655691;52,51098106
2020;10;12;6;3;0;3;0;1;0;0;0;0;1;0;801852,152;5831396,023;13,45274314;52,54876561
2020;10;18;2;3;2;6;2;0;1;0;0;0;0;1;790672,3996;5835987,71;13,29236339;52,59601021
2020;10;13;6;3;2;6;0;0;1;0;0;0;0;0;795486,8828;5828204,005;13,35630657;52,52364203
2020;10;14;6;2;5;3;0;0;1;0;0;0;1;1;794328,9527;5835710,638;13,34594565;52,59155982
2020;10;16;4;3;2;6;1;0;1;0;1;0;0;0;792259,8278;5833412,174;13,31346145;52,57207086
2020;10;14;6;3;5;2;0;0;1;0;1;0;0;1;795538,7747;5828196,802;13,3570628;52,52354933
2020;10;14;6;3;2;2;0;0;1;0;0;0;1;1;801212,986;5817164,813;13,43048533;52,42156154
2020;10;15;6;3;2;6;0;0;1;0;0;0;0;0;784830,1916;5829230,995;13,20054437;52,53852184
2020;10;15;6;3;0;5;1;0;1;0;1;0;0;1;799756,5106;5826037,547;13,4170996;52,50189264
2020;10;6;5;3;5;2;1;0;1;0;0;1;0;1;792647,7006;5835833,678;13,32130665;52,59357001
2020;10;16;6;3;2;7;0;0;1;0;1;0;0;1;789828,6688;5829259,986;13,27406389;52,53614627
2020;10;16;6;3;5;3;0;0;1;0;1;0;0;1;802044,01;5822141,53;13,44716737;52,46571089
2020;10;13;3;3;6;2;0;0;1;1;0;0;0;0;786962,1661;5829581,364;13,23219549;52,54054458
2020;10;6;4;3;1;5;0;1;1;0;0;0;0;1;807764,3555;5822130,948;13,53109817;52,46242416
2020;10;9;2;3;5;3;0;1;1;0;0;0;0;1;802851,6144;5826924,139;13,46336477;52,50813015
2020;10;17;6;3;5;7;2;1;0;0;0;0;1;1;801464,8936;5828060,698;13,44402412;52,5190853
2020;10;17;6;3;0;3;1;1;1;0;0;0;0;1;791345,5556;5821989,792;13,29000374;52,47016063
2020;10;13;5;3;1;5;0;0;1;0;0;0;0;1;811188,7179;5828474,304;13,58726265;52,51733046
2020;10;17;6;2;4;1;0;0;1;0;0;0;0;1;800996,9482;5833688,504;13,44224808;52,5697865
2020;10;12;3;3;1;5;0;1;1;0;0;0;0;0;798323,0821;5826242,319;13,39622831;52,50451372
2020;10;15;5;3;6;7;0;0;0;1;0;0;1;0;798405,2625;5829214,773;13,40010162;52,53111285
2020;10;23;3;3;5;3;2;0;1;0;0;0;0;1;801398,4445;5821866,263;13,43744474;52,46360009
2020;10;7;4;3;5;2;1;1;1;0;0;0;0;0;799483,2108;5828847,47;13,41561431;52,52722939
2020;10;18;5;3;1;5;1;1;1;0;0;0;0;0;795579,4204;5816081,281;13,34692658;52,41492025
2020;10;12;5;3;2;6;0;0;1;0;0;0;0;0;792011,7446;5825947,878;13,30325134;52,50528864
2020;10;21;3;2;0;1;2;0;0;0;1;0;0;1;813876,5792;5821794,599;13,62045522;52,45593392
2020;10;11;3;3;5;2;0;1;1;0;0;0;0;0;792831,3915;5824347,716;13,31388612;52,49050436
2020;10;20;6;2;6;2;2;0;1;1;0;0;0;1;798440,6577;5826525,811;13,39820954;52,50699055
2020;10;19;5;3;3;5;2;0;1;0;1;0;0;0;798259,5751;5830634,85;13,39923487;52,54392162
2020;10;23;2;3;3;6;2;1;1;0;0;0;0;0;794521,2691;5819136,342;13,33410385;52,44287798
2020;10;20;3;3;9;1;2;0;1;0;0;0;0;1;809747,9641;5820508,847;13,55869744;52,44676653
2020;10;11;3;3;2;6;0;0;1;0;0;0;0;0;800448,3299;5831508,513;13,43220407;52,55054993
2020;10;9;6;3;5;3;0;1;1;0;0;0;0;1;794981,1599;5824062,578;13,34520476;52,48679087
2020;10;13;5;3;0;7;0;0;1;0;0;0;0;0;798429,6547;5832314,539;13,40324514;52,55888449
2020;10;13;5;2;4;6;0;0;1;0;0;0;0;1;796880,2844;5833869,104;13,38184868;52,5736662
2020;10;13;5;3;5;3;0;1;0;0;0;0;0;0;793630,934;5822673,567;13,3241537;52,47506681
2020;10;12;5;3;5;3;0;0;1;0;0;0;0;0;793162,5557;5826882,531;13,32098126;52,51305028
2020;10;18;2;3;5;3;2;0;1;0;0;0;0;0;806594,7517;5827752,873;13,51910845;52,51346681
2020;10;13;4;3;2;2;0;1;1;0;0;0;0;0;796960,7949;5826702,83;13,37662758;52,50938487
2020;10;12;5;3;2;2;0;0;1;0;0;0;0;0;806885,1935;5821184,106;13,51732803;52,45443271
2020;10;12;5;3;5;3;0;0;1;0;1;0;0;0;807643,3768;5830813,842;13,53734421;52,54030871
2020;10;23;2;3;5;3;2;0;1;0;0;0;0;0;792342,0842;5833912,89;13,31511319;52,57651539
2020;10;10;3;3;5;7;0;1;1;0;0;0;0;1;792729,5404;5826185,73;13,31400579;52,50703626
2020;10;6;6;3;5;2;2;0;1;0;0;0;0;1;797824,7444;5822576,57;13,38563207;52,47192676
2020;10;12;5;3;0;2;0;1;0;0;1;0;0;0;795130,6908;5827081,683;13,35007608;52,51377419
2020;10;10;5;3;2;7;0;0;1;0;0;0;0;1;787581,1543;5828025,71;13,23995132;52,52627102
2020;10;8;5;3;3;6;0;1;1;0;0;0;0;1;797378,2091;5828938,959;13,38475888;52,52920178
2020;10;12;5;2;5;2;0;1;1;0;0;0;0;0;803356,1336;5830074,944;13,47364932;52,53608975
2020;10;12;5;3;5;3;0;0;1;0;0;0;0;0;798426,0281;5824780,079;13,3964304;52,49135032
2020;10;22;2;3;5;2;2;1;1;0;0;0;0;0;801016,9429;5823888,169;13,43367078;52,48193336
2020;10;15;4;3;2;6;0;0;1;0;0;0;0;1;801343,5706;5829649,052;13,44368088;52,53338895
2020;10;18;5;3;5;3;2;1;1;0;0;0;0;0;808648,5022;5819159,509;13,54132534;52,43529547
2020;10;15;5;2;0;7;0;1;0;0;0;0;0;1;801944,3346;5823069,31;13,44654425;52,47408182
2020;10;10;5;2;2;2;0;0;1;0;1;0;0;0;797621,8669;5816599,333;13,37732961;52,41845741
2020;10;10;5;3;5;7;0;1;1;0;0;0;0;0;791512,5492;5826316,126;13,29623987;52,50885689
2020;10;17;2;3;5;3;1;1;1;0;0;0;0;0;810607,3876;5825514,421;13,57596189;52,49113689
2020;10;14;4;3;5;2;0;0;1;0;1;0;0;0;796056,2872;5817531,047;13,35520048;52,42765873
2020;10;15;6;3;2;6;0;0;1;0;0;0;0;1;785419,251;5830447,447;13,21025136;52,54912014
2020;10;10;5;3;1;5;0;1;1;0;0;0;0;0;799057,3303;5829842,291;13,4102503;52,53638026
2020;10;8;2;3;6;7;0;1;0;1;0;0;0;1;791019,8198;5827153,104;13,28973224;52,51662346
2020;10;21;3;3;5;3;2;1;1;0;0;0;0;0;799559,584;5825858,439;13,41404601;52,50039535
2020;10;14;6;3;2;6;0;0;1;0;0;0;0;1;790115,8716;5825349,896;13,27487642;52,50093908
2020;10;9;5;3;1;6;0;0;1;0;0;0;0;0;794745,6231;5819883,617;13,3380544;52,44945605
2020;10;18;2;3;5;2;1;0;1;0;0;0;0;1;794592,1238;5821848,529;13,33753609;52,46715322
2020;10;15;5;2;0;7;0;1;1;0;0;0;0;1;792269,0135;5818679,095;13,30066207;52,43998726
2020;10;8;5;3;1;5;0;1;1;0;0;0;0;0;797292,6788;5821261,966;13,37665079;52,46043248
2020;10;7;5;3;5;2;0;1;1;0;0;0;0;1;784350,1636;5828098,776;13,19251709;52,528621
2020;10;23;5;3;1;5;2;0;1;0;1;0;0;0;801656,9306;5821522,308;13,44092714;52,4603745
2020;10;22;5;3;2;6;2;0;1;0;0;0;0;0;797169,922;5831918,545;13,38436288;52,55602381
2020;10;11;2;3;5;2;0;1;0;0;0;0;1;0;798333,2558;5825618,414;13,39581881;52,49891565
2020;10;18;4;2;5;2;2;1;1;0;0;0;0;0;800193,9661;5830930,274;13,42794121;52,54550727
2020;10;9;2;3;2;6;0;0;0;0;0;0;1;1;798039,4897;5830076,969;13,39549859;52,5390414
2020;10;17;6;3;0;2;1;1;0;0;1;0;0;1;795229,5879;5826625,582;13,3511246;52,50963207
2020;10;20;5;3;5;3;2;0;0;0;1;0;1;0;801192,68;5822115,133;13,43464976;52,46594424
2020;10;15;5;3;6;7;0;1;0;1;0;0;0;0;788593,9249;5819384,405;13,24735567;52,4482626
2020;10;9;2;3;2;6;0;0;1;0;0;0;0;0;803205,7485;5826819,95;13,46847179;52,50699962
2020;10;19;6;2;2;6;2;0;1;0;0;0;0;1;783890,5877;5823465,604;13,18180909;52,48731859
2020;10;19;5;3;0;1;2;1;0;0;0;0;0;0;798432,1319;5830182,313;13,40136536;52,53977079
2020;10;15;3;3;3;6;0;0;1;0;0;0;0;0;793312,0544;5826678,083;13,32299774;52,51113713
2020;10;16;6;3;5;3;0;0;1;0;0;0;0;1;802868,9449;5838271,619;13,47397452;52,60982511
2020;10;20;5;3;3;6;2;1;1;0;0;0;0;0;804496,8767;5819984,605;13,48119598;52,44501754
2020;10;19;5;2;5;2;2;1;0;0;0;0;0;0;789041,577;5816692,179;13,25159635;52,42388892
2020;10;10;5;2;6;4;0;1;1;1;0;0;0;0;797736,303;5824295,647;13,3858689;52,48738458
2020;10;11;4;3;5;2;0;1;1;0;0;0;0;0;797995,716;5828901,88;13,39380154;52,52853222
2020;10;19;5;3;4;6;2;0;1;0;0;0;1;0;803939,6599;5826972,401;13,47939107;52,50795763
2020;10;17;5;3;2;6;0;0;1;0;0;0;0;0;801262,6676;5826188,968;13,43935855;52,50242042
2020;10;11;2;2;0;6;0;0;1;0;1;0;0;0;789803,3863;5825148,196;13,2701103;52,49929684
2020;10;6;4;3;2;6;2;0;1;0;0;0;0;1;809219,6168;5823016,806;13,55327095;52,46954159
2020;10;9;2;3;5;3;0;0;1;0;1;0;0;1;792639,7237;5828688,895;13,31488818;52,52952449
2020;10;9;6;3;5;3;0;1;1;0;0;0;0;1;796316,0948;5833941,572;13,37361261;52,57462325
2020;10;16;5;3;5;3;0;1;1;0;0;0;0;0;801505,3033;5832597,51;13,44873459;52,55972662
2020;10;13;5;3;0;6;0;1;1;0;0;0;0;0;792275,1366;5827416,95;13,30841111;52,51831747
2020;10;15;5;3;5;3;0;1;1;0;0;0;0;0;807536,0329;5824817,287;13,53022489;52,48662803
2020;10;16;5;3;5;2;0;1;1;0;0;0;0;0;804890,1287;5822151,523;13,48894252;52,46421978
2020;10;11;2;3;5;3;0;1;1;0;0;0;0;0;795460,6946;5836375,635;13,36319717;52,59690724
2020;10;11;4;3;2;7;0;1;1;0;0;0;0;0;799717,9978;5825787,297;13,4163087;52,49967069
2020;10;16;5;3;5;5;0;1;1;0;0;0;0;0;794861,4124;5823589,641;13,34302798;52,48261598
2020;10;15;5;3;1;5;0;1;1;0;0;0;0;0;794438,6933;5823271,89;13,3365405;52,47999561
2020;10;9;2;3;0;7;0;0;1;0;0;1;0;1;795383,1108;5821187,678;13,3485612;52,46080205
2020;10;15;5;3;6;3;0;0;1;1;0;0;0;0;806364,1816;5826858,488;13,51489821;52,50558066
2020;10;15;5;3;5;3;0;1;1;0;0;0;0;0;809588,0402;5834275,143;13,56915459;52,57022599
2020;10;9;2;3;5;2;0;1;1;0;0;0;0;1;797042,9862;5829329,126;13,38018045;52,53288195
2020;10;22;4;3;6;4;2;0;1;1;0;0;0;0;793345,5802;5820329,866;13,31790427;52,45420959
2020;10;15;5;3;6;4;0;0;1;1;0;0;0;0;795420,8176;5832292,645;13,35897149;52,56032889
2020;10;8;5;3;2;6;0;0;1;0;1;0;0;0;800153,7847;5830856,3;13,4272836;52,54486636
2020;10;9;2;3;5;3;0;0;1;0;0;0;0;1;787134,919;5836440,241;13,24067438;52,60194672
2020;10;13;3;3;2;2;0;0;1;0;1;0;0;0;789835,8799;5826352,801;13,27163631;52,51007911
2020;10;19;6;3;5;3;2;0;1;0;0;0;0;1;784730,906;5828597,857;13,19854196;52,53289702
2020;10;7;5;2;6;4;1;1;0;1;0;0;0;0;797666,706;5819356,926;13,38044173;52,44315216
2020;10;20;5;3;5;3;2;1;1;0;0;0;0;0;790615,874;5818419,129;13,27618428;52,43853763
2020;10;15;5;3;6;2;0;0;1;1;0;0;0;0;793768,9082;5821140,56;13,32482954;52,46124981
2020;10;0;5;2;5;3;2;0;1;0;0;0;1;0;793262,2662;5819094,13;13,31559681;52,44317623
2020;10;9;2;3;5;3;0;0;1;0;1;0;0;1;808100,938;5831358,172;13,5445744;52,5449284
2020;10;13;4;3;5;2;0;1;1;0;0;0;0;0;800718,1069;5827874,071;13,43288256;52,51782483
2020;10;13;5;3;5;2;0;1;1;0;0;0;0;0;799997,1453;5831717,08;13,42575826;52,55266805
2020;10;8;2;2;0;1;0;0;0;0;1;0;0;1;797848,1562;5829833,294;13,3924674;52,53696179
2020;10;14;3;3;5;2;0;1;1;0;0;0;0;0;791672,1269;5823328,848;13,29596889;52,48199094
2020;10;12;6;3;2;6;0;0;1;0;0;0;0;1;797953,4106;5825272,689;13,38993054;52,49602416
2020;10;13;5;3;5;2;0;1;0;0;1;0;0;0;802377,5485;5828844,226;13,45814609;52,52560274
2020;10;8;2;3;5;3;0;0;1;0;0;0;0;1;801762,473;5816736,79;13,43815534;52,41742231
2020;10;19;3;3;5;3;2;1;1;0;0;0;0;1;792085,3592;5832942,597;13,31048084;52,56795493
2020;10;7;6;3;5;3;1;1;1;0;0;0;0;1;809398,1266;5825756,2;13,55843257;52,49399034
2020;10;13;5;3;5;3;0;0;1;0;0;0;0;1;803337,8357;5822498,548;13,46647893;52,46819407
2020;10;18;5;3;3;6;2;0;1;0;1;0;0;1;791617,2813;5822447,492;13,29439278;52,47411891
2020;10;9;5;3;2;6;0;0;1;0;0;0;0;0;796845,4252;5830630,257;13,37843886;52,54465276
2020;10;13;5;3;0;3;0;0;1;0;1;0;0;0;791009,4435;5841483,655;13,30216201;52,64509936
2020;10;14;4;3;3;6;0;0;1;0;0;0;0;0;794966,3216;5832699,146;13,35264775;52,56421921
2020;10;7;2;3;2;6;1;0;1;0;0;0;0;0;803382,5596;5838282,723;13,48154659;52,60963822
2020;10;8;4;3;2;6;0;0;1;0;0;0;0;1;796432,9768;5831935,905;13,37354018;52,55658105
2020;10;5;6;3;1;5;2;1;0;0;0;1;0;1;794410,279;5825901,754;13,33844707;52,50358618
2020;10;11;4;3;2;6;0;0;1;0;0;0;0;1;786768,4829;5829277,602;13,22908528;52,53792313
2020;10;5;2;3;2;2;2;0;1;0;0;0;0;1;793972,2823;5830139,149;13,33575823;52,54180816
2020;10;16;3;3;5;3;0;0;1;0;0;0;0;0;790226,8671;5834022,255;13,28408254;52,57862805
2020;10;14;6;3;2;6;0;0;1;0;1;0;0;1;794119,9306;5828249,965;13,33625737;52,52479313
2020;10;10;4;3;5;2;0;0;1;0;0;0;0;1;806333,5671;5830184,602;13,51751155;52,53540723
2020;10;18;4;3;5;2;2;1;1;0;0;0;0;0;797012,4203;5831490,347;13,38166344;52,55227145
2020;10;6;5;3;0;2;1;0;1;0;1;0;0;1;795128,7052;5828649,511;13,35143799;52,52782963
2020;10;19;4;3;2;6;2;0;1;0;0;0;0;1;803622,3612;5827345,843;13,47507095;52,51148138
2020;10;17;4;2;5;7;1;0;0;0;1;0;1;0;804219,9918;5829078,491;13,48543454;52,52667746
2020;10;9;5;3;0;6;0;1;1;0;0;0;0;1;792666,3716;5825228,451;13,31223633;52,49848842
2020;10;8;5;3;2;6;0;0;1;0;0;0;0;0;792698,8522;5834799,04;13,32114552;52,5842675
2020;10;15;4;3;6;4;0;0;1;1;0;0;0;1;801153,0685;5824102,312;13,43586269;52,48377773
2020;10;17;4;3;2;6;1;0;1;0;0;0;0;0;797074,8051;5824293,329;13,3761534;52,48772415
2020;10;1;2;3;8;1;2;0;1;0;0;0;0;1;805925,1649;5823619,817;13,50547681;52,47680079
2020;10;9;4;3;5;3;0;0;1;0;0;0;1;0;789630,6101;5839732,257;13,28030439;52,63013571
2020;10;7;2;3;5;3;0;1;1;0;0;0;0;1;792913,1547;5828880,137;13,3190759;52,53109205
2020;10;16;6;3;5;3;2;0;1;0;0;0;0;1;793132,0687;5817664,177;13,31243276;52,43042679
2020;10;15;4;3;6;2;0;0;1;1;0;0;0;0;798320,717;5828700,982;13,39839794;52,52655368
2020;10;17;2;2;5;3;2;0;1;0;0;0;0;1;799905,9295;5816245,135;13,41049786;52,41403571
2020;10;9;3;3;5;3;0;1;1;0;0;0;0;0;800141,2872;5823258,28;13,42024805;52,47676938
2020;10;14;5;3;1;5;0;0;1;0;0;0;0;0;789764,2902;5818424,262;13,26369607;52,43903551
2020;10;15;4;3;6;4;0;0;0;1;0;0;1;0;809120,2389;5829712,727;13,5580272;52,52960515
2020;10;14;2;3;6;2;0;0;1;1;0;0;0;0;809845,0408;5831012,481;13,5698893;52,54084148
2020;10;12;4;3;9;1;0;0;1;0;0;0;0;1;796576,5019;5831925,499;13,37564172;52,55640962
2020;10;14;4;3;5;2;0;1;1;0;0;0;0;0;795594,4082;5833151,354;13,36228983;52,56793218
2020;10;16;4;3;0;5;1;0;0;0;1;0;1;0;794049,4555;5828402,584;13,33535654;52,52619928
2020;10;13;4;3;0;1;0;1;0;0;0;0;0;1;803562,8145;5829756,54;13,47639637;52,53312093
2020;10;12;4;2;5;3;0;1;1;0;0;0;0;1;799663,2851;5835840,934;13,42457504;52,58981512
2020;10;14;2;3;6;7;0;0;0;1;0;0;1;0;792240,672;5826092,522;13,30674156;52,50646276
2020;10;16;3;3;6;4;0;1;0;1;0;0;0;0;800168,0652;5825862,534;13,42298674;52,50009771
2020;10;9;6;3;3;6;0;1;1;0;0;0;0;1;799948,4289;5815739,551;13,41066787;52,40948054
2020;10;13;3;3;5;3;0;1;0;0;0;0;1;0;794264,8175;5829275,329;13,33929438;52,53390668
2020;11;15;6;3;1;5;0;1;1;0;0;0;0;0;793799,4055;5826281,342;13,32980814;52,50731827
2020;11;8;2;3;2;6;0;0;1;0;0;0;0;1;793917,1593;5825320,791;13,33069024;52,498644
2020;11;6;3;3;0;3;2;1;1;0;0;0;0;1;812815,0135;5825737,505;13,60858084;52,49187549
2020;11;19;2;3;5;3;2;0;1;0;0;0;0;0;794253,1674;5822030,18;13,33272105;52,4689643
2020;11;2;7;3;0;1;2;0;0;0;1;0;0;1;793687,8463;5828003,273;13,32968901;52,52281459
2020;11;10;5;3;5;3;0;1;1;0;0;0;0;0;802427,7707;5828890,74;13,45892641;52,5259918
2020;11;13;2;3;5;3;0;1;1;0;0;0;0;0;795597,5695;5815761,419;13,34691019;52,41204307
2020;11;14;6;3;5;2;0;1;1;0;0;0;0;0;796135,5947;5820787,775;13,35924957;52,45680998
2020;11;16;3;3;0;2;1;1;1;0;0;0;0;0;813344,2093;5830791,282;13,62110836;52,53685863
2020;11;22;1;3;2;7;2;1;0;0;0;0;1;0;799761,1457;5825710,041;13,41687289;52,49895451
2020;11;11;7;2;5;3;0;1;1;0;0;0;0;0;794339,764;5819040,842;13,33135704;52,4421196
2020;11;14;1;2;5;3;0;0;1;0;1;0;0;0;791302,031;5830671,043;13,29696246;52,54801065
2020;11;12;4;3;6;4;0;0;1;1;0;0;0;0;804619,3102;5827736,586;13,49007363;52,51442763
2020;11;7;2;3;5;2;0;0;1;0;0;0;1;1;797750,2116;5822532,395;13,3844986;52,47157142
2020;11;6;6;3;2;2;1;0;1;0;0;0;0;0;802319,7197;5829192,124;13,45761259;52,528753
2020;11;12;1;3;0;1;0;1;0;0;0;0;0;1;805575,1472;5818616,167;13,4957606;52,43215128
2020;11;11;3;2;5;2;0;1;0;0;0;1;0;0;797441,5573;5823740,292;13,38104532;52,48256708
2020;11;10;6;3;0;3;0;0;1;0;0;0;1;0;791540,8983;5834614,96;13,30394113;52,58323904
2020;11;19;4;3;6;4;2;1;0;1;0;0;0;0;791570,6785;5825584,109;13,29645285;52,50226337
2020;11;11;2;3;5;2;0;1;0;0;0;0;1;1;793426,9088;5823928,736;13,32226307;52,4864286
2020;11;17;5;3;5;2;2;1;1;0;0;0;0;0;797011,3249;5831490,986;13,3816479;52,55227777
2020;11;14;3;3;0;1;0;0;0;0;1;0;0;0;808600,6429;5815655,205;13,53739184;52,40391658
2020;11;15;2;3;2;2;0;1;1;0;0;0;0;0;801851,4066;5831399,231;13,45273509;52,54879478
2020;11;14;5;3;5;2;0;1;1;0;0;0;0;0;796460,6014;5831928,505;13,37393985;52,55649968
2020;11;10;3;3;2;6;0;1;1;0;0;0;0;0;799858,0954;5825839,281;13,41841315;52,50005969
2020;11;10;7;3;6;7;0;0;1;1;0;0;0;0;785909,7373;5831309,227;13,21820746;52,55658942
2020;11;18;1;3;5;2;2;0;1;0;1;0;0;0;793425,3813;5820364,969;13,31910613;52,45448144
2020;11;16;4;3;0;1;1;1;0;0;0;0;0;0;799651,3374;5830086,204;13,41920187;52,53824027
2020;11;8;2;3;5;3;0;0;1;0;0;0;0;1;805035,8605;5818888,126;13,48810093;52,43488973
2020;11;0;6;3;5;3;2;0;1;0;0;0;0;0;799443,4878;5825666,303;13,41216808;52,49873686
2020;11;13;1;3;5;2;0;0;1;0;0;0;0;0;811288,5278;5831560,304;13,5916184;52,54492803
2020;11;12;3;3;6;2;0;0;1;1;0;0;0;0;800513,8348;5823446,125;13,42588615;52,47824825
2020;11;13;6;3;0;2;0;1;1;0;0;0;0;0;799242,8678;5831771,493;13,41471565;52,55357069
2020;11;15;4;3;5;2;0;1;1;0;0;0;0;0;801371,0121;5819265,416;13,43469529;52,44030302
2020;11;7;5;3;5;3;0;1;1;0;0;0;0;0;790375,4627;5827305,392;13,28039594;52,51833219
2020;11;13;3;3;2;6;0;0;1;0;0;0;0;0;807857,0829;5818113,812;13,5287576;52,42636971
2020;11;20;6;3;0;4;2;0;0;1;1;0;0;1;797794,6972;5832710,179;13,39426155;52,56277848
2020;11;12;1;3;0;1;0;1;0;0;0;0;0;1;811430,8622;5817355,007;13,58044236;52,41754736
2020;11;8;4;3;1;5;0;1;1;0;0;0;0;0;792873,4252;5821902,687;13,31235581;52,46856278
2020;11;17;2;3;5;3;2;1;1;0;0;0;0;0;802546,1901;5827385,628;13,45929779;52,51243591
2020;11;8;1;3;0;1;0;0;1;0;0;0;0;0;789561,8526;5817598,444;13,26001095;52,43173892
2020;11;5;5;3;5;2;2;1;1;0;0;0;0;0;806548,9183;5829160,491;13,51973228;52,52610791
2020;11;12;1;3;0;1;0;0;0;0;1;0;0;1;794269,3075;5829935,085;13,33994461;52,53981853
2020;11;21;7;3;5;2;2;1;1;0;0;0;0;0;796738,1859;5830744,847;13,37696448;52,54573835
2020;11;12;1;3;1;5;0;0;1;0;0;0;0;1;794317,3094;5833289,415;13,34362432;52,56986176
2020;11;10;4;3;2;3;0;1;0;0;0;0;0;0;799124,0288;5824614,13;13,40653143;52,48948079
2020;11;14;1;3;0;1;0;0;0;0;0;0;1;0;811259,3967;5829643,16;13,58939471;52,52776462
2020;11;10;5;2;0;1;0;0;0;0;1;0;0;0;805344,9177;5816515,227;13,49046719;52,41344979
2020;11;10;1;3;1;1;0;1;0;0;1;0;0;1;793246,4173;5819220,799;13,31547547;52,44432029
2020;11;14;3;3;0;6;0;0;1;0;0;0;0;0;795035,7787;5832504,87;13,35349672;52,56244007
2020;11;7;6;3;1;5;0;0;1;0;0;0;0;1;792696,7756;5820874,468;13,30886098;52,45943966
2020;11;14;4;3;2;6;0;0;1;0;0;0;0;0;799711,6225;5824838,057;13,41536104;52,4911657
2020;11;5;1;3;3;6;2;0;1;0;1;0;0;0;794127,4746;5825972,951;13,3343555;52,50437694
2020;11;13;5;2;5;3;0;0;1;0;0;0;0;0;811295,7797;5831566,589;13,59173088;52,5449802
2020;11;15;3;3;5;2;1;1;1;0;0;0;0;0;796148,359;5825693,181;13,36379355;52,50077593
2020;11;18;6;3;6;7;2;1;0;1;0;0;0;0;793448,6506;5820674,597;13,31971971;52,45724467
2020;11;4;1;3;0;1;2;0;0;0;0;0;1;0;795438,4919;5825809,498;13,35346958;52,50220342
2020;11;12;3;3;0;1;0;1;0;0;0;0;0;0;790212,2538;5834037,574;13,28388089;52,57877317
2020;11;16;2;3;5;7;1;0;1;0;0;0;0;0;809867,8745;5831287,511;13,57048142;52,54329319
2020;11;22;7;3;6;4;2;0;1;1;0;0;0;0;795869,0891;5825420,883;13,3594495;52,4984865
2020;11;18;5;3;5;2;2;1;1;0;0;0;0;0;799671,0444;5831249,679;13,42054115;52,54865808
2020;11;17;2;3;5;3;2;0;1;0;0;0;0;0;787233,6202;5818251,339;13,22642075;52,43882016
2020;11;16;6;3;5;3;1;1;1;0;0;0;0;0;801447,1434;5831135,878;13,44655213;52,54665819
2020;11;12;3;3;0;2;0;1;1;0;0;0;0;1;809567,4042;5828027,033;13,56302918;52,51424485
2020;11;17;1;3;5;7;2;0;1;0;0;0;0;0;792734,175;5826094,63;13,31399377;52,50621709
2020;11;12;1;2;1;5;0;1;0;0;0;0;1;0;804819,03;5830889,762;13,4958984;52,54257633
2020;11;13;7;3;5;2;0;1;1;0;0;0;0;0;812066,179;5821345,416;13,59347856;52,45294522
2020;11;8;2;3;5;2;0;0;1;0;0;0;0;0;812013,4792;5830588,62;13,60136181;52,53580599
2020;11;19;6;3;5;2;2;0;1;0;0;0;0;0;796915,1128;5822288,959;13,37202369;52,46984379
2020;11;10;4;3;5;2;0;1;1;0;0;0;0;0;790481,7855;5834648,699;13,28838301;52,58410802
2020;11;15;1;3;0;2;0;0;1;0;1;0;0;0;793357,2723;5832400,918;13,32871414;52,56241515
2020;11;17;7;3;2;6;2;0;1;0;0;0;0;0;793473,4081;5820661,336;13,32007137;52,4571125
2020;11;11;5;3;5;3;0;1;1;0;0;0;0;0;798833,4036;5833723,707;13,41045246;52,5712941
2020;11;18;3;3;2;6;2;0;1;0;0;0;0;0;787390,6062;5828090,11;13,23720598;52,52694888
2020;11;22;6;2;6;2;2;0;0;1;1;0;0;0;797239,3708;5829077,84;13,38284242;52,53052241
2020;11;17;1;3;5;3;2;0;1;0;0;0;0;0;792133,4455;5833150,02;13,31137099;52,5697886
2020;11;7;3;3;5;2;0;1;0;0;1;0;0;0;788086,9678;5837370,366;13,25550266;52,60978187
2020;11;16;2;3;2;6;1;0;1;0;0;0;0;0;803795,4055;5818801,065;13,46983099;52,43479975