UJAHR;UMONAT;USTUNDE;UWOCHENTAG;UKATEGORIE;UART;UTYP1;ULICHTVERH;IstRad;IstPKW;IstFuss;IstKrad;IstGkfz;IstSonstige;USTRZUSTAND;LINREFX;LINREFY;XGCSWGS84;YGCSWGS84
2020;11;8;7;3;5;3;0;0;1;0;0;0;0;1;807840,3895;5829077,415;13,53863194;52,52463574
2020;11;15;5;3;5;2;0;1;0;0;0;0;1;0;807713,912;5818104,639;13,52665017;52,42636803
2020;11;16;2;3;3;2;1;1;1;0;0;0;0;1;796973,517;5830178,057;13,37991795;52,5405295
2020;11;13;6;3;2;6;0;0;1;0;0;0;0;0;809643,5055;5830284,273;13,56624861;52,53443014
2020;11;12;3;3;6;4;0;0;0;1;0;0;1;0;805242,9464;5833200,467;13,50425431;52,56304833
2020;11;17;1;3;6;2;2;0;1;1;0;0;0;0;793554,2448;5820079,88;13,32074649;52,45185652
2020;11;10;7;3;2;6;0;0;1;0;1;0;0;0;785153,4944;5831165,475;13,20695937;52,55569708
2020;11;16;1;3;5;3;1;0;1;0;0;0;0;0;806902,2096;5832627,883;13,52812648;52,55698414
2020;11;18;4;3;5;3;2;1;1;0;0;0;0;0;794968,3526;5829078,72;13,34946194;52,53176394
2020;11;10;2;3;0;1;0;0;0;0;1;0;0;1;803845,1909;5826602,329;13,47766568;52,5046934
2020;11;8;6;3;0;7;0;1;0;0;0;0;0;1;803408,1443;5822535,878;13,46754471;52,46848961
2020;10;23;7;1;6;4;2;0;1;1;1;0;0;0;789816,3641;5827411,635;13,27227181;52,5195821
2020;11;12;3;3;2;6;0;0;1;0;1;0;0;0;796524,9224;5815893,203;13,36062131;52,41272289
2020;10;18;7;3;2;6;2;0;1;0;0;0;1;1;792309,3958;5833924,244;13,3146422;52,57663473
2020;11;8;5;3;0;6;0;1;1;0;0;0;0;0;799084,1103;5831090,809;13,41176795;52,54755662
2020;11;8;3;3;2;6;0;0;1;0;0;0;0;0;792389,7037;5826105,475;13,30894247;52,50649903
2020;11;13;6;3;5;2;0;1;1;0;0;0;0;0;797919,5904;5825262,957;13,38942513;52,49595538
2020;10;17;7;3;4;5;2;0;1;0;1;0;0;1;793896,8425;5833424,733;13,3375582;52,57130198
2020;11;9;3;3;0;1;0;1;0;0;0;0;0;0;802068,8517;5828581,227;13,45337084;52,5234166
2020;11;12;7;3;5;2;0;1;1;0;0;0;0;0;803019,3431;5825733,592;13,46474518;52,49736628
2020;11;13;5;3;5;3;0;0;1;0;0;0;1;0;800598,6533;5827041,605;13,43037543;52,51042906
2020;11;14;2;3;5;3;0;1;1;0;0;0;0;0;801586,9269;5823552,349;13,44173493;52,47860885
2020;11;22;5;2;5;2;2;1;0;0;1;0;0;0;798337,699;5825503,357;13,39578101;52,49788188
2020;11;9;3;3;5;7;0;0;1;0;1;0;0;1;794070,4873;5834696,607;13,34124117;52,58260961
2020;11;9;7;3;6;4;0;1;0;1;0;0;0;0;794554,5124;5829070,094;13,34337108;52,53191041
2020;10;17;7;3;5;3;2;0;1;0;0;0;0;0;800999,2437;5822156,326;13,43184809;52,46642006
2020;11;14;4;3;1;5;0;0;1;0;0;0;0;0;800822,8479;5822598,082;13,42965759;52,47047684
2020;11;12;6;3;0;7;0;0;1;0;0;0;0;0;811990,2747;5830702,887;13,60112807;52,53684324
2020;10;16;7;3;0;2;1;1;0;0;0;0;1;1;793178,7045;5832617,768;13,32627901;52,56445527
2020;11;13;3;3;2;7;0;0;1;1;0;0;0;0;783486,8795;5828152,92;13,17987169;52,52955611
2020;11;11;6;3;6;7;0;0;0;1;0;1;0;0;798669,6939;5828571,452;13,40341036;52,52520156
2020;11;14;4;3;5;3;0;0;1;0;1;0;0;1;797706,7484;5829651,102;13,39022546;52,53540593
2020;11;8;6;3;5;2;0;1;0;0;0;0;0;0;799211,169;5824510,688;13,40771813;52,48850583
2020;11;18;4;3;2;6;2;0;1;0;0;0;0;0;795909,5917;5820835,617;13,35597556;52,45736126
2020;11;19;1;3;5;3;2;0;1;0;0;0;0;0;799726,2436;5832496,068;13,42247807;52,55979951
2020;11;16;5;3;0;3;1;1;0;0;0;0;0;0;798233,7729;5828933,344;13,39732857;52,52868406
2020;11;20;3;3;1;5;2;1;0;0;0;0;1;0;809572,7894;5819558,356;13,55524767;52,43834758
2020;11;7;6;3;5;3;1;1;1;0;0;0;0;1;798046,3233;5821300,936;13,38774522;52,46037131
2020;10;16;7;3;5;3;2;0;1;0;0;0;0;1;813106,6722;5824197,949;13,61141659;52,4779122
2020;11;9;4;3;5;2;0;1;1;0;0;0;0;0;814205,0626;5821579,363;13,62507109;52,45381648
2020;11;12;1;3;3;6;0;1;1;0;0;0;0;0;797270,3742;5829093,879;13,38331246;52,53064927
2020;11;5;5;3;6;2;2;0;1;1;0;0;0;1;792637,4938;5822748,088;13,30963423;52,47626805
2020;10;16;7;3;1;5;1;1;1;0;0;0;0;1;803575,3636;5831366,292;13,4780516;52,54754161
2020;11;16;3;3;0;5;1;0;1;0;1;0;0;0;797409,6452;5828902,125;13,38518797;52,52885446
2020;11;7;6;2;5;2;0;0;1;0;0;1;0;0;808250,2235;5818801,274;13,53515491;52,4323095
2020;11;13;4;3;5;3;0;1;1;0;0;0;0;0;819884,308;5819744,575;13,70660912;52,43408339
2020;11;0;1;3;5;3;2;1;1;0;0;0;0;0;798312,4986;5825487,873;13,39539702;52,49775686
2020;11;13;5;3;6;4;0;0;0;1;0;0;1;0;784824,8467;5829249,059;13,20048127;52,53868659
2020;11;15;3;3;5;7;0;0;1;0;0;0;1;0;793526,1455;5834105,033;13,33270642;52,57760047
2020;11;16;6;3;5;3;1;0;1;0;0;0;0;0;807341,0097;5828494,772;13,53075603;52,51969579
2020;10;16;7;3;0;2;1;1;0;0;0;0;1;1;797751,9824;5824294,391;13,38609801;52,48736477
2020;11;10;3;3;0;3;0;1;1;0;0;0;0;1;804889,4046;5822168,237;13,48894716;52,46436998
2020;11;15;2;3;5;7;0;0;1;0;1;0;0;0;796313,387;5815924,028;13,35754757;52,41311376
2020;11;16;5;3;5;3;2;1;1;0;0;0;0;0;793714,7688;5821651,91;13,32448499;52,46586298
2020;11;13;3;3;4;7;0;0;1;0;1;0;0;0;809684,1836;5823136,058;13,56019889;52,47034715
2020;11;19;6;3;0;3;2;0;1;0;1;0;0;0;810544,7192;5823195,422;13,57288204;52,47039069
2020;10;14;7;3;1;5;0;1;1;0;0;0;0;1;800535,5232;5823755,164;13,42648307;52,48100635
2020;11;7;4;3;5;3;0;0;1;0;0;0;0;0;809371,5601;5829822,491;13,56182235;52,53044625
2020;11;15;2;3;3;6;0;1;1;0;0;0;0;0;800559,7728;5826964,074;13,42973424;52,50975555
2020;11;13;7;3;0;7;0;0;1;0;0;0;0;0;786419,6489;5831112,616;13,22553864;52,55455873
2020;11;20;5;3;6;7;2;1;0;1;0;0;0;0;801426,0483;5825994,653;13,44158236;52,50058852
2020;11;9;2;3;0;1;0;0;0;0;1;0;0;1;810056,6112;5833185,04;13,57502747;52,56019044
2020;11;18;6;3;5;3;2;1;1;0;0;0;0;0;795770,237;5831028,628;13,36298478;52,54880852
2020;11;6;4;3;2;6;2;0;1;0;0;0;0;0;794760,4569;5830376,081;13,34755682;52,54350628
2020;11;21;2;2;5;5;2;0;1;0;1;0;0;1;806725,1936;5825651,703;13,51908909;52,49456237
2020;11;13;1;3;5;2;0;0;1;0;0;0;0;0;786103,8541;5829154,615;13,21920676;52,53716982
2020;11;13;7;3;6;7;0;0;1;1;0;0;0;0;789721,7216;5826440,649;13,27003538;52,51092733
2020;11;10;5;3;0;5;0;1;1;0;0;0;0;1;793775,6939;5830653,721;13,33332289;52,54652702
2020;11;16;3;3;3;5;1;0;1;0;0;0;0;0;805446,5472;5833515,423;13,50753855;52,56575688
2020;11;15;6;3;5;3;0;0;1;0;0;0;0;0;815008,794;5829713,653;13,64454862;52,52624293
2020;10;15;7;3;0;2;0;1;1;0;0;0;0;1;795489,2808;5833421,767;13,36098418;52,57041324
2020;11;8;3;2;5;2;0;1;1;0;0;0;0;0;792711,6539;5825643,099;13,31326594;52,50218133
2020;11;15;2;3;0;6;0;1;0;0;0;1;0;0;789078,1897;5816371,534;13,25185621;52,42099483
2020;11;11;7;3;0;2;0;0;1;0;1;0;0;1;793399,3962;5821766,037;13,31995632;52,46705554
2020;11;14;5;2;6;6;0;0;1;1;0;0;0;0;802565,3047;5829296,761;13,46131697;52,52955461
2020;11;18;2;3;2;6;2;0;1;0;0;0;0;0;792761,9849;5817474,733;13,30683911;52,42892662
2020;11;15;2;3;5;3;0;0;1;0;0;0;0;0;795530,7868;5816453,636;13,3465424;52,41828446
2020;11;13;6;3;0;6;0;0;1;0;0;0;1;0;784592,3855;5827960,109;13,19595936;52,5272513
2020;11;10;3;3;5;3;0;1;1;0;0;0;0;0;810822,3653;5821366,255;13,57525307;52,45384059
2020;11;0;7;3;0;7;2;0;0;0;0;0;1;0;800340,4607;5824353,805;13,42415872;52,48647954
2020;11;16;5;3;5;2;1;0;1;0;1;0;0;0;792354,3866;5834061,452;13,31542523;52,57784057
2020;11;14;2;3;6;7;0;1;0;1;0;0;0;0;797541,6911;5831858,818;13,38977684;52,55528545
2020;11;17;2;3;5;3;2;1;1;0;0;0;0;0;797140,9445;5831804,109;13,38383428;52,55501384
2020;11;15;6;3;2;6;0;0;1;0;0;0;0;0;797619,0344;5829331,644;13,38865002;52,53259029
2020;11;10;3;3;2;2;0;0;1;0;0;0;0;0;785210,5096;5831830,755;13,20836981;52,56163202
2020;10;15;7;3;9;6;0;0;1;0;0;0;0;1;807526,5844;5831174,351;13,53596124;52,54360549
2020;11;9;1;3;5;3;0;1;1;0;0;0;0;0;797755,6703;5824596,924;13,38642246;52,49007462
2020;11;12;7;2;5;3;0;1;1;0;0;0;0;0;801062,183;5831424,217;13,44115365;52,54945547
2020;10;15;7;2;9;1;0;0;1;0;0;0;0;1;788384,2884;5816786,734;13,24203842;52,42508349
2020;11;22;4;3;5;2;2;1;0;0;0;0;0;0;807107,0088;5822243,285;13,52155643;52,46380077
2020;11;9;3;3;0;1;0;1;0;0;0;0;0;1;791292,9153;5823315,155;13,29038863;52,48207061
2020;11;12;6;3;5;3;0;0;1;0;0;1;0;0;796693,7083;5820028,697;13,36676498;52,44970282
2020;10;15;7;3;5;3;0;0;1;0;0;0;1;1;803004,8364;5832012,039;13,47025285;52,5536469
2020;11;18;3;3;2;2;2;1;1;0;0;0;0;0;794191,0209;5827133,064;13,33631442;52,51474243
2020;11;7;6;3;5;3;0;1;1;0;0;0;0;0;800598,9938;5821191,588;13,42510517;52,45799306
2020;11;18;4;3;5;2;1;1;1;0;0;0;0;0;793991,2635;5821551,783;13,32845512;52,46481668
2020;11;14;2;3;1;5;0;1;1;0;0;0;0;0;781442,8009;5819503,456;13,14251245;52,45305861
2020;11;12;2;3;6;4;0;1;0;1;0;0;0;0;789421,2822;5818018,975;13,25831314;52,43558356
2020;11;18;5;3;2;6;2;0;1;0;0;0;0;0;794842,9689;5819779,874;13,3393911;52,44847355
2020;11;14;3;3;5;3;0;0;1;0;0;0;0;0;790506,164;5826182,853;13,28133677;52,50819896
2020;11;0;7;3;5;2;2;1;1;0;0;0;0;0;799238,782;5828468,097;13,41168066;52,5239631
2020;10;13;7;3;4;2;0;0;1;0;0;0;0;1;783906,2045;5831173,335;13,18861801;52,55641923
2020;11;12;4;2;6;7;0;0;0;1;0;0;1;0;788769,9631;5830009,366;13,25914959;52,54342669
2020;11;10;7;3;6;4;0;0;1;1;0;0;0;0;804394,0944;5833384,288;13,49193895;52,56517103
2020;10;20;7;3;2;6;2;0;1;0;0;0;0;1;800685,8379;5830659,83;13,43492804;52,542812
2020;11;16;4;3;5;3;1;1;1;0;0;0;0;0;800331,7595;5831573,817;13,43054909;52,55119956
2020;11;8;2;3;6;7;0;1;0;1;0;0;0;1;799657,0247;5820978,675;13,41109209;52,45660188
2020;11;8;6;3;5;2;0;1;0;0;0;1;0;0;800292,8817;5831595,851;13,42999734;52,55141849
2020;10;17;7;3;2;6;2;0;1;0;0;0;0;1;802205,6731;5827743,031;13,4546199;52,51582806
2020;11;12;3;3;1;5;0;1;1;0;0;0;0;0;795574,4458;5824148,945;13,35399334;52,48724423
2020;11;13;6;3;6;7;0;0;1;1;0;0;0;0;804328,2037;5815872,482;13,47498052;52,4082551
2020;11;15;4;3;5;2;0;1;1;0;0;0;0;0;795230,7448;5826625,915;13,35114189;52,50963442
2020;11;14;2;3;2;6;0;0;1;0;0;0;0;0;791795,3385;5819237,632;13,29420108;52,44524751
2020;11;18;1;3;0;7;2;1;0;0;0;0;0;0;791866,2495;5838585,327;13,31222979;52,6186573
2020;11;7;5;3;2;3;0;0;1;0;0;0;0;0;799286,6306;5816277,956;13,40144883;52,41466887
2020;11;22;3;3;5;3;2;1;1;0;0;0;0;0;794595,1924;5828438,912;13,34340976;52,52623033
2020;11;20;6;3;1;5;2;0;1;0;1;0;0;0;793594,0863;5821528,14;13,32260473;52,46481829
2020;10;18;7;3;2;6;2;0;1;0;0;0;0;1;802831,6182;5818234,597;13,45518408;52,43025686
2020;11;8;4;3;6;4;0;1;0;1;0;0;0;0;792748,6095;5823284,958;13,31173693;52,48102142
2020;11;15;2;3;6;4;0;1;0;1;0;0;0;1;803775,2063;5829027,405;13,47885173;52,52646761
2020;11;10;1;3;5;2;0;0;1;0;0;0;0;0;791102,9167;5819243,829;13,28404743;52,44567215
2020;11;13;5;2;5;3;0;0;1;0;1;0;0;0;802556,0057;5819114,671;13,45193906;52,43829759
2020;10;5;7;3;0;1;2;0;1;0;0;0;0;1;806114,525;5832004,875;13,51596959;52,55184394
2020;11;17;3;3;1;5;2;1;1;0;0;0;0;0;802672,0828;5826987,819;13,46078548;52,50880053
2020;11;0;6;3;6;4;2;0;1;1;0;0;0;0;799929,689;5825743,37;13,41937831;52,49916065
2020;11;9;4;3;1;5;0;1;1;0;0;0;0;0;792116,1734;5826473,391;13,3052467;52,50994385
2020;11;14;1;3;2;2;0;1;1;0;0;0;0;0;794443,9499;5821519,275;13,33507067;52,4642815
2020;11;12;5;3;5;3;0;1;1;0;0;0;0;0;803398,7186;5831665,205;13,47572763;52,55031908
2020;10;0;7;3;0;1;2;0;1;0;0;0;0;1;806726,4069;5833989,793;13,52680037;52,56928866
2020;11;14;3;3;2;7;0;0;1;0;0;0;0;0;798380,8917;5830941,191;13,40129371;52,54660112
2020;11;8;6;3;0;1;0;1;0;0;0;0;0;0;783178,1308;5829268,922;13,17628342;52,53972294
2020;11;14;4;3;1;5;0;1;1;0;0;0;0;0;797358,8918;5824532,138;13,38053804;52,48971016
2020;11;15;5;3;2;7;0;0;1;0;0;0;0;0;797357,0086;5823574,988;13,37965651;52,48113136
2020;11;15;3;3;0;7;0;1;0;1;0;0;0;1;812136,8362;5820291,882;13,59353063;52,44346378
2020;11;18;6;3;0;6;2;1;0;0;0;0;1;0;786674,129;5818445,475;13,21837905;52,44085434
2020;10;0;7;3;5;2;2;0;1;0;1;0;0;1;791488,2715;5829239,631;13,29844533;52,53507869
2020;11;19;3;2;9;1;2;0;1;0;1;0;0;0;800714,4232;5821065,624;13,42668544;52,4568005
2020;11;10;2;3;5;3;0;1;1;0;0;0;0;1;800302,9054;5825567,053;13,42470077;52,49737502
2020;11;21;7;3;3;6;2;1;0;0;0;0;1;0;801131,0766;5825937,919;13,43719876;52,50024285
2020;11;19;5;3;5;2;2;0;1;0;1;0;0;0;797628,5526;5824021,841;13,38404221;52,48498897
2020;11;14;2;3;5;3;0;0;1;0;0;0;0;0;782366,3069;5830500,657;13,16539236;52,55118842
2020;11;17;2;3;2;2;2;0;1;0;0;0;0;0;804603,699;5827475,729;13,48960553;52,5120984
2020;11;16;6;3;5;2;2;1;1;0;0;0;0;0;797439,9837;5835029,513;13,39112449;52,58376213
2020;11;12;4;3;8;1;0;0;1;0;0;0;0;0;787351,1812;5818285,975;13,22817523;52,43906894
2020;11;14;2;3;2;2;0;0;1;0;0;0;0;0;811658,5722;5819972,139;13,58621862;52,4408712
2020;11;12;1;2;5;3;0;0;1;0;1;0;0;0;802024,1424;5824296,121;13,4488269;52,48503376
2020;11;13;7;3;5;3;0;0;1;0;0;0;0;0;813154,0811;5828817,917;13,61645582;52,51928469
2020;11;8;5;2;4;6;0;1;0;0;0;0;0;0;802851,7448;5832486,707;13,4684348;52,55798637
2020;11;8;3;3;5;2;0;1;1;0;0;0;0;0;797258,5116;5829087,889;13,38313275;52,53060205
2020;11;14;6;3;5;2;0;1;1;0;0;0;0;0;807934,6081;5829198,157;13,54012811;52,52566462
2020;11;15;1;3;3;6;0;0;1;0;1;0;0;0;785060,2887;5829451,987;13,20411742;52,54038291
2020;11;19;7;3;5;2;2;0;1;0;0;0;0;0;810904,6873;5829230,233;13,58379681;52,52426662
2020;11;11;5;3;6;4;0;1;0;1;0;0;0;0;800607,4078;5823772,282;13,42755384;52,48112023
2020;11;17;3;3;5;2;2;1;0;0;0;0;0;0;790738,3327;5834245,456;13,29180512;52,58035598
2020;11;15;6;2;5;7;0;0;1;0;0;0;1;0;808578,9129;5830116,95;13,55044785;52,53353438
2020;10;0;7;3;0;1;2;1;0;0;0;0;0;1;794963,8901;5822421,948;13,34349983;52,47209299
2020;11;7;3;3;3;6;1;1;0;0;0;0;1;1;808959,9381;5819390,074;13,54610511;52,43718597
2020;11;10;2;3;0;4;0;0;0;1;1;0;0;1;801549,3077;5820599,663;13,43851465;52,45216398
2020;11;4;7;2;1;1;2;0;1;0;0;0;0;1;782109,241;5828484,14;13,15989854;52,53324071
2020;11;15;5;3;6;4;0;1;0;1;0;0;0;0;794650,3211;5823662,818;13,33999318;52,48338592
2020;11;16;2;3;5;2;2;0;1;0;0;0;1;0;812723,533;5825534,673;13,60704748;52,49011029
2020;11;14;6;3;4;6;0;1;0;0;0;0;0;0;810784,325;5821279,708;13,57461452;52,45308663
2020;11;9;3;3;2;2;0;1;1;0;0;0;0;0;806140,8728;5826705,713;13,51147792;52,50433678
2020;10;10;7;3;2;7;0;0;1;0;0;0;0;1;814204,3553;5821525,105;13,62500967;52,45333069
2020;11;11;7;2;2;2;0;0;1;0;0;0;0;0;790688,312;5822694,722;13,28096969;52,47683055
2020;10;12;7;3;0;7;0;0;1;0;0;0;0;1;781534,9545;5828402,73;13,1513855;52,5328077
2020;11;19;4;3;5;2;2;1;1;0;0;0;0;0;793530,9685;5829122,921;13,32837189;52,53293613
2020;11;11;2;3;5;3;0;1;1;0;0;0;0;1;806076,9117;5825257,178;13,50920747;52,49139041
2020;11;10;6;3;5;2;0;1;1;0;0;0;0;1;792542,8955;5827127,512;13,31209148;52,51557918
2020;10;12;7;3;4;6;0;1;0;0;0;0;1;1;784540,5632;5829079,209;13,19615554;52,53731223
2020;11;12;3;3;5;3;0;1;1;0;0;0;0;0;805150,8209;5817151,825;13,48820269;52,41926367
2020;11;22;6;2;5;2;2;1;1;0;0;0;0;0;812100,7084;5831520,825;13,60351929;52,54410964
2020;11;19;4;3;2;2;2;0;1;0;1;0;0;0;804913,3703;5826254,237;13,49303585;52,50097775
2020;11;13;2;3;5;3;0;0;1;0;0;0;0;1;808678,0613;5828994,675;13,55086305;52,52342067
2020;11;9;2;3;3;2;0;0;1;0;1;0;0;0;789926,7135;5826215,334;13,27285124;52,50879842
2020;10;11;7;3;1;7;0;0;1;0;0;0;1;1;790761,1057;5822795,603;13,28212643;52,47769621
2020;11;9;3;3;5;3;0;0;1;0;0;0;0;0;795783,4657;5832578,597;13,36456043;52,5626953
2020;11;12;7;3;6;4;0;0;1;1;0;0;0;0;795080,684;5825615,56;13,34804171;52,50065851
2020;11;14;5;2;5;2;0;0;1;0;1;0;0;0;793553,7721;5835456,863;13,33431041;52,58970383
2020;11;14;2;3;2;2;0;0;0;0;1;0;1;0;790369,314;5827327,677;13,28032503;52,51853525
2020;11;8;5;3;0;7;0;1;0;0;0;0;0;0;811179,3499;5815153,184;13,57470992;52,39795843
2020;11;9;3;3;6;2;0;0;1;1;0;0;0;0;781967,69;5828466,584;13,15780235;52,53315654
2020;11;10;7;3;0;6;0;0;1;0;0;0;1;0;796353,3708;5828555,489;13,36935397;52,52632246
2020;10;12;7;3;3;2;0;0;1;0;1;0;0;1;790424,6615;5825950,513;13,27993657;52,50615941
2020;11;15;4;3;4;6;0;0;1;0;0;0;0;0;796193,3602;5820527,852;13,35986667;52,45444868
2020;11;6;2;3;0;7;2;1;1;0;0;0;0;1;810369,3453;5820351,915;13,56766528;52,44500779
2020;11;8;6;3;0;2;0;0;1;0;0;0;1;0;793474,0922;5832425,561;13,33045435;52,56257311
2020;10;12;7;3;5;7;0;0;1;0;0;0;0;1;799431,1298;5831369,476;13,41712155;52,5498638
2020;11;12;3;3;6;7;0;0;1;1;0;0;0;0;784162,6683;5831217,695;13,19242873;52,5566832
2020;11;12;6;3;0;2;0;0;1;0;1;0;0;0;811748,5845;5819774,935;13,58735465;52,43905266
2020;11;14;4;3;2;6;0;1;0;0;0;0;0;0;801335,4887;5828710,741;13,44271166;52,52498324
2020;11;7;5;3;6;4;1;0;1;1;0;0;0;0;799688,732;5815156,641;13,40633967;52,4043977
2020;11;13;3;3;5;7;0;1;1;0;0;0;0;0;795562,0929;5827763,362;13,35702034;52,51965127
2020;11;14;6;3;5;3;0;1;1;0;0;0;0;0;803156,894;5839362,958;13,47921409;52,61944576
2020;10;13;7;2;5;3;0;1;0;0;0;0;0;1;801051,0736;5828170,331;13,43804294;52,52029657
2020;11;16;5;2;5;2;2;1;0;0;0;0;0;0;800711,4263;5828461,888;13,4333158;52,52309726
2020;11;14;3;3;1;5;0;1;1;0;0;0;0;0;819949,2831;5819886,579;13,70769752;52,43531774
2020;11;18;6;3;5;3;1;0;1;0;0;0;0;0;793632,7851;5821508,465;13,32315542;52,46462111
2020;10;13;7;3;0;1;0;1;0;0;0;0;0;1;798322,3812;5829356,219;13,39901035;52,53242608
2020;11;9;4;2;2;6;0;0;1;0;0;0;0;0;797399,2825;5829309,059;13,3853997;52,53250779
2020;11;22;1;3;2;6;2;0;1;0;1;0;0;0;783780,0574;5826264,881;13,18257105;52,51247505
2020;11;10;5;3;5;3;0;0;0;0;0;0;1;0;799359,9697;5820941,906;13,40670039;52,45643507
2020;10;14;7;3;0;7;0;0;1;0;1;0;0;1;791887,2796;5833517,521;13,30807265;52,57321517
2020;11;15;3;3;5;2;1;1;1;0;0;0;0;0;807104,8187;5825756,325;13,52475974;52,49528656
2020;11;7;6;3;5;3;0;0;1;0;0;0;0;1;782463,589;5828527,119;13,16514518;52,53344254
2020;11;13;4;3;3;6;0;0;1;0;1;0;0;0;788090,5046;5829386,666;13,24861807;52,53820364
2020;11;13;2;3;5;3;0;1;1;0;0;0;0;1;797555,4379;5820289,027;13,37963974;52,45156808
2020;11;0;1;3;1;5;2;0;1;0;0;0;0;0;800574,318;5816156,012;13,42021562;52,41287025
2020;11;13;5;3;0;2;0;1;0;0;1;0;0;0;794999,4754;5828142,247;13,34908855;52,52335233
2020;11;15;3;3;2;2;0;0;1;0;0;0;0;0;802579,8367;5833494,485;13,46535514;52,56717002
2020;11;15;6;2;5;3;0;0;1;0;1;0;0;0;811368,484;5817454,088;13,57962028;52,41847077
2020;10;10;7;3;5;3;0;0;1;0;0;0;0;1;794715,4057;5816703,329;13,33480735;52,42096254
2020;11;10;3;3;0;1;0;0;0;0;1;0;0;0;791392,496;5834302,887;13,30148264;52,5805209
2020;11;10;2;3;2;6;0;0;1;0;0;1;0;1;801975,936;5836387,246;13,4591077;52,59343271
2020;11;7;7;3;1;5;0;0;0;0;0;1;1;1;791468,9001;5829224,41;13,29814719;52,53495259
2020;11;18;5;3;6;6;2;1;0;1;0;0;0;0;797657,476;5828076,985;13,38809192;52,52132283
2020;11;17;2;3;5;2;1;1;1;0;0;0;0;0;787125,1253;5817227,445;13,22394966;52,42969706
2020;11;7;4;3;5;3;0;1;1;0;0;0;0;0;799495,1759;5831784,713;13,41843783;52,55355051
2020;11;10;2;3;2;6;0;0;1;0;0;0;1;1;797107,2092;5824327,455;13,37665965;52,48801242
2020;11;23;7;3;1;5;2;1;1;0;0;0;0;0;796024,868;5831419,676;13,36707768;52,55217556
2020;11;15;5;3;1;5;0;0;1;0;0;0;0;0;791076,4366;5825221,801;13,28887543;52,49927916
2020;11;2;2;3;4;6;2;0;1;0;0;0;0;0;807108,9952;5823644,629;13,52287549;52,47635881
2020;11;18;6;3;2;3;2;1;1;0;0;0;0;0;798610,0686;5827019,871;13,40114142;52,51132644
2020;11;11;4;3;6;4;0;0;1;1;0;0;0;0;810852,3849;5828106,099;13,581978;52,51422262
2020;11;14;1;3;5;2;0;1;1;0;0;0;0;0;797473,2907;5826793,496;13,3842378;52,50991836
2020;11;15;7;3;5;3;0;0;1;0;0;0;0;1;807536,6888;5824817,596;13,5302348;52,48663043
2020;11;15;5;2;0;7;1;1;0;0;0;0;0;1;782688,4077;5826946,325;13,1671068;52,51915202
2020;11;16;3;3;5;2;2;1;0;0;0;0;1;0;800745,5064;5826524,66;13,43206575;52,50571461
2020;11;8;6;3;6;4;0;1;0;1;0;0;0;0;803943,4219;5817486,676;13,47080707;52,42293677
2020;10;10;7;3;5;3;0;0;1;0;0;0;0;1;792510,7645;5824492,997;13,30930482;52,49197868
2020;11;8;3;3;5;3;0;1;1;0;0;0;0;1;806409,5667;5822969,801;13,51198967;52,47070359
2020;11;4;2;3;5;3;2;0;1;0;0;0;0;1;796678,1823;5832735,223;13,37786102;52,56361249
2020;11;11;7;3;5;3;0;1;1;0;0;0;0;1;794265,3822;5829147,225;13,33918927;52,53275801
2020;11;14;5;3;5;2;0;0;1;0;1;0;0;0;807172,6083;5828934,673;13,52868816;52,52373309
2020;11;15;2;3;6;4;1;1;0;1;0;0;0;0;798063,6156;5821156,775;13,38787026;52,45906963
2020;11;0;6;2;0;1;2;1;0;0;0;0;0;1;786611,8475;5825097,286;13,2231803;52,50052604
2020;11;11;3;3;5;3;0;0;1;0;0;0;0;0;793274,4676;5832581,247;13,32765547;52,56407631
2020;11;10;7;3;5;2;0;0;1;0;0;0;1;0;812605,2462;5830312,329;13,60979827;52,53299106
2020;10;10;7;2;6;2;0;0;1;1;0;0;0;1;796149,2477;5820777,585;13,35944088;52,45671124
2020;11;16;4;3;8;1;1;0;1;0;0;0;0;0;797479,7204;5826059,812;13,38367665;52,50333822
2020;11;9;2;3;5;2;0;1;1;0;0;0;0;1;790052,8199;5835750,166;13,28303382;52,59421146
2020;11;15;6;3;0;1;0;0;0;0;0;0;1;0;783613,8008;5828666,658;13,18217601;52,53409635
2020;11;8;3;3;2;6;0;1;1;0;0;0;0;0;800931,2402;5824258,328;13,43274672;52,48529845
2020;10;10;7;3;5;2;0;1;1;0;0;0;0;1;791294,4005;5838938,781;13,30411822;52,62213275
2020;11;12;1;3;5;3;0;0;1;0;0;0;0;0;794913,586;5836312,484;13,35508694;52,59663813
2020;11;13;7;2;6;4;0;1;0;1;0;0;0;0;811079,3141;5821963,111;13,57957824;52,45904318
2020;10;9;7;3;6;4;0;0;1;1;0;0;0;1;800188,838;5828469,922;13,42564366;52,52345723
2020;11;12;5;3;5;3;0;0;1;0;0;0;0;0;783345,443;5829415,46;13,17886877;52,54094986