UJAHR;UMONAT;USTUNDE;UWOCHENTAG;UKATEGORIE;UART;UTYP1;ULICHTVERH;IstRad;IstPKW;IstFuss;IstKrad;IstGkfz;IstSonstige;USTRZUSTAND;LINREFX;LINREFY;XGCSWGS84;YGCSWGS84
2020;11;7;3;3;2;7;0;1;1;0;0;0;0;0;793525,6116;5820668,346;13,32084362;52,45714731
2020;11;13;6;3;6;4;0;1;0;1;0;0;0;0;793924,7114;5822863,812;13,32863428;52,47661426
2020;10;11;7;3;0;1;0;0;0;0;1;0;0;1;796977,836;5827282,26;13,377395;52,51456955
2020;11;9;3;3;1;5;0;1;1;0;0;0;0;0;799975,7446;5824460,819;13,41889996;52,48763926
2020;11;13;7;3;6;4;0;0;1;1;0;0;0;0;801598,0222;5828292,055;13,44618997;52,52108536
2020;11;16;5;3;3;6;1;1;0;0;0;0;1;0;799900,6668;5825954,297;13,41914199;52,50106723
2020;11;13;2;3;2;7;0;0;0;0;1;0;1;0;797501,3169;5829393,016;13,38697464;52,53320468
2020;11;18;5;3;2;6;2;0;1;0;1;0;0;0;791619,7488;5824499,243;13,29622389;52,49251143
2020;11;9;3;3;2;6;0;1;0;1;0;0;0;0;801207,378;5825943,315;13,43832428;52,50024911
2020;11;8;7;3;5;3;0;0;1;0;0;0;1;0;796392,089;5833163,647;13,37403549;52,56760865
2020;10;11;7;3;1;5;0;1;1;0;0;0;0;1;802335,4568;5827096,149;13,45593899;52,50995815
2020;11;13;4;2;1;5;0;0;1;0;0;0;1;0;783099,7271;5830182,454;13,17590908;52,54795463
2020;11;2;6;3;9;1;2;0;0;0;0;0;1;0;798067,788;5828466,029;13,39447012;52,52458597
2020;10;12;7;3;5;2;0;0;1;0;0;0;0;1;797607,1847;5815572,006;13,37620095;52,40925635
2020;11;14;3;3;2;2;0;0;1;0;0;0;0;0;785951,065;5828001,87;13,21596851;52,52691474
2020;11;9;6;3;5;2;0;1;1;0;0;0;0;0;795668,9128;5829732,336;13,36034106;52,53724347
2020;10;0;7;2;9;1;2;0;1;0;0;0;0;1;808020,366;5833918,052;13,54576535;52,56791513
2020;11;12;3;3;6;2;0;0;0;1;0;0;1;0;790264,4369;5835036,723;13,28552397;52,58770262
2020;11;13;6;3;5;3;0;0;1;0;0;0;0;0;812996,75;5828485,586;13,61383201;52,51639699
2020;11;16;4;3;5;3;2;0;1;0;0;0;0;0;794441,4131;5818839,247;13,33267059;52,44025765
2020;11;0;1;3;9;1;2;0;1;0;0;0;0;0;802949,6358;5832010,84;13,46944007;52,55366685
2020;11;16;5;2;0;6;1;0;1;0;1;0;0;0;795885,4124;5822963,345;13,35750746;52,47644782
2020;11;22;3;3;5;3;2;1;1;0;0;0;0;0;784114,6908;5829010,29;13,18983449;52,53691651
2020;11;21;6;3;5;2;2;1;1;0;0;0;0;0;798209,7274;5824528,841;13,39302919;52,4892165
2020;10;0;7;3;1;5;2;0;1;0;0;0;0;1;795994,8994;5816304,813;13,35321537;52,41669955
2020;11;9;4;3;2;6;0;0;1;0;0;0;0;0;797326,4786;5832332,342;13,387036;52,55964753
2020;11;11;1;3;2;2;0;1;1;0;0;0;0;0;810027,5129;5820461,506;13,5627536;52,44618384
2020;11;14;5;3;5;2;0;1;1;0;0;0;0;0;800161,0194;5825745,484;13,42277777;52,49905241
2020;10;14;6;3;5;3;0;1;1;0;0;0;0;1;792839,9369;5825507,006;13,31503076;52,50089247
2020;11;15;3;3;5;3;0;0;1;0;0;0;0;0;792781,0118;5836391,178;13,32376196;52,59849594
2020;11;7;6;3;5;2;1;1;1;0;0;0;0;1;796306,51;5828921,539;13,36899146;52,5296292
2020;11;7;4;3;5;3;0;1;1;0;0;0;0;0;801911,462;5826830,771;13,44946978;52,50781437
2020;11;19;7;3;0;2;0;1;1;0;0;0;0;0;793968,2994;5821696,291;13,32824536;52,46612449
2020;11;12;5;3;0;2;0;1;1;0;0;0;0;0;790650,9165;5822759,32;13,28047694;52,47742959
2020;11;15;3;3;5;3;0;1;1;0;0;0;0;1;810193,8554;5830016,96;13,57408698;52,53172171
2020;11;8;6;3;1;5;0;0;1;0;0;0;0;0;783141,422;5827768,36;13,17446529;52,52628758
2020;11;14;4;2;5;2;0;1;1;0;0;0;0;0;809754,7756;5820507,73;13,55879631;52,44675266
2020;11;15;5;3;6;4;0;0;1;1;0;0;0;0;799987,568;5835328,223;13,42888337;52,58504086
2020;11;16;3;3;3;1;0;0;1;0;1;0;0;1;797721,1665;5823950,851;13,38533866;52,48430213
2020;11;19;6;2;1;7;2;0;1;0;0;0;0;0;794839,1702;5834544,606;13,35241814;52,58083105
2020;10;16;6;3;2;6;0;1;1;0;0;0;0;1;802398,0692;5828296,074;13,45794925;52,52067832
2020;11;7;4;3;8;1;0;0;1;0;0;0;0;0;805928,5374;5819814,377;13,50203902;52,44269276
2020;11;6;2;2;5;2;2;0;1;0;0;0;1;1;793394,875;5820328,327;13,31862628;52,45416933
2020;11;12;7;3;5;3;0;0;1;0;0;0;0;1;792602,106;5833649,477;13,31870693;52,57401427
2020;11;20;5;2;1;5;2;0;1;0;0;0;0;0;797973,721;5832361,7;13,39658186;52,5595569
2020;11;12;2;3;1;5;0;1;1;0;0;0;0;1;800022,997;5829225,611;13,42388845;52,53032201
2020;11;17;2;3;6;4;2;0;1;1;0;0;0;0;799252,2509;5826230,422;13,40986628;52,50389827
2020;11;17;6;3;6;7;2;0;1;1;0;0;0;0;794069,9386;5821470,536;13,32953827;52,46404599
2020;11;10;4;2;0;1;0;1;0;0;0;0;0;0;797569,8286;5828609,327;13,38728024;52,52614246
2020;11;12;2;3;2;6;0;0;1;0;0;0;0;1;800551,5529;5827030,799;13,42967373;52,51035816
2020;11;13;1;3;1;5;0;1;1;0;0;0;0;0;801994,0594;5823255,271;13,4474425;52,47572113
2020;11;13;7;3;5;2;0;1;1;0;0;0;0;0;807658,8993;5833601,622;13,54015559;52,56528373
2020;11;9;5;3;2;6;0;0;1;0;0;0;0;0;795334,8954;5822252,492;13,34879598;52,47037347
2020;11;8;3;2;5;2;0;1;1;0;0;0;0;0;795703,6927;5825456,199;13,3570515;52,49889272
2020;11;14;6;3;5;2;0;1;0;0;0;0;1;0;791291,6076;5838942,303;13,30408018;52,62216582
2020;10;9;6;2;5;7;0;0;1;0;0;0;1;1;814208,6927;5821854,065;13,6253828;52,45627599
2020;11;8;3;3;0;6;0;0;1;0;1;0;0;0;793453,0864;5823896,26;13,32261889;52,48612339
2020;11;11;7;3;5;2;0;1;1;0;0;0;0;0;811059,3926;5818027,49;13,57562295;52,42378513
2020;11;14;5;2;5;2;0;0;1;0;1;0;0;0;793198,6249;5824564,817;13,31947042;52,49225348
2020;12;17;3;3;6;4;2;1;0;1;0;0;0;0;801220,1432;5825239,391;13,43787521;52,49393264
2020;11;20;6;3;0;7;2;0;1;0;0;0;1;1;807900,2922;5816414,44;13,52782753;52,41111525
2020;11;3;3;3;2;6;2;0;1;0;0;0;0;0;799451,8752;5828827,882;13,41513615;52,52707102
2020;11;9;3;3;0;3;0;1;0;0;0;0;1;0;798716,3268;5827633,228;13,40325311;52,51676615
2020;11;22;5;3;5;2;2;1;0;0;0;0;1;1;800793,0025;5825600,019;13,43192824;52,49740061
2020;11;8;2;3;2;6;0;0;1;0;0;0;0;0;798901,1221;5819457,176;13,39863898;52,44337744
2020;11;10;6;1;5;2;0;1;0;0;0;1;0;0;805214,5375;5828280,242;13,4993166;52,51896737
2020;11;17;4;3;5;3;2;1;1;0;0;0;0;0;810633,4664;5825773,068;13,57658588;52,49343992
2020;11;13;7;3;2;6;0;0;1;0;0;0;1;0;796208,8616;5820740,526;13,36028279;52,45634673
2020;11;16;6;3;5;3;0;1;1;0;0;0;0;0;806479,5095;5833512,201;13,52272767;52,56514751
2020;11;12;3;3;0;1;0;1;0;0;0;0;0;0;797855,8184;5825656,09;13,3888401;52,49951416
2020;11;17;6;3;5;2;2;1;1;0;0;0;0;0;796240,3474;5818599,616;13,35884638;52,43713804
2020;11;17;2;3;5;2;2;0;1;0;0;0;0;0;800544,8979;5841154,919;13,4423773;52,63695807
2020;11;9;6;3;0;5;0;1;1;0;0;0;0;1;801526,8533;5828166,89;13,44503076;52,52000286
2020;11;17;6;3;5;2;2;0;1;0;1;0;0;0;790686,1326;5829201,663;13,28661937;52,53516673
2020;12;13;3;3;1;5;0;1;0;0;0;0;1;0;801329,7421;5822241,278;13,43677515;52,46699934
2020;11;15;6;2;6;4;0;0;1;1;0;0;0;1;804508,1868;5830977,691;13,49140957;52,54353819
2020;11;5;2;2;6;7;2;0;1;1;0;0;0;1;804969,9068;5833018,076;13,50007114;52,56156667
2020;11;11;5;2;6;4;0;0;1;1;0;0;0;1;809190,1372;5830608,984;13,55988799;52,53759746
2020;11;11;1;3;5;3;0;0;1;0;0;0;0;0;792430,2229;5827165,919;13,31046955;52,51598391
2020;11;20;6;3;2;6;2;1;1;0;0;0;0;0;801661,5129;5825888,871;13,44494483;52,49951028
2020;11;13;4;2;5;3;0;0;1;0;0;0;0;0;798732,9356;5832862,03;13,40819844;52,56362563
2020;11;14;6;3;2;7;0;1;1;0;0;0;0;0;798315,5987;5824235,84;13,39432157;52,48653226
2020;12;17;4;3;5;3;2;1;1;0;0;0;0;0;799716,8129;5827369,286;13,41771556;52,51385144
2020;11;14;4;3;6;7;0;0;1;1;0;0;0;0;791361,9675;5822561,483;13,29074403;52,47527709
2020;11;16;7;3;5;3;1;1;1;0;0;0;0;0;804919,8596;5829936,705;13,49650607;52,5339782
2020;11;14;6;2;2;6;0;0;1;0;0;0;0;0;792180,2491;5825320,537;13,30517643;52,49957444
2020;11;13;6;3;3;6;0;0;1;0;0;0;0;0;783325,0185;5827652,453;13,17706555;52,52515295
2020;11;18;2;3;5;2;2;1;1;0;0;0;0;0;799071,5607;5825597,855;13,40664405;52,49832726
2020;11;6;6;3;5;2;2;0;1;0;0;0;1;1;794838,9568;5833067,959;13,35110198;52,56759431
2020;11;13;6;3;2;6;0;0;1;0;0;0;0;0;791179,6966;5820057,757;13,28588347;52,45292822
2020;12;10;3;3;2;6;0;0;1;0;1;0;0;0;797164,0407;5831923,388;13,38428072;52,55607043
2020;11;12;6;3;1;5;0;0;1;0;0;0;0;0;789114,65;5826271,034;13,26096769;52,50972877
2020;11;8;2;3;0;1;1;1;0;0;0;0;0;0;795297,8858;5826475,136;13,35199455;52,50824647
2020;11;10;5;3;6;4;0;0;1;1;0;0;0;0;800920,9204;5831717,923;13,43934277;52,55216604
2020;11;4;1;3;0;1;2;0;1;0;0;0;1;1;789457,6756;5827429,562;13,26701582;52,51993334
2020;11;11;6;3;2;6;0;0;1;0;0;0;0;0;786992,8391;5829343,31;13,23244089;52,53839413
2020;11;11;4;3;0;1;0;0;0;0;1;0;0;0;802445,8983;5826264,746;13,45680608;52,50244509
2020;11;10;5;3;5;2;0;1;1;0;0;0;0;0;800733,2592;5825793,497;13,43122552;52,49916773
2020;11;15;5;3;0;1;0;1;0;0;0;0;0;1;799908,3915;5831670,147;13,42441075;52,55229626
2020;11;8;2;3;5;3;0;1;0;0;0;0;1;0;796689,4155;5831951,824;13,37732588;52,5565841
2020;11;16;3;3;3;6;1;1;1;0;0;0;0;0;797248,7492;5820826,507;13,3756184;52,45655292
2020;11;14;6;2;6;4;0;0;1;1;0;0;0;0;780757,1133;5820456,709;13,13325015;52,46195893
2020;11;11;2;3;6;4;0;1;0;1;0;0;0;0;804498,605;5826389,248;13,48706792;52,50241939
2020;11;22;5;3;5;2;2;0;1;0;0;0;0;1;796001,5539;5824957,149;13,36098307;52,49425769
2020;11;13;2;3;5;2;0;1;1;0;0;0;0;0;797134,6422;5823996,751;13,37676766;52,48503307
2020;11;12;5;3;5;2;0;0;1;0;0;0;0;1;799243,8952;5828468,681;13,41175633;52,52396553
2020;11;12;2;3;0;5;0;0;1;0;1;0;0;0;785409,8952;5830365,707;13,2100435;52,54839218
2020;11;14;6;2;0;1;0;1;0;0;0;0;0;0;801947,143;5826800,445;13,44996641;52,50752281
2020;11;0;2;3;6;4;2;0;1;1;0;0;0;0;796327,2015;5828540,342;13,36895585;52,5262009
2020;11;8;5;3;0;1;0;1;0;0;0;0;0;1;798285,3749;5825307,432;13,39483706;52,49615426
2020;11;12;2;3;5;3;0;1;1;0;0;0;0;0;801098,424;5832288,577;13,44247042;52,55718276
2020;11;9;4;3;2;6;0;0;1;0;0;0;0;1;806616,1859;5827442,776;13,51913763;52,51067561
2020;11;4;7;3;1;5;2;0;1;0;0;0;1;1;795935,717;5816252,123;13,3523011;52,41625923
2020;11;7;5;3;5;2;0;1;1;0;0;0;0;0;800865,9041;5832081,588;13,43886336;52,555456
2020;11;16;5;3;2;6;1;0;1;0;0;0;1;0;810509,3244;5820301,385;13,56967127;52,4444755
2020;11;18;5;3;6;7;2;1;0;1;0;0;0;1;800161,8719;5830969,038;13,42750438;52,54587241
2020;11;21;5;3;5;3;2;0;1;0;1;0;0;0;809798,7153;5819180,844;13,55821083;52,43483646
2020;11;10;2;3;1;5;0;0;1;0;1;0;0;1;798694,6354;5829722,286;13,4048109;52,53550348
2020;11;9;3;3;5;3;0;1;1;0;0;0;0;0;797046,0361;5826535,42;13,37773049;52,50783781
2020;11;16;6;3;6;4;0;1;0;1;0;0;0;0;792934,6166;5832707,816;13,3227678;52,5653939
2020;11;14;2;2;6;4;0;0;1;1;0;0;0;0;797334,9918;5820481,962;13,3765771;52,4534175
2020;11;21;5;3;6;2;2;0;0;1;0;0;1;1;797707,71;5830690,306;13,39117075;52,54472054
2020;11;20;4;3;5;3;2;0;1;0;0;0;0;0;801467,2309;5827266,432;13,44333884;52,51196491
2020;11;11;7;2;5;3;0;0;1;0;0;0;0;0;782096,2107;5830181,587;13,16114832;52,54846747
2020;11;20;5;3;5;2;2;0;1;0;0;0;0;1;791752,789;5827251,674;13,30058986;52,5171155
2020;11;11;2;3;5;2;0;0;1;0;0;0;0;0;797650,8725;5831854,426;13,39137856;52,55518642
2020;11;18;5;2;4;7;2;0;1;0;0;0;0;0;805410,1826;5830021,09;13,50378991;52,53445997
2020;11;18;5;3;2;6;2;0;1;0;0;0;0;1;803075,0206;5824014,201;13,46399912;52,48192463
2020;11;8;4;3;2;6;0;0;1;0;0;0;0;1;806316,0164;5820890,753;13,50870892;52,4521228
2020;11;21;7;3;2;6;2;0;1;0;0;0;0;0;789974,5227;5826224,129;13,27356137;52,50885186
2020;11;17;5;3;3;6;2;0;1;0;0;0;0;1;781965,7274;5830604,968;13,15958865;52,55233124
2020;11;8;5;3;2;6;0;1;1;0;0;0;0;0;791919,3699;5825240,586;13,30127416;52,49899731
2020;11;17;5;3;3;6;2;1;0;0;0;1;0;1;800649,693;5824382,732;13,42872518;52,48656862
2020;11;8;5;3;0;1;0;1;0;0;0;0;0;0;800095,6173;5831667,356;13,42716132;52,55216812
2020;12;16;3;3;1;5;2;1;1;0;0;0;0;0;794705,3978;5823894,186;13,34100644;52,48543027
2020;11;17;5;3;5;3;2;0;1;0;0;0;0;1;806696,5858;5829152,069;13,52189435;52,52594938
2020;11;19;2;3;5;2;2;1;1;0;0;0;0;0;799177,295;5831110,598;13,41315591;52,54768283
2020;11;9;3;3;9;1;0;0;1;0;0;0;0;0;802882,0366;5832029,453;13,46846305;52,55387128
2020;11;18;5;3;5;3;2;0;0;0;0;0;1;1;789722,7556;5818435,977;13,2630969;52,43916254
2020;11;7;2;2;2;7;0;0;1;0;0;1;0;0;804628,1319;5829928,842;13,49221128;52,53407086
2020;11;7;5;3;5;3;0;0;1;0;0;0;0;0;792944,3719;5828581,874;13,31927196;52,52840147
2020;11;15;4;3;2;6;0;0;1;0;0;0;0;0;801979,0825;5829041,685;13,45246986;52,52759341
2020;11;12;7;2;5;2;0;0;1;0;0;0;0;0;784745,3586;5826389,94;13,19686402;52,51309325
2020;11;6;5;3;2;2;2;0;1;0;1;0;0;0;794968,3788;5832716,388;13,35269335;52,56437266
2020;11;17;2;3;5;3;2;0;1;0;0;0;0;0;799071,3691;5821704,569;13,40314897;52,46342935
2020;11;0;5;2;9;1;2;0;1;0;0;0;0;0;801424,4077;5818892,851;13,43514248;52,43693416
2020;11;16;2;3;2;2;1;0;1;0;0;0;0;0;788109,699;5827861,594;13,24757847;52,52452058
2020;11;15;6;3;1;5;0;0;1;0;0;0;0;1;784896,3869;5829527,732;13,20177219;52,54114776
2020;11;17;5;3;6;4;1;0;1;1;0;0;0;1;799764,2773;5832353,427;13,4229086;52,55850003
2020;12;19;3;3;1;5;2;0;1;0;0;0;0;0;787306,6215;5838620,984;13,24509647;52,62140713
2020;11;16;5;3;3;6;2;1;0;0;0;1;0;1;800453,5686;5836206,85;13,4365376;52,59265893
2020;11;16;2;3;5;2;0;1;1;0;0;0;0;0;788038,3619;5829390,392;13,24785463;52,53826461
2020;11;7;5;2;1;1;0;0;1;0;0;0;0;1;804720,8857;5842149,542;13,50481434;52,64354493
2020;11;10;2;3;5;3;0;1;1;0;0;0;0;0;784791,3835;5827280,035;13,19830236;52,52104983
2020;11;9;6;3;6;7;0;0;1;1;0;0;0;0;797213,8957;5830297,136;13,38355844;52,54146585
2020;11;16;5;3;0;2;2;0;1;1;0;0;0;1;783683,6093;5830180,681;13,18449527;52,54763498
2020;12;14;3;3;1;5;0;1;1;0;0;0;0;0;792309,1841;5825488,441;13,30721779;52,50101061
2020;11;16;5;3;0;1;2;1;0;0;0;0;0;1;781543,9514;5830704,018;13,15346835;52,55343756
2020;11;9;2;3;2;6;0;0;1;0;0;0;0;1;790943,702;5833787,587;13,29442561;52,57614149
2020;11;15;5;3;6;4;1;1;0;1;0;0;0;1;797206,9518;5831346,679;13,38439552;52,55087752
2020;11;19;2;3;4;7;2;1;1;0;0;0;0;0;803470,8953;5827004,26;13,47253446;52,50850413
2020;11;15;5;3;5;3;1;0;1;0;1;0;0;0;784658,7268;5829699,514;13,19842452;52,54281217
2020;11;15;4;3;3;6;0;0;1;0;0;0;0;0;784863,9071;5829305,437;13,20110397;52,53917166
2020;11;14;7;3;0;1;0;1;0;0;0;0;0;0;788690,9895;5825899,491;13,25442026;52,50662213
2020;11;14;5;3;5;2;0;0;1;0;0;0;0;0;798884,2174;5816084,706;13,39537712;52,41315647
2020;12;13;4;3;5;3;0;0;1;0;0;0;0;0;802868,0745;5822359,587;13,4594586;52,46720918
2020;11;14;5;3;3;6;0;0;1;0;0;0;0;1;793841,6781;5819756,627;13,32467968;52,44880424
2020;11;9;2;3;5;3;0;0;1;0;0;0;0;0;804619,9199;5816128,174;13,47948845;52,41038461
2020;11;7;6;2;6;4;1;0;1;1;0;0;0;1;807029,3967;5821156,253;13,51941791;52,4541021
2020;12;8;3;3;6;4;0;0;1;1;0;0;0;0;780439,8656;5821617,331;13,12956839;52,472529
2020;11;8;5;3;1;5;0;1;1;0;0;0;0;1;799336,0029;5827188,014;13,4119576;52,51243572
2020;11;16;2;3;1;5;1;1;1;0;0;0;0;1;798840,9268;5824897,862;13,40262876;52,49217912
2020;11;15;4;3;6;6;0;0;0;1;0;0;1;0;804293,016;5819251,822;13,47753853;52,43856322
2020;11;16;1;3;0;5;2;0;1;0;1;0;0;0;797256,274;5831697,017;13,38543447;52,55399096
2020;11;9;5;3;6;2;0;0;0;1;0;0;1;0;798305,1177;5827336,165;13,39694473;52,51432844
2020;11;9;1;3;5;3;0;0;1;0;0;0;0;1;798749,8669;5831825,287;13,40751425;52,55432351
2020;11;10;5;3;0;7;0;0;1;1;0;0;0;0;801269,5518;5822240,363;13,43589097;52,46702433
2020;11;12;4;3;5;7;0;0;1;0;0;0;1;1;789407,463;5828673,867;13,26736081;52,53111545
2020;11;12;5;2;0;4;0;1;0;1;0;0;0;0;799668,5666;5828538,103;13,4180596;52,52435455
2020;12;8;4;3;5;3;0;0;1;0;0;0;1;0;803804,3014;5821740,622;13,47263471;52,46114172
2020;11;12;5;3;0;3;0;0;1;0;1;0;0;1;794820,8016;5830297,025;13,34837392;52,54276495
2020;11;9;2;3;6;4;0;1;0;1;0;0;0;0;791973,9474;5819001,599;13,29661529;52,44303612
2020;11;16;6;3;5;3;2;1;1;0;0;0;0;0;811457,0513;5831514,957;13,59405298;52,54442535
2020;11;11;2;3;2;6;0;0;1;0;0;0;0;0;780031,7924;5827701,497;13,12869256;52,52729429
2020;11;10;5;3;0;1;0;0;0;0;1;0;0;1;797750,0035;5829717,504;13,39092079;52,53597751
2020;11;9;2;3;5;3;0;1;0;0;0;0;0;0;801064,576;5825685,49;13,43599387;52,49801696
2020;11;8;4;2;0;1;0;1;0;0;0;0;0;0;798413,8939;5829421,805;13,40041434;52,53296388
2020;11;12;7;3;0;5;0;1;1;0;0;0;0;0;801197,0894;5824083,96;13,4364924;52,48358895
2020;11;13;5;3;0;7;0;1;0;0;0;0;0;0;794854,4344;5826264,373;13,34529288;52,50659698
2020;11;19;4;3;5;2;2;1;1;0;0;0;0;0;792202,2339;5825203,669;13,30539684;52,49851497
2020;11;7;4;3;2;2;1;1;1;0;0;0;0;0;795330,6946;5826165,885;13,35220221;52,5054565
2020;12;17;3;2;7;7;2;0;0;0;1;0;0;0;801018,6769;5825903,796;13,43551709;52,49999901
2020;11;6;4;2;5;2;2;0;1;0;0;0;0;1;797745,6464;5836149,323;13,39662895;52,59363245
2020;11;13;2;3;6;4;0;0;1;1;0;0;0;0;811347,2909;5830421,778;13,59141535;52,53469184
2020;11;15;3;3;5;3;0;0;1;0;0;0;0;0;789790,2675;5827130,764;13,2716436;52,51707791
2020;11;18;6;3;6;4;2;0;1;1;0;0;0;0;793775,2188;5821131,513;13,32491419;52,46116532
2020;11;15;4;3;5;2;0;1;1;0;0;0;0;0;812064,2322;5821298,345;13,59340602;52,45252451
2020;11;11;4;3;5;3;0;1;1;0;0;0;0;0;800491,8381;5826850,49;13,42863371;52,50877489
2020;11;8;2;3;4;6;0;0;1;0;0;0;1;0;798318,6395;5833055,829;13,40227884;52,56558992
2020;11;8;3;3;3;6;0;1;0;0;0;0;0;0;799210,2137;5829290,699;13,41200108;52,53135216
2020;11;20;6;3;5;2;2;1;1;0;0;0;0;0;797837,2824;5824927,789;13,38791666;52,49299591
2020;11;15;2;2;0;7;1;1;0;0;0;0;0;0;790551,7897;5822376,473;13,27868796;52,47405006
2020;11;13;4;3;3;6;0;0;1;0;1;0;0;0;795424,8056;5827510,088;13,35477796;52,51745526
2020;11;12;4;3;2;3;0;1;1;0;0;0;0;0;792004,8915;5827399,099;13,30442399;52,51830221
2020;11;17;7;3;5;3;2;0;1;0;0;0;1;1;797891,3732;5826671;13,39027034;52,50859219
2020;11;12;4;3;5;3;0;0;1;0;0;0;0;0;804755,3548;5818461,552;13,48359867;52,4312228
2020;11;10;4;3;6;7;0;0;1;1;0;0;0;0;795569,9379;5830492,815;13,35956258;52,54411417
2020;11;12;4;2;1;5;0;0;1;0;0;0;0;1;803422,0552;5832970,476;13,47726385;52,56200477
2020;11;12;4;3;3;6;0;1;1;0;0;0;0;0;785326,9637;5828636,923;13,20733902;52,53293557
2020;11;11;4;3;6;7;0;1;0;1;0;0;0;0;790958,5432;5827409,056;13,2890556;52,51895075
2020;12;15;3;2;6;7;0;0;0;1;0;0;1;0;807556,199;5815381,92;13,52183632;52,40205488
2020;11;11;4;2;4;6;0;0;1;0;0;0;1;1;793372,4733;5833163,436;13,32961206;52,56924249
2020;11;8;2;3;5;2;0;1;1;0;0;0;0;0;803791,3998;5827705,822;13,47788274;52,51461365
2020;11;15;3;3;6;4;0;0;1;1;0;0;0;0;793990,4211;5824298,684;13,33086438;52,48944185
2020;11;16;5;3;5;7;2;0;1;0;0;0;0;1;802798,1186;5820809,883;13,45702627;52,45335791
2020;11;7;2;3;2;6;0;0;1;0;0;0;0;0;807167,5379;5825634,093;13,525568;52,4941558
2020;11;10;4;3;6;4;0;0;1;1;0;0;0;0;795302,3198;5827364,472;13,35284884;52,51621628
2020;11;10;4;3;5;3;0;1;1;0;0;0;0;0;799510,5895;5824913,598;13,41247686;52,49195314
2020;11;14;4;3;5;2;0;1;1;0;0;0;0;0;802576,2331;5823077,835;13,45582703;52,47380857
2020;11;17;7;3;6;2;2;0;1;1;0;0;0;0;793491,7305;5836487,36;13,33431042;52,59897501
2020;11;19;4;3;5;2;2;0;1;0;1;1;0;0;789170,873;5827540,653;13,26289724;52,52108146
2020;11;6;2;3;2;2;2;0;0;0;1;1;0;0;808037,5838;5829217,143;13,54165877;52,5257766
2020;11;21;4;3;2;6;2;0;1;0;0;0;1;0;784757,132;5828595,815;13,1989258;52,53286501
2020;11;14;3;3;5;2;0;0;1;0;0;0;1;0;785066,496;5829481,125;13,2042337;52,54064092
2020;11;17;4;3;5;2;2;1;1;0;0;0;0;1;800669,3193;5825803,889;13,43029583;52,49929611
2020;11;14;7;3;5;2;0;1;1;0;0;0;0;0;790945,2785;5826751,364;13,28828553;52,51306164
2020;11;22;4;3;5;2;2;1;1;0;0;0;0;0;797204,0024;5827496,82;13,38090971;52,51636966
2020;11;6;2;3;5;2;1;1;1;0;0;0;0;1;800560,7142;5831407,008;13,43376469;52,54957813
2020;11;9;4;3;6;4;0;0;0;1;0;0;1;0;797734,0673;5827617,343;13,38880605;52,51716089
2020;11;18;4;3;0;1;2;1;0;0;0;0;0;0;793177,0268;5826080,611;13,32048754;52,50585362
2020;11;7;2;3;5;3;0;0;1;0;0;0;0;0;799528,1293;5833287,728;13,420279;52,56700443
2020;11;12;6;3;0;6;0;0;1;0;1;0;0;1;791758,4964;5838046,156;13,31016707;52,61388174
2020;11;8;4;3;0;1;0;0;0;0;1;0;0;1;809115,0464;5817345,657;13,54649015;52,41877632
2020;12;13;3;3;5;3;0;1;1;0;0;0;0;0;790577,9353;5840571,307;13,29499959;52,63715157
2020;11;18;4;3;6;7;2;1;0;1;0;0;0;0;801601,3904;5829978,415;13,44776919;52,53619844
2020;11;0;2;3;9;1;2;0;1;0;0;0;0;1;806171,1895;5830165,984;13,51510789;52,53533161
2020;11;12;5;3;2;6;0;0;1;0;0;0;0;1;786652,9019;5829244,003;13,22735682;52,53768271
2020;11;10;2;3;2;6;0;1;1;0;0;0;0;0;796460,2835;5829331,877;13,37161761;52,53322385
2020;11;17;4;3;6;2;2;0;1;1;0;0;0;0;793399,0378;5833245,432;13,33007542;52,56996322
2020;11;19;3;3;6;2;2;0;0;1;0;0;1;0;792223,7082;5822606,002;13,30343465;52,47521583
2020;11;13;4;2;6;2;0;0;0;1;0;0;1;0;790105,5345;5835279,215;13,28339738;52,58996132
2020;11;8;4;2;5;3;0;0;1;0;1;0;0;0;795040,5883;5821902,979;13,34416677;52,46739933
2020;12;12;4;2;5;2;0;0;1;0;0;0;0;0;786437,8557;5831100,448;13,22579595;52,55444005
2020;11;7;4;3;5;3;0;0;1;0;0;1;0;0;780059,1136;5819435,643;13,12214668;52,45316126
2020;11;20;1;3;5;3;2;0;1;0;0;0;0;1;801549,8013;5823797,253;13,44141142;52,48082448
2020;11;0;6;2;5;3;2;0;1;0;0;0;0;1;801058,1395;5831434,826;13,44110381;52,54955279
2020;11;7;4;3;5;3;0;1;1;0;0;0;0;1;797589,3776;5833292,353;13,39176374;52,56810915
2020;11;17;1;3;5;3;2;0;1;0;0;0;0;0;805276,475;5817240,694;13,49012574;52,41999011
2020;11;8;6;2;5;3;1;0;1;0;1;0;0;1;800496,7253;5830765,85;13,43224372;52,5438666