UJAHR;UMONAT;USTUNDE;UWOCHENTAG;UKATEGORIE;UART;UTYP1;ULICHTVERH;IstRad;IstPKW;IstFuss;IstKrad;IstGkfz;IstSonstige;USTRZUSTAND;LINREFX;LINREFY;XGCSWGS84;YGCSWGS84
2020;11;17;4;3;5;3;2;1;1;0;0;0;0;0;790523,8112;5817554,19;13,27408207;52,43083213
2020;12;13;3;3;5;7;0;1;1;0;0;0;0;0;788869,9414;5830065,644;13,26066871;52,54387824
2020;11;16;4;3;5;2;2;0;1;0;0;0;0;0;802746,871;5832702,472;13,46708936;52,55997854
2020;11;17;1;3;5;2;2;1;1;0;0;0;0;1;800672,6865;5824170,173;13,42887105;52,48465072
2020;11;7;5;2;6;2;2;0;1;1;0;0;0;0;794406,5611;5836249,627;13,34756711;52,5963494
2020;11;22;1;3;2;6;2;0;1;0;0;0;0;0;793527,3956;5826481,516;13,32598838;52,50925916
2020;11;15;4;3;1;5;0;1;1;0;0;0;0;0;804839,3515;5831052,746;13,49634669;52,54402569
2020;11;18;3;3;5;3;2;0;1;0;0;0;0;0;807513,5833;5818335,919;13,52392584;52,42855345
2020;11;12;4;3;1;5;0;0;1;0;0;1;0;0;799015,8277;5828497,485;13,40843064;52,52434883
2020;11;15;4;3;5;3;0;0;1;0;0;0;0;0;793146,1844;5825750,906;13,31974414;52,50291451
2020;11;14;4;3;1;5;0;1;1;0;0;0;0;0;802712,6113;5822559,319;13,45735827;52,46908554
2020;11;20;1;3;1;5;2;0;1;0;0;0;0;1;794928,9269;5824759,882;13,34505491;52,49306998
2020;11;8;3;2;5;3;0;0;1;0;1;0;0;1;790874,8416;5837514,314;13,29668518;52,6095876
2020;11;15;6;3;4;6;0;1;1;0;0;0;0;0;795725,4108;5832398,788;13,36354623;52,56111502
2020;11;10;2;3;3;6;0;1;1;0;0;0;0;0;801077,6546;5821977,93;13,4328379;52,46477784
2020;11;19;3;1;3;6;2;1;1;0;0;0;0;1;792110,8292;5827689,526;13,30623586;52,52084908
2020;11;20;1;3;6;2;2;0;1;1;0;0;0;1;796155,9045;5832265,897;13,36975967;52,55968982
2020;11;8;4;3;2;6;0;0;1;0;0;0;0;1;800349,3491;5824349,727;13,42428555;52,48643809
2020;11;17;7;3;2;6;2;0;1;0;0;0;0;0;802421,806;5828884,684;13,45883325;52,52594082
2020;11;17;3;3;4;6;2;1;0;0;0;0;0;1;796426,9843;5831989,217;13,37349966;52,55706219
2020;11;18;2;3;1;5;2;1;1;0;0;0;0;1;798277,9974;5825703,381;13,39508329;52,49970748
2020;11;13;3;3;6;7;0;0;0;1;0;0;1;0;785292,6784;5830373,795;13,20832647;52,5485261
2020;11;15;1;3;3;6;0;0;1;0;0;0;0;0;796278,8656;5828479,69;13,36819141;52,52568349
2020;11;10;4;3;2;6;0;0;1;0;0;0;0;0;805145,0961;5829995,123;13,49987003;52,53437572
2020;11;14;1;3;5;2;0;1;1;0;0;0;0;0;800290,2212;5831597,361;13,42995959;52,55143349
2020;11;17;3;3;2;2;2;0;1;0;0;0;1;1;791487,6068;5816163,414;13,28700616;52,41785096
2020;11;23;3;3;1;1;2;0;1;0;0;0;0;1;798521,6815;5826770,68;13,39961938;52,50914115
2020;11;19;3;3;5;2;2;1;1;0;0;0;0;1;793288,65;5821101,007;13,31774631;52,4611532
2020;11;17;1;3;5;2;2;1;1;0;0;0;0;1;799726,1547;5827767,82;13,41821181;52,51741853
2020;11;14;3;3;0;6;0;0;1;0;0;0;1;0;799911,3051;5824759,796;13,41822284;52,49035453
2020;11;20;6;3;0;3;2;0;0;0;0;0;1;0;800664,6549;5824371,24;13,42893449;52,48645738
2020;11;14;2;3;5;3;0;0;1;0;1;0;0;0;796393,983;5836677,009;13,37720554;52,59910082
2020;11;18;3;3;1;5;2;0;1;0;1;0;0;1;799887,8915;5831981,588;13,42439063;52,55509908
2020;11;17;3;3;2;6;2;0;1;0;0;0;0;0;791681,6595;5819377,534;13,29265536;52,44656238
2020;11;22;4;2;8;1;2;0;1;0;0;0;0;0;804741,2547;5817828,867;13,48281544;52,42556005
2020;11;2;7;2;1;5;2;1;1;0;0;0;0;0;802175,7635;5826881,881;13,45339858;52,50812615
2020;11;18;3;3;2;6;2;0;1;0;0;0;0;1;793349,6787;5817704,925;13,31566004;52,43067544
2020;11;14;3;3;9;1;0;0;1;0;0;0;0;0;782278,2798;5829457,226;13,16321064;52,54187825
2020;11;18;3;3;0;1;2;0;0;0;1;0;0;1;795394,2559;5825512,984;13,35255676;52,49956934
2020;11;16;3;3;0;2;2;0;1;0;1;0;0;1;800175,8683;5817051,339;13,41517801;52,42111426
2020;11;16;3;3;6;2;2;0;1;1;0;0;0;1;794543,3614;5828344,833;13,34256464;52,52541497
2020;12;14;3;2;5;3;0;0;1;0;0;0;0;0;801400,7395;5824764,241;13,44009746;52,48957409
2020;11;16;3;3;6;2;2;0;1;1;0;0;0;1;790649,9924;5823282,877;13,28091977;52,48212383
2020;11;16;3;3;5;3;2;0;1;0;0;0;0;1;791003,764;5821909,96;13,28491659;52,46962711
2020;11;16;3;3;5;2;0;1;1;0;0;0;0;1;798011,2496;5833239,189;13,39792196;52,56740182
2020;11;15;3;3;0;6;0;0;1;0;1;0;0;1;807836,996;5829075,917;13,53858069;52,52462423
2020;12;16;3;3;5;3;2;0;1;0;0;0;0;0;784825,8815;5830254,049;13,20135823;52,54769674
2020;11;14;3;3;5;3;0;0;1;0;0;0;1;1;803571,4527;5818132,962;13,46594023;52,42893589
2020;11;16;1;2;5;3;2;0;1;0;0;0;0;1;780520,0665;5820707,364;13,12998093;52,46432827
2020;11;7;3;3;5;2;0;1;1;0;0;0;0;0;808511,228;5831160,344;13,55042184;52,54292336
2020;11;21;5;3;0;5;2;1;1;0;0;0;0;0;789840,3085;5833535,384;13,27796814;52,57446928
2020;11;7;2;2;5;3;0;1;0;0;1;0;0;0;792114,7896;5838097,585;13,3154598;52,61415138
2020;11;13;3;3;0;1;0;0;0;0;1;0;0;1;804070,1386;5830550,773;13,48457928;52,53995654
2020;11;17;4;3;6;2;2;0;1;1;0;0;0;0;801371,1399;5819264,32;13,43469618;52,44029312
2020;11;0;7;3;0;7;2;0;0;0;0;0;1;0;798300,577;5825394,945;13,3951387;52,49693039
2020;11;13;3;3;0;7;0;0;0;0;1;0;0;1;793511,3565;5821560,517;13,32141894;52,46515298
2020;11;15;1;3;6;7;1;0;1;1;0;0;0;0;807898,209;5831307,596;13,54154743;52,54458975
2020;11;8;3;3;2;6;0;0;1;0;0;0;1;0;795773,3192;5822626,157;13,35556282;52,4734859
2020;11;15;1;3;5;3;0;1;1;0;0;0;0;0;792507,3793;5817731,607;13,30332976;52,43136567
2020;11;16;6;3;5;2;2;0;1;0;0;0;0;0;800025,171;5813275,467;13,4095861;52,38735118
2020;11;12;3;3;5;3;0;1;1;0;0;0;0;1;812213,8786;5821374,257;13,595672;52,45311934
2020;12;13;3;3;5;3;0;0;1;0;0;0;0;0;810214,7939;5831614,708;13,57588623;52,54602795
2020;11;11;3;3;5;3;0;1;1;0;0;0;0;1;798901,2341;5825747,484;13,40427673;52,49976179
2020;11;13;1;3;5;3;0;0;1;0;0;0;0;1;799827,4904;5831538,495;13,42310224;52,55116075
2020;11;9;5;3;5;3;0;1;1;0;0;0;0;0;798641,3171;5824517,847;13,39935689;52,48888202
2020;11;11;1;3;2;7;0;0;1;0;0;0;0;0;793891,1977;5821384,023;13,32683867;52,46336661
2020;11;10;3;3;0;7;0;0;1;0;0;0;0;0;811900,5368;5825028,871;13,59449216;52,48604846
2020;11;17;3;2;4;6;2;1;1;0;0;0;0;0;808287,8833;5829241,839;13,54535943;52,52585645
2020;11;12;4;3;2;6;0;0;1;0;0;0;0;0;790013,8335;5819151,14;13,26798774;52,44541994
2020;11;23;7;3;5;2;2;0;1;0;0;0;0;0;797813,3469;5820777,77;13,38385963;52,4558087
2020;11;14;5;3;0;5;0;1;0;0;0;0;1;0;794547,0751;5817693,709;13,33321126;52,42993152
2020;11;20;2;3;5;3;2;0;1;0;0;0;1;0;800942,4565;5833548,097;13,4413191;52,56855816
2020;11;10;3;3;1;5;0;1;1;0;0;0;0;0;802024,506;5823525,113;13,44813379;52,47812292
2020;11;15;4;3;5;3;0;1;0;0;0;0;1;0;790739,8531;5826718,102;13,28523788;52,51287298
2020;11;15;7;3;0;1;0;1;0;0;0;0;0;0;797154,9588;5827718;13,38038663;52,51837901
2020;11;10;3;3;5;2;0;1;0;0;0;0;1;0;794549,3086;5828209,8;13,34253244;52,52420128
2020;11;10;3;3;5;7;0;0;1;0;0;0;0;0;786891,6512;5830101,495;13,23160781;52,545245
2020;11;20;7;2;0;1;2;0;1;0;1;0;0;0;802361,2131;5819932,588;13,44982222;52,44573643
2020;11;8;6;3;5;2;0;1;1;0;0;0;0;0;803074,5716;5829522,598;13,46900717;52,53129584
2020;11;8;3;3;5;2;0;1;1;0;0;0;0;0;793528,5779;5828175,151;13,32749998;52,52444115
2020;12;16;3;3;2;6;2;0;1;0;0;0;0;0;809204,168;5822897,341;13,55293354;52,4684797
2020;11;8;3;3;5;3;0;1;1;0;0;0;0;0;796595,5051;5833590,238;13,37740937;52,57132176
2020;11;20;7;3;0;6;2;0;1;0;1;0;0;0;800668,8662;5827546,309;13,43186288;52,51491417
2020;11;8;4;3;7;7;0;1;0;0;0;0;0;0;800106,4789;5826882,849;13,42300188;52,50927706
2020;11;18;1;2;5;2;2;0;1;0;1;0;0;0;783571,9804;5827959,98;13,18095826;52,5277819
2020;11;7;3;3;5;2;0;0;1;0;0;0;0;0;789903,4267;5835694,361;13,28078567;52,59379083
2020;11;16;3;3;5;2;1;1;1;0;0;0;0;1;788539,5441;5816879,857;13,24439571;52,42583655
2020;11;7;3;3;5;3;0;0;1;0;1;0;0;1;785111,0299;5828547,784;13,20408779;52,53224936
2020;11;16;7;3;5;2;1;1;1;0;0;0;0;0;793930,2742;5835301,5;13,33971428;52,58810779
2020;11;6;3;3;5;3;1;0;0;0;0;1;1;1;797024,187;5820714,99;13,37222401;52,45567535
2020;12;11;4;3;0;3;0;0;1;0;0;0;1;0;809467,5174;5819065,482;13,55324769;52,43399007
2020;11;18;2;3;1;5;2;1;1;0;0;0;0;0;801400,5954;5823861,162;13,43927876;52,48147968
2020;11;14;7;3;1;5;0;1;1;0;0;0;0;0;790718,2228;5834012,478;13,29130484;52,57827811
2020;11;17;6;3;2;6;2;0;1;0;1;0;0;0;793612,6029;5823079,335;13,32424184;52,47871423
2020;11;11;2;2;5;2;0;1;1;0;0;0;0;0;800324,457;5831637,07;13,43049892;52,55177053
2020;11;13;2;3;5;3;0;1;1;0;0;0;0;0;800678,7425;5825793,301;13,43042467;52,49919601
2020;11;13;7;3;0;3;0;0;1;0;0;0;1;0;784033,5978;5829036,769;13,18866472;52,53719618
2020;11;9;4;3;2;6;0;0;1;0;0;0;0;0;799136,3029;5819909,183;13,40249351;52,44730051
2020;11;12;7;3;5;3;0;0;1;0;0;0;0;0;811796,6439;5828955,283;13,59664363;52,52129342
2020;11;10;2;3;1;5;0;1;1;0;0;0;0;1;793377,954;5826610,595;13,32390651;52,51049669
2020;11;12;3;3;2;2;0;0;1;0;0;0;0;0;793673,2764;5832254,13;13,33323262;52,56092894
2020;11;14;2;3;1;5;0;1;0;0;0;0;1;0;799529,28;5824527,611;13,41240438;52,48848308
2020;11;18;2;3;5;3;2;1;0;0;0;0;1;1;797070,4747;5817409,257;13,3699647;52,42601726
2020;11;16;2;3;0;1;2;0;0;0;1;0;0;1;792712,812;5825686,423;13,31332104;52,5025691
2020;11;11;7;3;6;4;0;0;1;1;0;0;0;0;791652,521;5829314,135;13,30092541;52,53565873
2020;11;13;3;3;5;2;0;1;1;0;0;0;0;0;796974,3106;5826707,178;13,37683002;52,50941648
2020;11;18;6;3;0;3;2;0;1;0;1;0;0;0;797812,2485;5824587,861;13,3872452;52,48996252
2020;11;14;2;3;5;3;0;1;1;0;0;0;0;0;788459,1307;5818048,514;13,24422454;52,43635669
2020;11;16;2;3;4;2;1;1;1;0;0;0;0;0;802755,335;5827479,256;13,46245544;52,51315904
2020;11;17;4;3;5;2;2;1;1;0;0;0;0;0;800602,4265;5827107,933;13,43049076;52,51102151
2020;11;7;3;2;5;3;2;1;1;0;0;0;0;0;813275,2877;5830405,167;13,61973158;52,53343832
2020;11;12;6;3;2;6;0;1;1;0;0;0;1;0;799974,0996;5825683,732;13,41997685;52,49860168
2020;11;15;2;3;2;6;1;1;1;0;0;0;0;0;794638,4882;5823468,021;13,33964727;52,48164606
2020;11;15;2;3;5;2;0;1;0;0;0;0;1;0;805346,5977;5824619,425;13,49790003;52,48608354
2020;11;8;4;3;5;3;0;1;1;0;0;0;0;0;788000,9017;5827876,631;13,24599229;52,52471288
2020;11;21;7;3;0;3;2;0;1;0;0;0;0;0;794986,894;5823964,885;13,3452025;52,48591202
2020;11;23;2;2;0;1;2;1;0;0;0;0;0;1;798522,026;5830231,044;13,40273067;52,54015835
2020;11;15;2;3;2;6;0;0;1;0;0;0;0;0;784667,3539;5828622,162;13,19762839;52,53314814
2020;11;14;2;3;5;2;0;0;1;0;0;0;1;0;793353,368;5829678,049;13,32625114;52,5380082
2020;11;14;2;3;5;3;0;1;1;0;0;0;0;0;799543,5762;5837777,265;13,42456496;52,60723685
2020;12;16;3;2;1;5;2;1;1;0;0;0;0;0;797430,757;5822909,032;13,38014528;52,4751216
2020;11;12;2;3;5;7;0;0;1;0;0;0;0;1;790732,2628;5835262,907;13,29260847;52,58948049
2020;11;11;7;3;6;2;0;0;1;1;0;0;0;0;805824,833;5819645,49;13,50036346;52,44123711
2020;11;6;3;3;6;2;2;0;1;1;0;0;0;0;785973,4329;5829224,262;13,21734903;52,53786271
2020;11;17;5;3;5;3;2;0;1;0;0;0;0;1;798626,4145;5814455,759;13,39014538;52,39869541
2020;11;7;2;3;5;3;0;1;0;0;0;0;1;0;804398,4259;5841003,461;13,49900722;52,63345436
2020;11;12;2;3;2;6;0;0;1;0;0;0;0;0;793390,3838;5822344,278;13,32033254;52,47224411
2020;11;15;4;3;5;2;0;0;1;0;1;0;0;0;794640,8537;5830517,103;13,34592334;52,54483512
2020;11;12;7;3;2;7;0;0;1;0;0;0;0;0;790119,5393;5834574,741;13,28298668;52,58363828
2020;11;12;2;3;5;2;0;1;1;0;0;0;0;0;794484,3102;5825863,175;13,33950048;52,50320039
2020;11;12;2;3;4;2;0;0;1;0;0;0;1;0;797867,1777;5819755,898;13,38373817;52,44661936
2020;11;17;6;1;6;4;2;0;1;1;0;0;0;0;785540,208;5831872,88;13,21325658;52,56183689
2020;11;13;6;3;5;3;0;0;1;0;0;0;0;0;797887,5537;5826665,887;13,39020965;52,50854844
2020;11;11;2;3;0;2;0;1;1;0;0;0;0;1;794896,2574;5830252,521;13,34944384;52,54232518
2020;11;10;7;2;4;6;0;0;1;0;0;0;0;0;783599,2862;5825701,146;13,17943404;52,50751448
2020;11;11;2;3;2;6;0;0;1;0;0;0;0;0;802335,8431;5829182,785;13,45784105;52,52866036
2020;11;17;6;3;5;3;2;1;1;0;0;0;0;0;801646,2976;5823294,793;13,44237352;52,47626754
2020;11;7;2;3;0;2;0;1;1;0;0;0;0;1;789909,3148;5835708,268;13,28088453;52,59391237
2020;11;7;2;3;6;2;1;0;0;1;0;0;1;1;802354,403;5822748,524;13,45227253;52,47097976
2020;11;18;6;3;2;3;2;0;1;0;0;0;0;0;792208,357;5826489,074;13,30661491;52,51003507
2020;11;12;6;3;5;3;0;0;1;0;0;0;0;0;805380,0058;5826727,959;13,50032335;52,50496253
2020;11;7;2;3;2;2;1;0;1;0;0;0;0;1;792461,9445;5837308,24;13,31987481;52,60688863
2020;12;14;3;3;5;2;0;0;1;0;1;0;0;0;791728,9919;5824411,304;13,29775137;52,49166469
2020;11;7;2;2;0;3;2;0;1;0;1;0;0;1;798118,392;5836943,473;13,40283035;52,60054663
2020;11;9;6;2;5;2;0;1;1;0;0;0;0;0;809959,617;5834672,817;13,5749913;52,57357826
2020;11;14;5;3;0;3;0;1;1;0;0;0;0;1;798709,4419;5830318,213;13,40556425;52,54083699
2020;11;18;2;3;5;3;1;1;1;0;0;0;0;0;800798,9208;5825809,963;13,43220476;52,49927913
2020;11;6;2;3;5;3;2;0;1;0;1;0;1;1;785072,9555;5827597,149;13,20271289;52,52374593
2020;11;13;4;2;6;4;0;0;0;1;0;1;0;0;795586,479;5833147,048;13,36216934;52,56789788
2020;11;9;2;3;4;7;0;1;0;0;0;0;0;1;810546,9927;5819985,91;13,56993054;52,44162692
2020;12;17;4;3;6;7;2;0;1;1;0;0;0;0;794819,972;5830138,331;13,34822089;52,54134283
2020;11;9;2;3;5;3;0;0;1;0;0;0;0;0;793793,7191;5836749,828;13,33898923;52,60116476
2020;11;11;6;2;6;2;0;0;1;1;0;0;0;0;811279,4193;5831569,252;13,5914929;52,54501341
2020;11;7;6;3;6;2;2;0;1;1;0;0;0;1;801625,7844;5817412,042;13,43676025;52,42355017
2020;11;6;2;3;0;6;2;1;1;0;0;0;0;1;786237,4201;5838978,131;13,22965461;52,62517349
2020;11;9;2;3;0;1;0;0;0;0;1;0;0;1;794993,7137;5828280,368;13,3491264;52,52459361
2020;11;7;6;3;5;7;1;1;1;0;0;0;0;0;790012,1943;5826400,965;13,27426897;52,51041719
2020;11;8;4;3;5;3;0;0;1;0;0;0;0;0;798015,3299;5826695,794;13,39211356;52,50874674
2020;12;19;3;2;1;5;2;0;1;0;0;0;0;0;798835,1091;5819369,369;13,39759211;52,44262644
2020;11;9;2;3;2;6;0;0;1;0;1;0;0;1;801135,9716;5824127,423;13,43563436;52,48401224
2020;11;9;6;3;5;3;0;1;1;0;0;0;0;1;790673,7924;5827899,213;13,28529918;52,52349687
2020;11;7;5;3;5;3;2;1;1;0;0;0;0;0;791578,8933;5826514,22;13,29738819;52,51059732
2020;11;1;1;3;6;4;2;0;1;1;0;0;0;1;805151,7749;5827523,537;13,49770053;52,51222056
2020;11;8;2;3;1;5;0;1;1;0;0;0;0;1;798553,3231;5826825,067;13,400133;52,50961134
2020;11;12;4;3;5;2;0;1;1;0;0;0;0;0;809965,2336;5820291,139;13,56168212;52,44469236
2020;11;8;2;3;5;2;0;0;1;0;1;0;0;1;796360,7493;5836602,161;13,3766493;52,59844802
2020;12;18;3;2;2;6;2;0;1;0;0;0;0;0;779556,4673;5827840,002;13,12182072;52,52878022
2020;11;8;2;3;0;1;0;0;0;0;1;0;0;1;793585,1478;5820041,556;13,32116625;52,45149635
2020;11;8;6;3;2;2;0;1;1;0;0;0;0;0;798989,5708;5831775,206;13,41099415;52,55374308
2020;11;16;6;3;0;2;1;0;1;0;0;0;1;0;796669,4532;5831945,147;13,37702632;52,55653512
2020;11;10;2;3;5;2;0;1;1;0;0;0;0;0;795593,6213;5833150,9;13,36227785;52,56792854
2020;11;4;2;3;5;3;2;0;1;0;0;0;0;1;797160,6502;5831876,449;13,38418884;52,55565153
2020;11;8;6;3;1;5;0;0;1;0;0;0;0;0;796140,5859;5833412,85;13,37055815;52,56997936
2020;11;8;4;3;1;5;0;1;1;0;0;0;0;0;797056,1155;5828298,526;13,37945265;52,52363663
2020;11;10;7;3;5;3;0;1;1;0;0;0;0;1;782942,2679;5834314,412;13,17711761;52,58508443
2020;11;6;2;2;0;1;2;0;0;0;0;0;1;1;799587,313;5828476,435;13,41680998;52,52384645
2020;11;9;2;3;0;1;0;1;1;0;0;0;0;1;802333,3509;5827469,091;13,45624684;52,51330199
2020;11;10;2;3;5;3;0;1;1;0;0;0;0;0;812388,4041;5823984,047;13,60067471;52,47640667
2020;11;14;1;3;5;2;0;1;1;0;0;0;0;0;799164,7771;5831007,126;13,41287864;52,54676224
2020;11;10;2;3;0;3;0;1;1;0;0;0;0;1;798678,2677;5829460,13;13,40433472;52,5331626
2020;11;11;2;3;2;6;0;0;1;0;0;1;0;1;793253,59;5826900,807;13,32233499;52,51316519
2020;11;11;2;3;2;6;0;0;1;0;0;0;0;0;794767,8567;5820624,876;13,33903489;52,45608906
2020;11;7;6;3;5;2;0;1;1;0;0;0;0;1;793140,7029;5826081,816;13,31995496;52,50588393
2020;11;13;3;3;5;2;0;1;1;0;0;0;0;0;797786,5495;5832951,454;13,39435825;52,56494563
2020;11;13;6;3;2;6;0;0;1;0;0;0;0;0;785316,7399;5829280,07;13,20774089;52,5387073
2020;11;15;2;3;1;5;0;0;1;0;1;0;0;0;783241,4668;5828821,845;13,1768337;52,53568142
2020;11;11;2;3;3;6;0;0;0;0;1;0;1;0;792877,338;5826978,628;13,31687493;52,51406499
2020;11;12;3;2;6;4;0;1;0;1;0;0;0;0;796957,239;5826782,865;13,37664674;52,51010423
2020;11;8;4;2;5;3;0;1;1;0;0;0;0;0;793455,728;5823833,612;13,32260252;52,48556035
2020;11;13;7;2;1;5;0;0;1;0;0;1;0;0;807886,9462;5816374,636;13,52759533;52,41076602
2020;11;11;2;2;8;1;0;0;1;0;0;0;0;0;796045,6924;5831956,661;13,3678628;52,55697777
2020;11;11;3;3;6;7;0;0;1;1;0;0;0;0;792246,0787;5827279,375;13,30786323;52,51709972
2020;11;11;2;3;0;3;0;0;1;0;1;0;0;1;795144,0289;5824000,214;13,34754117;52,4861438
2020;11;16;1;3;0;6;0;1;1;0;0;0;0;0;802273,6416;5827112,389;13,45504568;52,51013797
2020;11;14;1;2;6;4;0;0;1;1;0;0;0;0;805002,3509;5826582,932;13,4946437;52,50387395
2020;12;15;3;3;5;2;1;1;1;0;0;0;0;0;804919,2886;5822560,631;13,48974422;52,46787019
2020;11;16;1;3;5;2;1;1;1;0;0;0;0;0;802551,4834;5826716,091;13,45876698;52,50643194
2020;11;1;6;2;4;6;2;0;1;0;0;0;0;0;805185,5815;5829455,897;13,49997001;52,52952029
2020;11;16;5;3;5;3;0;1;1;0;0;0;0;1;800619,5358;5826270,125;13,42998554;52,50350255
2020;11;11;4;2;0;1;0;0;0;0;1;0;0;0;784001,2792;5826851,591;13,18632293;52,51762044
2020;11;6;2;3;0;2;1;1;1;0;0;0;0;0;803849,341;5829048,351;13,47996028;52,52661402
2020;12;10;4;2;0;7;0;0;0;0;1;0;1;1;799240,2671;5833697,865;13,41641462;52,57083894
2020;12;11;7;3;5;3;0;0;1;0;0;0;1;0;803832,4325;5828649,545;13,47934745;52,52304909
2020;12;5;5;3;0;7;2;0;0;0;0;1;0;0;797714,8999;5831846,047;13,39231266;52,55507632
2020;12;18;3;3;2;6;2;0;0;0;1;0;1;0;793453,6888;5829424,588;13,32750222;52,53568204
2020;12;13;1;3;0;1;0;0;0;0;1;0;0;1;801844,688;5825011,472;13,44684007;52,49154477
2020;12;13;3;3;2;6;0;0;1;0;0;0;0;0;785211,5755;5831911,421;13,20845483;52,56235469
2020;12;6;2;3;6;2;2;0;1;1;0;0;0;0;793203,2057;5824546,488;13,31952157;52,49208671
2020;12;16;7;3;2;6;0;0;1;0;0;0;0;0;788498,2395;5821548,483;13,24782176;52,46771526
2020;12;8;7;2;1;5;0;0;1;0;0;0;0;0;799271,43;5832479,202;13,41577374;52,55989848
2020;12;6;7;3;9;1;1;0;1;0;0;0;0;2;804164,8738;5821833,771;13,47801038;52,46177603
2020;12;11;7;3;5;2;0;1;1;0;0;0;0;0;794134,1176;5821850,507;13,33081515;52,46741772
2020;12;19;3;3;1;5;2;0;1;0;0;0;0;0;806053,6106;5832085,12;13,51514795;52,55259735
2020;12;17;5;3;5;2;2;1;1;0;0;0;0;1;796936,277;5830145,192;13,37934109;52,5402552
2020;12;9;6;3;6;4;0;0;1;1;0;0;0;0;818918,0672;5820224,353;13,69290189;52,43894641
2020;12;19;3;2;5;3;2;1;0;0;0;0;1;0;801415,2368;5830908,423;13,44587662;52,54463715
2020;12;17;2;3;2;6;2;0;1;0;0;0;0;0;795149,0301;5825900,001;13,34929776;52,50317135
2020;12;16;3;3;5;3;2;1;1;0;0;0;0;0;798174,2536;5824851,443;13,39279696;52,4921276
2020;12;10;7;2;5;3;0;1;1;0;0;0;0;0;793559,2202;5815872,203;13,31712508;52,41413311
2020;12;12;4;3;2;6;0;0;1;0;0;0;1;1;806568,6063;5828044,276;13,51899285;52,51609312
2020;12;19;3;3;0;3;2;1;0;0;0;0;1;0;796927,8682;5828127,073;13,37741485;52,52216959
2020;12;15;7;3;5;3;1;0;1;0;1;0;0;1;791661,9799;5823239,649;13,29574186;52,4811967
2020;12;16;2;3;5;2;1;0;1;0;1;0;0;0;803278,8815;5822089,608;13,46524207;52,4645615
2020;12;10;7;3;0;1;0;0;0;0;1;0;0;0;801993,2286;5833529,951;13,45675899;52,56781362
2020;12;9;6;3;5;2;0;1;1;0;0;0;0;1;798490,2884;5825225,182;13,39777283;52,49530497
2020;12;12;7;3;2;6;0;0;1;0;0;0;0;0;789402,1989;5822978,974;13,26233285;52,48006201
2020;12;7;5;3;5;3;1;1;1;0;0;0;0;0;800426,3893;5827977,804;13,42869;52,5189154
2020;12;9;6;3;5;2;0;1;1;0;0;0;0;1;790738,7156;5817061,529;13,27680581;52,42630113
2020;12;16;7;3;2;6;1;0;1;0;0;0;1;0;793714,3627;5826355,545;13,3286242;52,50802926
2020;12;10;7;2;3;6;0;0;1;0;0;0;0;1;807879,4458;5830821,779;13,54082139;52,54024652
2020;12;14;5;3;6;2;0;0;0;1;0;0;1;0;792752,8524;5827025,317;13,3150868;52,51455037
2020;12;19;5;3;3;6;2;1;0;0;0;0;1;0;807285,097;5834173,783;13,53518815;52,57062249
2020;12;20;3;3;5;2;2;1;0;0;0;0;1;0;797769,8498;5824017,133;13,38611267;52,48486973
2020;12;6;2;3;5;2;1;1;1;0;0;0;0;1;811680,4759;5819984,371;13,58655123;52,44096833
2020;12;15;3;3;5;3;0;1;1;0;0;0;0;0;802304,1932;5833113,476;13,46095353;52,56390824
2020;12;14;7;3;5;3;0;0;1;0;0;0;0;0;796805,6221;5831272,082;13,37842723;52,55042768
2020;12;10;4;3;6;4;0;0;1;1;0;0;0;1;800507,0656;5823746,158;13,42605717;52,4809413
2020;12;21;3;3;5;3;2;0;1;0;0;0;1;0;803762,3228;5821792,032;13,47206553;52,46162583
2020;12;9;7;3;0;1;0;1;0;0;0;0;0;1;791841,6038;5824799,334;13,29974521;52,49508314
2020;12;11;2;3;6;4;0;1;0;1;0;0;0;1;812587,6753;5830348,828;13,60957439;52,53332821
2020;12;13;7;3;5;3;0;1;0;0;0;0;0;0;810503,6516;5820302,454;13,56958907;52,4444883
2020;12;19;6;3;5;2;2;1;1;0;0;0;0;0;802117,8523;5823636,846;13,4496053;52,47907276
2020;12;9;7;3;0;1;0;0;0;0;1;0;0;2;793991,3362;5822291,427;13,3291079;52,47144723
2020;12;8;4;3;0;1;1;1;0;0;0;0;0;1;798290,3341;5829368,487;13,39855031;52,53255359
2020;12;11;5;2;5;2;0;1;0;0;0;1;0;0;793381,2312;5816238,302;13,31483653;52,41751055
2020;12;7;2;2;0;5;2;1;1;0;0;0;0;0;794468,1453;5819917,131;13,33401273;52,44990601
2020;12;11;2;3;2;6;0;0;1;0;0;0;0;0;785142,5901;5828329,974;13,20436496;52,53027998
2020;12;12;3;2;6;2;0;0;1;1;0;0;0;0;792927,309;5837087,05;13,32653152;52,60465522
2020;12;6;3;3;0;3;2;0;0;0;1;0;1;1;805825,5046;5833790,085;13,51336525;52,56800571
2020;12;12;7;3;0;1;0;1;0;0;0;0;0;2;811214,5808;5827849,339;13,5870581;52,51171518