UJAHR;UMONAT;USTUNDE;UWOCHENTAG;UKATEGORIE;UART;UTYP1;ULICHTVERH;IstRad;IstPKW;IstFuss;IstKrad;IstGkfz;IstSonstige;USTRZUSTAND;LINREFX;LINREFY;XGCSWGS84;YGCSWGS84
2020;12;18;4;3;3;6;2;0;1;0;0;0;0;1;790229,9874;5835876,407;13,28575263;52,59524869
2020;12;12;2;3;2;7;0;0;1;0;0;0;1;0;806359,5599;5830199,483;13,51790729;52,53552598
2020;12;13;7;3;1;5;0;1;1;0;0;0;0;0;783670,5067;5829737,655;13,18392417;52,54366957
2020;12;18;5;3;6;4;2;0;1;1;0;0;0;0;800365,1708;5824327,06;13,42449743;52,48622622
2020;12;17;2;3;5;2;2;1;1;0;0;0;0;0;804096,9728;5825993,993;13,48080827;52,49910081
2020;12;12;2;3;2;2;0;0;1;0;0;0;0;1;807827,1045;5829072,024;13,53843175;52,52459493
2020;12;12;3;2;5;3;0;0;1;0;0;0;0;0;810593,6233;5825520,939;13,57576589;52,49120313
2020;12;12;7;3;5;7;0;0;1;0;1;0;0;0;792536,9958;5828264,179;13,31300447;52,52577219
2020;12;7;4;3;2;6;2;0;1;0;0;0;0;1;807574,7243;5831424,582;13,53690057;52,54582088
2020;12;22;2;3;5;3;2;1;1;0;0;0;0;1;800053,4083;5828096,684;13,4233168;52,52018631
2020;12;18;7;3;0;1;2;1;0;0;0;0;0;0;800189,9488;5836569,31;13,43298616;52,59605327
2020;12;7;2;3;2;6;0;0;1;0;0;0;0;0;790384,9066;5829032,168;13,28204272;52,53380779
2020;12;12;7;3;1;5;0;1;1;0;0;0;0;0;793362,8876;5825685,531;13,32286996;52,50221198
2020;12;14;6;3;1;7;0;0;1;0;0;0;0;0;789738,8858;5818493,097;13,26338306;52,4396661
2020;12;20;6;3;2;6;2;1;0;0;0;0;1;0;800588,4846;5827035,375;13,43022042;52,51037883
2020;12;14;4;3;5;3;0;0;1;0;0;0;0;0;800111,9581;5833871,028;13,42939465;52,57191114
2020;12;10;5;3;5;2;0;0;1;0;0;0;0;0;803105,059;5830493,811;13,470341;52,53998365
2020;12;15;2;3;2;6;1;0;1;0;0;0;0;1;803732,6545;5826228,611;13,47567188;52,50140652
2020;12;10;2;3;5;3;0;1;1;0;0;0;0;1;791192,0493;5820067,468;13,28607321;52,45300871
2020;12;12;3;3;5;2;0;1;1;0;0;0;0;0;800477,5149;5823615,375;13,42550548;52,47978529
2020;12;18;2;3;0;1;2;1;0;0;0;0;0;1;803182,1678;5817604,116;13,45975282;52,42441168
2020;12;15;6;3;5;3;0;0;1;0;0;0;0;0;794426,173;5818456,48;13,33210985;52,43683452
2020;12;10;7;3;0;1;0;1;0;0;0;0;0;2;799827,6151;5818966,827;13,41178954;52,43847492
2020;12;16;1;3;2;6;1;0;1;0;0;0;0;0;793861,3183;5836700,782;13,33994094;52,60068857
2020;12;5;6;3;6;2;1;0;1;1;0;0;0;0;798999,6966;5821690,249;13,40208431;52,46334021
2020;12;14;2;3;5;3;0;1;1;0;0;0;0;1;799809,9676;5832097,331;13,42334924;52,55617941
2020;12;18;5;3;4;2;2;1;1;0;0;0;0;1;799046,5195;5828346,145;13,4087456;52,52297546
2020;12;12;1;3;5;3;0;0;1;0;0;0;0;1;806629,6621;5830238,73;13,52191324;52,53572583
2020;12;22;6;3;6;4;2;0;0;1;0;0;1;0;800926,1416;5825857,649;13,43411632;52,49963642
2020;12;10;5;3;1;5;0;1;1;0;0;0;0;0;802914,5919;5827958,151;13,46523102;52,51736289
2020;12;5;6;2;6;2;2;0;1;1;0;0;0;0;786441,8008;5831105,776;13,22585857;52,55448575
2020;12;12;4;3;2;6;0;0;1;0;0;0;1;0;809863,6472;5831256,766;13,57039061;52,54302007
2020;12;9;4;3;0;3;0;0;1;0;1;0;0;0;793052,6475;5827334,964;13,31976478;52,51716524
2020;12;22;6;3;5;3;2;1;1;0;0;0;0;0;808079,2043;5816930,249;13,53092431;52,41563739
2020;12;1;5;3;5;3;2;0;1;0;0;0;0;1;798008,7468;5826788,809;13,39210012;52,5095841
2020;12;14;2;3;9;1;0;0;1;0;0;0;0;1;813742,474;5825688,769;13,62215063;52,49090653
2020;12;23;1;3;0;1;2;0;0;0;1;0;0;1;799469,6744;5831030,923;13,41738302;52,54680803
2020;12;11;3;3;5;2;0;1;1;0;0;0;0;0;799912,0863;5825985,317;13,41933766;52,501339
2020;12;20;2;3;1;5;2;1;1;0;0;0;0;0;791726,7549;5825433,959;13,29861415;52,50083388
2020;12;7;6;3;2;2;0;0;1;0;0;0;0;0;800048,1508;5835697,745;13,4301095;52,58831954
2020;12;17;6;2;5;3;2;0;1;0;1;0;0;0;794264,2993;5822005,235;13,33286245;52,46873468
2020;12;20;7;3;1;5;2;1;1;0;0;0;0;0;799971,0113;5825356,681;13,41963697;52,49567188
2020;12;16;6;3;0;3;2;0;0;0;0;0;1;0;796667,0769;5831956,972;13,37700194;52,55664241
2020;12;7;2;3;2;2;1;0;1;0;0;0;1;0;790493,6094;5835335,022;13,28915878;52,5902545
2020;12;16;5;3;2;6;0;0;1;0;0;0;0;0;812914,8914;5830227,946;13,6142689;52,53205725
2020;12;11;6;3;0;6;0;0;1;0;0;0;1;0;797361,1451;5832415,788;13,38762065;52,56037659
2020;12;7;2;3;5;2;0;1;1;0;0;0;0;1;800902,5054;5829193,263;13,43678548;52,52954731
2020;12;16;2;3;5;2;2;1;1;0;0;0;0;1;793864,4207;5835438,706;13,33886672;52,58937333
2020;12;16;3;3;1;5;2;1;1;0;0;0;0;0;809160,3202;5819527,817;13,54917088;52,43830719
2020;12;12;6;3;0;1;0;0;0;0;1;0;0;1;793570,104;5834019,944;13,33327792;52,57681399
2020;12;11;4;3;5;2;0;1;1;0;0;0;0;1;795668,9128;5829732,336;13,36034106;52,53724347
2020;12;7;2;3;5;3;0;0;1;0;0;0;0;1;808293,0568;5818594,64;13,53559245;52,43043349
2020;12;12;7;3;1;5;0;0;1;0;0;0;1;0;811097,686;5821578,333;13,57948926;52,45558452
2020;12;8;6;3;5;2;0;1;1;0;0;0;0;0;799034,1173;5831781,111;13,41165455;52,55377155
2020;12;12;2;3;5;2;0;1;1;0;0;0;0;1;792774,4331;5817967,696;13,3074533;52,43333931
2020;12;15;3;3;2;6;1;0;1;0;0;0;0;1;798387,5589;5815912,727;13,38794325;52,4118858
2020;12;19;3;3;2;2;2;0;1;0;0;0;0;0;804402,0198;5841206,865;13,49924755;52,6352753
2020;12;9;6;3;2;2;0;0;1;0;0;0;0;0;793985,584;5826172,401;13,33244718;52,50624138
2020;12;12;4;3;5;2;0;1;1;0;0;0;0;0;793662,0519;5823955,197;13,32573939;52,48653938
2020;12;11;2;3;5;7;0;1;1;0;0;0;0;0;793711,6268;5836142,619;13,33724197;52,59576593
2020;12;13;1;3;0;6;0;1;0;0;0;0;0;0;799625,8642;5826984,24;13,41603267;52,51045006
2020;12;17;2;3;5;3;2;0;1;0;0;0;0;0;801101,717;5831525,216;13,44182651;52,55033888
2020;12;9;6;3;1;5;0;1;1;0;0;0;0;0;795980,6512;5825362,249;13,36103602;52,49790041
2020;12;11;6;3;5;2;0;0;1;0;0;0;0;0;801965,3322;5829733,233;13,45289593;52,53379937
2020;12;14;7;3;5;3;0;1;1;0;0;0;0;0;797151,346;5831087,228;13,38334566;52,5485822
2020;12;8;6;2;2;6;0;0;1;0;0;0;1;0;810389,9237;5821280,249;13,56882966;52,45331555
2020;12;13;5;3;1;5;0;1;1;0;0;0;0;0;791315,0361;5822611,404;13,29009861;52,47574968
2020;12;4;5;3;9;1;2;0;1;0;0;0;0;0;799061,5539;5824587,047;13,40558973;52,48927226
2020;12;11;2;3;5;3;0;0;1;0;0;0;0;0;802407,4312;5832569,655;13,46197636;52,55897673
2020;12;15;2;2;6;2;0;0;1;1;0;0;0;1;795317,8617;5823421,345;13,34958094;52,48086066
2020;12;14;3;3;5;3;0;1;1;0;0;0;0;0;793125,7418;5825377,038;13,31911473;52,49957391
2020;12;7;6;3;2;2;0;0;1;0;0;0;0;0;793534,4672;5829125,658;13,32842574;52,53295879
2020;12;7;4;3;5;3;0;1;1;0;0;0;0;1;808346,0944;5816141,467;13,53410962;52,40841793
2020;12;7;2;3;6;2;2;0;1;1;0;0;0;1;786716,1907;5828213,836;13,22739874;52,52841328
2020;12;20;7;3;1;5;2;1;1;0;0;0;0;0;800821,8873;5824463,426;13,43132628;52,48719706
2020;12;10;2;3;6;7;0;0;1;1;0;0;0;1;804923,5006;5833089,459;13,49945427;52,56223243
2020;12;7;6;3;6;4;0;0;1;1;0;0;0;0;793311,0165;5818817,691;13,31606936;52,44067187
2020;12;17;6;2;6;4;2;1;0;1;0;0;0;1;794588,4831;5825231,64;13,34047213;52,49748284
2020;12;7;7;3;6;2;2;0;1;1;0;0;0;1;798602,2526;5833049,925;13,40644535;52,56538152
2020;12;15;2;2;5;3;1;1;1;0;0;0;0;0;797023,7127;5820688,658;13,37219363;52,45543957
2020;12;2;6;3;5;3;2;0;1;0;0;0;1;0;792279,3842;5833938,749;13,31421336;52,57678088
2020;12;7;6;3;5;3;1;0;1;0;1;0;0;1;801379,6329;5817512,074;13,43324137;52,42458242
2020;12;11;7;3;2;2;0;0;1;0;0;0;0;0;794319,0657;5828364,228;13,33928524;52,52570997
2020;12;6;4;3;2;1;2;1;1;0;0;0;0;0;801392,4233;5824153,896;13,43942343;52,48410803
2020;12;16;5;3;3;2;2;1;1;0;0;0;0;0;792923,5514;5837077,225;13,32646749;52,60456917
2020;12;10;2;3;1;5;0;1;1;0;0;0;0;1;801581,2799;5823669,151;13,44175767;52,47965889
2020;12;11;2;3;2;6;0;0;1;0;0;1;0;1;807740,1484;5818115,024;13,52704437;52,42644635
2020;12;12;3;3;5;5;0;0;1;0;0;0;0;0;794999,3621;5828141,628;13,34908634;52,52334685
2020;12;15;6;3;0;1;1;1;0;0;0;0;0;1;798385,1966;5829408,824;13,39998087;52,53286323
2020;12;21;4;3;6;4;2;0;0;1;0;0;1;0;799547,1009;5825856,25;13,41386069;52,50038258
2020;12;10;2;3;3;6;0;1;1;0;0;0;0;0;804935,085;5830510,357;13,4972562;52,539111
2020;12;15;7;2;5;3;0;0;1;0;0;0;0;1;794340,6599;5835713,369;13,3461204;52,59157796
2020;12;22;1;2;0;1;2;1;0;0;0;0;0;1;802516,3301;5823715,913;13,45552657;52,47956086
2020;12;15;6;3;6;7;0;0;1;1;0;0;0;0;813122,0094;5827855,99;13,61507956;52,51068329
2020;12;16;5;3;6;2;2;0;1;1;0;0;0;0;802020,5341;5826917,375;13,45115055;52,50853023
2020;12;15;6;2;5;2;1;0;1;0;0;0;0;0;797200,1723;5817146,638;13,37163322;52,42359268
2020;12;13;4;3;2;7;0;1;1;0;0;0;0;1;791981,1795;5823186,044;13,30038187;52,48054555
2020;12;14;6;3;5;2;0;1;1;0;0;0;0;0;801974,6198;5817595,356;13,44204018;52,42500088
2020;12;7;5;2;2;6;1;0;1;0;1;0;0;1;796026,0272;5819879,378;13,35683654;52,44872624
2020;12;10;2;2;5;3;0;0;1;0;0;1;0;1;795243,0959;5822264,937;13,34745947;52,47053465
2020;12;19;1;3;5;3;2;1;1;0;0;0;0;1;791546,4074;5826647,012;13,29702719;52,51180515
2020;12;10;3;3;2;6;0;0;1;0;0;0;0;0;791086,2317;5833913,712;13,29663371;52,57719596
2020;12;21;4;2;8;1;2;0;1;0;0;0;0;1;816392,8745;5817597,468;13,6533923;52,41687446
2020;12;8;5;3;5;3;0;1;1;0;0;0;0;0;790858,7237;5822868,778;13,28362355;52,47830025
2020;12;9;2;3;2;7;0;0;1;0;1;0;0;0;801584,5076;5823576,559;13,44172131;52,47882719
2020;12;19;2;3;5;3;2;1;1;0;0;0;0;0;797630,7917;5832828,469;13,39195679;52,56392841
2020;12;15;3;3;5;3;1;1;0;0;0;0;0;0;792938,4195;5818918,669;13,31069197;52,44177683
2020;12;1;3;2;0;1;2;0;0;0;0;0;1;1;800920,8041;5825964,727;13,43413468;52,50059913
2020;12;14;6;3;5;2;0;1;1;0;0;0;0;0;800610,1021;5831414,561;13,43449771;52,54961858
2020;12;17;4;3;6;4;1;1;0;1;0;0;0;1;795984,8706;5828354,936;13,36375952;52,52472488
2020;12;12;7;2;1;1;0;0;0;0;1;0;1;0;794541,9672;5838546,288;13,35160442;52,61686358
2020;12;19;1;3;2;6;2;0;1;0;0;0;1;0;795290,3403;5831408,87;13,35626611;52,55247741
2020;12;12;6;3;5;2;0;0;1;0;0;0;0;0;781961,321;5828509,545;13,15774515;52,53354504
2020;12;9;5;3;5;2;0;1;1;0;0;0;0;0;794627,9474;5829879,046;13,3451677;52,53912239
2020;12;15;4;3;2;7;0;1;1;0;0;0;1;1;801181,1811;5825164,658;13,43723549;52,49328429
2020;12;14;6;3;6;4;0;0;0;1;0;0;1;0;794146,0609;5822113,62;13,33122242;52,46976997
2020;12;17;3;2;5;3;2;0;1;0;1;0;0;1;808803,4374;5828976,088;13,55268788;52,52318311
2020;12;12;6;3;2;6;0;0;1;0;0;0;0;0;796697,6855;5831916,881;13,37741627;52,55626636
2020;12;15;5;3;0;1;1;1;0;0;0;0;0;0;788634,6553;5819426,065;13,24798932;52,44861461
2020;12;9;2;3;6;7;0;0;0;1;0;0;1;0;803564,1907;5821953,555;13,46930512;52,46318364
2020;12;17;1;3;6;2;2;0;1;1;0;0;0;0;797354,8265;5831189,495;13,38642927;52,54938786
2020;12;6;3;3;2;6;2;0;1;0;0;0;0;1;793050,4222;5824469,882;13,3172103;52,491482
2020;12;18;2;3;2;6;2;0;1;0;0;0;0;0;792504,0868;5824731,509;13,30941615;52,49412046
2020;12;21;6;2;0;1;2;0;0;0;1;0;0;0;793105,3706;5817665,951;13,31204275;52,430457
2020;12;16;6;3;5;3;2;0;1;0;0;0;0;0;809611,6488;5834130,584;13,56936689;52,5689171
2020;12;14;4;3;6;2;0;0;1;1;0;0;0;1;790213,0401;5835129,57;13,28484877;52,58856241
2020;12;16;7;3;1;6;2;0;1;0;0;0;0;0;799449,3848;5826753,995;13,41323288;52,50848316
2020;12;20;6;3;6;2;2;0;1;1;0;0;0;0;798440,8211;5826526,262;13,39821234;52,50699451
2020;12;10;2;3;2;6;0;0;1;0;0;0;0;1;809801,2244;5831553,518;13,56974983;52,54571491
2020;12;19;6;3;5;2;2;0;1;0;0;0;0;0;807713,5962;5818113,616;13,5266538;52,42644867
2020;12;8;7;3;5;2;0;1;1;0;0;0;0;2;789572,0141;5817322,544;13,25992107;52,42925998
2020;12;14;4;3;1;7;0;0;1;1;0;0;0;1;805359,4084;5827204,371;13,50045781;52,50924386
2020;12;13;7;3;5;3;0;0;1;0;0;0;0;0;790961,1479;5824830,95;13,28684044;52,49583666
2020;12;19;6;3;2;6;2;0;1;0;0;0;0;0;786767,5777;5829294,743;13,22908676;52,53807729
2020;12;8;2;3;3;6;1;1;1;0;0;0;0;1;800742,8633;5831270,759;13,43631955;52,54825638
2020;12;17;5;3;2;6;2;0;1;0;1;0;0;1;785283,4094;5830868,027;13,2086148;52,55296217
2020;12;9;6;3;0;1;0;1;0;0;0;0;0;0;799088,0996;5827106,051;13,40824181;52,51183702
2020;12;8;2;3;5;3;0;1;1;0;0;0;0;1;795930,2484;5828131,792;13,3627582;52,52275425
2020;12;17;2;3;2;2;2;0;1;0;0;0;0;1;794095,528;5818809,479;13,32757051;52,44017692
2020;12;17;3;2;5;2;2;1;0;0;0;1;0;0;800037,685;5813263,096;13,40975836;52,38723344
2020;12;19;6;3;6;2;2;0;1;1;0;0;0;0;794214,0854;5825277,264;13,33501321;52,4980938
2020;12;14;4;3;4;6;0;0;1;0;1;0;0;1;798224,5718;5829358,311;13,39757457;52,53249836
2020;12;19;2;3;5;7;2;0;1;0;0;0;1;0;795776,1172;5830778,642;13,36284861;52,54656445
2020;12;15;7;3;5;3;0;0;1;0;0;0;0;0;810134,618;5815881,941;13,56007867;52,40508198
2020;12;13;2;2;1;1;0;0;1;1;0;0;1;0;802894,0301;5828955,908;13,46583752;52,52631705
2020;12;19;6;3;1;5;2;1;1;0;0;0;0;0;802266,0573;5827501,856;13,45528798;52,51363296
2020;12;10;6;3;0;3;0;0;1;0;0;0;1;1;791614,3729;5827996,369;13,29920865;52,52386561
2020;12;7;4;3;6;4;2;0;1;1;0;0;0;1;813740,0792;5821734,596;13,61839658;52,4554746
2020;12;13;7;3;6;4;0;0;1;1;0;0;0;0;791445,0081;5827484,152;13,29627054;52,51936421
2020;12;13;5;3;5;2;0;1;1;0;0;0;0;0;801232,6592;5823674,336;13,43664452;52,47989777
2020;12;21;5;2;5;3;2;0;1;0;0;0;0;0;806110,5031;5830157,852;13,51420848;52,53529282
2020;12;18;2;3;2;6;2;0;1;0;0;0;0;0;798764,073;5831820,011;13,40771841;52,55426843
2020;12;13;2;3;2;6;0;0;1;0;0;0;1;0;809902,0889;5831607,744;13,57128308;52,5461435
2020;12;13;3;3;1;5;0;1;0;0;0;0;1;0;784871,4172;5832006,585;13,20353201;52,56338601
2020;12;14;5;3;5;2;0;0;1;0;0;0;0;0;788909,923;5817930,331;13,2507353;52,43505917
2020;12;12;6;3;5;7;0;0;1;0;0;0;0;0;798917,7905;5826114,981;13,40484978;52,50304683
2020;12;17;2;3;3;6;2;0;1;0;0;0;0;1;797094,9703;5831923,772;13,38326526;52,55611156
2020;12;16;2;3;5;3;2;0;1;0;0;0;0;1;801045,1714;5822087,753;13,43246026;52,46578012
2020;12;15;3;2;6;7;1;0;1;1;0;0;0;0;794954,9825;5836523,038;13,35588389;52,5985031
2020;12;18;6;3;2;6;2;0;1;0;0;0;0;0;797026,7113;5822196,703;13,37357963;52,46895614
2020;12;11;4;3;2;6;0;0;1;0;0;0;0;1;794921,8411;5830258,535;13,34982533;52,54236524
2020;12;17;2;3;0;2;2;0;0;1;0;0;1;0;795519,6427;5830761,814;13,35906241;52,54655278
2020;12;11;7;3;2;6;0;0;1;0;0;0;0;1;792786,0173;5828847,474;13,31717825;52,53086754
2020;12;11;2;3;5;2;0;1;1;0;0;0;0;0;791492,8815;5834327,328;13,30298146;52,58068623
2020;12;9;5;3;9;7;0;0;1;0;0;0;0;0;790536,3662;5827349,463;13,2827991;52,51864159
2020;12;21;6;3;2;2;2;0;1;0;0;0;0;0;799753,3221;5814504,015;13,40670229;52,39851238
2020;12;18;3;2;6;4;2;0;0;1;0;0;1;0;793189,3603;5825612,178;13,32025625;52,50164767
2020;12;10;7;3;5;2;0;1;1;0;0;0;0;1;803786,9804;5823280,015;13,47378207;52,47494868
2020;12;8;4;3;5;3;0;0;1;0;0;0;0;0;799718,0252;5819656,283;13,41080052;52,44471502
2020;12;14;5;3;5;3;0;1;1;0;0;0;0;1;785202,1999;5831175,805;13,20768471;52,55576419
2020;12;17;2;3;0;3;2;1;0;0;0;0;0;1;802395,0763;5827439,037;13,45712634;52,51299839
2020;12;11;2;3;5;3;0;1;1;0;0;0;0;1;779934,8827;5821661,565;13,1221904;52,47318469
2020;12;16;3;3;3;6;1;1;1;0;0;0;0;0;800644,2133;5824401,182;13,42866136;52,48673702
2020;12;7;3;3;5;2;0;0;1;0;0;1;0;0;792353,1181;5834071,103;13,31541508;52,57792777
2020;12;18;5;3;0;7;2;0;0;0;1;0;1;0;792305,2179;5825383,575;13,30706748;52,50007263
2020;12;19;4;3;5;3;2;0;1;0;0;0;0;1;794525,2929;5824640,818;13,33902164;52,49222057
2020;12;14;2;3;5;2;0;0;1;0;0;0;0;1;799479,819;5828830,293;13,41554899;52,52707728
2020;12;13;7;2;6;2;0;0;1;1;0;0;0;0;798418,0646;5824779,116;13,3963126;52,49134605
2020;12;13;1;3;6;7;0;0;1;1;0;0;0;1;799505,1389;5813169,293;13,40187264;52,38668397
2020;12;16;5;3;2;6;2;0;1;0;0;0;0;0;784102,1326;5830063,972;13,19055095;52,54637045
2020;12;17;5;3;1;5;2;1;1;0;0;0;0;1;797930,9439;5826403,24;13,39061203;52,50617045
2020;12;10;5;3;6;7;0;1;0;0;0;0;1;0;796599,2162;5831923,893;13,37597435;52,55638286
2020;12;7;4;3;6;2;2;0;0;1;0;0;1;1;808460,6802;5819064,651;13,5384837;52,43455129
2020;12;22;1;3;2;6;2;0;1;0;1;0;0;1;794365,563;5825923,458;13,33780937;52,50380487
2020;12;18;7;3;1;1;2;0;1;0;0;0;1;1;796140,4332;5816154,209;13,35521577;52,41527077
2020;12;14;2;3;0;6;0;0;1;0;0;0;1;0;793175,2249;5832313,347;13,32595884;52,56172818
2020;12;22;5;2;0;7;2;1;0;0;0;0;0;0;801750,2213;5826253,013;13,44657761;52,50272507
2020;12;14;6;3;3;7;0;0;1;0;0;0;1;1;799045,4249;5816806,584;13,39838527;52,41953921
2020;12;11;6;3;2;6;0;0;1;0;0;1;0;0;791048,3716;5817783,905;13,2819758;52,43261274
2020;12;18;4;3;1;5;2;1;1;0;0;0;0;0;801418,2089;5823907,098;13,43957887;52,48188169
2020;12;19;5;3;0;3;2;0;1;0;1;0;0;0;799484,657;5828789,065;13,41558296;52,52670508
2020;12;21;1;3;5;3;2;0;1;0;0;0;0;1;804081,1069;5826834,909;13,48134317;52,50664652
2020;12;10;2;3;1;5;0;1;1;0;0;0;0;1;794312,7101;5838368,403;13,34806968;52,61539322
2020;12;6;3;3;5;3;2;1;1;0;0;0;0;1;797630,1443;5828308,092;13,38789709;52,52340934
2020;12;13;2;3;5;3;0;1;0;0;0;0;1;0;798484,3209;5828745,495;13,40084232;52,52686314
2020;12;22;5;3;0;1;2;0;0;0;1;0;0;0;808603,568;5821642,423;13,54295986;52,45757274
2020;12;12;7;3;2;6;0;0;1;0;0;0;0;0;802595,1342;5826145,9;13,45888998;52,50129715
2020;12;18;3;3;2;6;2;0;1;0;0;0;0;0;794260,5086;5820290,572;13,33129523;52,45336555
2020;12;15;1;3;5;2;1;0;1;0;0;0;0;0;799129,2279;5821712,416;13,40400511;52,46346801
2020;12;21;5;3;5;3;2;0;1;0;0;0;0;0;798581,5814;5825563,493;13,39941683;52,49828755
2020;12;18;5;3;6;4;2;0;0;1;0;0;1;1;781764,0456;5828315,017;13,15467957;52,53190284
2020;12;15;3;3;5;3;0;0;1;0;1;0;0;0;800403,9773;5831533,36;13,43157439;52,5507971
2020;12;12;6;3;5;3;0;0;1;0;0;0;1;0;805707,206;5818798,895;13,49786408;52,43371521
2020;12;21;3;3;1;7;2;0;1;0;0;0;0;1;805555,1398;5827532,632;13,50363422;52,51207628
2020;12;19;5;2;5;2;2;0;1;0;1;0;0;0;803851,695;5818878,728;13,47072704;52,43546457
2020;12;15;6;3;5;7;2;1;1;0;0;0;0;0;805176,6047;5827185,744;13,49775556;52,50917921
2020;12;10;4;3;0;1;0;1;0;0;0;0;0;1;798294,8533;5818963,953;13,38930531;52,43928731
2020;12;13;4;3;5;3;0;1;1;0;0;0;0;0;783232,6591;5830278,517;13,17794618;52,54874685
2020;12;9;5;3;0;1;0;0;1;0;1;0;0;0;791858,395;5827240,195;13,30213171;52,51695609
2020;12;5;5;2;5;2;2;0;1;0;1;0;0;0;796758,765;5834005,184;13,38018259;52,57495226
2020;12;14;1;3;5;3;0;0;1;0;0;0;0;0;804640,8902;5817828,494;13,48134362;52,4256126
2020;12;4;1;3;1;5;2;0;1;0;0;0;1;1;805537,2047;5827099,314;13,502973;52,50820275
2020;12;16;3;3;5;2;2;1;1;0;0;0;0;0;805506,0928;5821509,932;13,49739394;52,45812546
2020;12;5;2;3;5;3;2;0;1;0;0;0;1;1;801492,8801;5831342,132;13,44741181;52,54848154
2020;12;19;5;3;1;5;2;1;1;0;0;0;0;0;801702,4767;5822657,468;13,44262172;52,47052404
2020;12;2;7;3;1;5;2;0;1;0;0;0;1;1;801558,4986;5822300,362;13,44018578;52,46740271
2020;12;20;7;3;5;2;2;1;1;0;0;0;0;0;795194,321;5827245,996;13,35115678;52,51521269
2020;12;18;5;3;5;3;2;0;1;0;0;0;0;0;792843,7185;5825520,125;13,31509784;52,50100805
2020;12;16;1;3;1;5;1;0;1;0;0;0;0;0;790115,9334;5839467,826;13,28722279;52,62750611
2020;12;16;5;2;6;4;1;0;1;1;0;0;0;1;797312,3394;5829015,409;13,3838591;52,529923
2020;12;10;6;3;6;2;0;0;1;1;0;0;0;0;798529,7392;5831475,736;13,40396279;52,551311
2020;12;15;1;3;6;2;0;0;1;1;0;0;0;0;797362,1964;5821915,736;13,37825344;52,46625506
2020;12;17;2;3;1;5;2;0;1;0;0;0;1;1;797750,308;5831839,839;13,39282781;52,55500132
2020;12;16;3;3;0;5;2;0;1;0;0;0;1;0;792074,7353;5839016,551;13,31568149;52,62241098
2020;12;17;5;2;6;4;2;0;1;1;0;0;0;0;795091,6765;5819664,808;13,34293842;52,44730787
2020;12;12;4;3;2;6;0;0;1;0;0;0;0;1;803402,7453;5826641,762;13,47120303;52,50529304
2020;12;14;1;3;0;6;0;0;1;0;0;0;1;0;794409,8794;5826087,972;13,33860586;52,50525572
2020;12;9;7;3;0;1;0;0;0;0;1;0;0;2;808524,6134;5834000,852;13,55325851;52,56837163
2020;12;12;2;3;5;2;0;1;0;0;0;0;1;1;795386,8151;5820977,945;13,34842997;52,45891993
2020;12;16;5;3;5;3;1;1;1;0;0;0;0;0;785294,0743;5832415,933;13,21010244;52,56683483
2020;12;8;6;3;2;6;0;0;1;0;0;0;1;1;805921,491;5830512,2;13,51175671;52,53857469
2020;12;14;3;3;2;6;0;0;1;0;0;0;0;0;795009,8287;5823508,933;13,34513577;52,48181232
2020;12;16;5;3;6;2;0;0;1;1;0;0;0;0;811210,7276;5828849,918;13,58793734;52,52068391
2020;12;14;1;3;2;6;0;0;1;0;0;0;0;0;809497,2414;5834652,693;13,56817147;52,57366103
2020;12;13;1;3;6;7;0;0;0;1;0;0;1;0;798439,8168;5825262,953;13,39706543;52,49567114
2020;12;13;2;3;5;3;0;0;1;0;1;0;0;0;800626,475;5826265,999;13,43008374;52,50346175
2020;12;15;5;2;1;5;1;1;1;0;0;0;0;0;798071,7617;5824552,629;13,39102453;52,48950507
2020;12;12;6;2;3;6;0;1;0;0;0;0;1;1;801326,5598;5827374,63;13,44137022;52,51301243
2020;12;15;7;3;6;7;1;0;0;1;0;0;1;0;793146,8194;5825598,713;13,31961948;52,50154981
2020;12;14;5;3;2;6;0;1;1;0;0;0;0;0;799288,7309;5832571,483;13,41611142;52,56071612
2020;12;14;5;3;6;7;0;0;0;1;0;0;1;0;782338,5308;5830416,969;13,16491262;52,55045245
2020;12;15;5;3;6;4;0;0;1;1;0;0;0;0;807243,7183;5822147,265;13,52347401;52,46286336
2020;12;12;1;3;5;3;0;0;1;0;0;0;0;1;790051,9954;5835749,776;13,28302134;52,59420841
2020;12;15;2;3;2;6;1;0;1;0;0;0;0;1;789927,0314;5817671,625;13,26543073;52,4322016
2020;12;14;3;3;5;2;1;1;1;0;0;0;0;0;793474,2492;5824849,149;13,32376889;52,49465429
2020;12;14;5;3;6;4;0;0;1;1;0;0;0;0;793759,0823;5826063,927;13,32902388;52,50539097
2020;12;10;4;3;0;1;0;1;0;0;0;0;0;1;796908,0912;5824306,218;13,37371683;52,48793037
2020;12;12;1;3;5;2;0;1;0;0;0;0;1;0;803330,6599;5830082,101;13,47328143;52,53616808