UJAHR;UMONAT;USTUNDE;UWOCHENTAG;UKATEGORIE;UART;UTYP1;ULICHTVERH;IstRad;IstPKW;IstFuss;IstKrad;IstGkfz;IstSonstige;USTRZUSTAND;LINREFX;LINREFY;XGCSWGS84;YGCSWGS84
2020;12;10;7;3;5;2;0;0;1;0;0;0;0;1;796475,1232;5831930,609;13,3741553;52,55651063
2020;12;15;2;3;5;2;1;1;1;0;0;0;0;0;809324,3752;5818521,814;13,55064593;52,42919872
2020;12;13;5;3;6;7;0;0;1;1;0;0;0;0;791460,1886;5838453,151;13,30613233;52,61769035
2020;12;18;6;3;3;6;2;0;1;0;0;0;0;0;794067,9144;5817441,869;13,3259625;52,42793162
2020;12;8;7;3;0;1;0;0;0;0;1;0;0;2;797609,2762;5819584,985;13,37980241;52,44522774
2020;12;7;4;3;5;3;1;0;1;0;0;0;0;1;795903,8113;5816492,265;13,35204567;52,4184292
2020;12;10;5;3;5;3;0;1;0;0;0;0;1;0;792989,6972;5835646,741;13,32617565;52,59171011
2020;12;9;1;2;6;2;0;0;1;1;0;0;0;0;785260,6135;5832257,138;13,20947355;52,56542864
2020;12;11;2;3;2;6;0;0;1;0;0;0;0;1;807220,9942;5825554,047;13,5262791;52,49340834
2020;12;12;7;3;2;7;0;0;1;0;0;0;0;0;796323,8603;5834878,491;13,37456438;52,58301744
2020;12;11;4;3;5;7;0;0;1;0;0;0;0;0;798237,3231;5826153,076;13,39488863;52,50376065
2020;12;17;5;3;0;7;2;1;1;0;0;0;0;0;790677,0462;5825976,313;13,28366715;52,50625629
2020;12;9;1;3;5;3;0;0;1;0;0;0;0;1;791248,2701;5836413,791;13,30121602;52,59952179
2020;12;11;2;2;6;2;0;0;1;1;0;0;0;0;801391,5259;5823751,39;13,43904638;52,48050077
2020;12;12;3;3;6;4;0;0;1;1;0;0;0;1;795646,1849;5832515,527;13,36248491;52,5622045
2020;12;12;5;3;5;2;0;1;1;0;0;0;0;0;797702,3072;5830685,507;13,39108701;52,54468047
2020;12;6;4;3;6;2;2;0;1;1;0;0;0;1;801416,9314;5826074,542;13,44152077;52,50130961
2020;12;7;1;3;6;7;2;0;1;1;0;0;0;1;804675,9235;5820283,736;13,48409499;52,44759883
2020;12;16;7;3;6;7;1;0;1;1;0;0;0;0;801544,6569;5824044,518;13,44155954;52,4830436
2020;12;23;1;3;8;1;2;0;1;0;0;0;0;1;808929,8925;5827234,764;13,55292917;52,50750615
2020;12;12;5;2;5;2;0;1;0;0;0;1;0;0;798999,5141;5821688,881;13,4020804;52,46332805
2020;12;14;6;3;1;5;0;1;1;0;0;0;0;0;799059,5819;5828477,148;13,40905535;52,52414255
2020;12;14;3;3;0;1;0;1;0;0;0;0;0;0;800111,0026;5830642,181;13,42646116;52,54297072
2020;12;19;6;3;5;7;2;0;1;0;0;0;0;0;792905,8975;5826965,884;13,31728337;52,51393541
2020;12;14;4;3;5;2;0;0;1;0;0;0;1;0;801868,1469;5828991,074;13,45079361;52,52720122
2020;12;8;5;3;1;5;0;1;1;0;0;0;0;0;797421,2151;5821376,037;13,3786387;52,46138508
2020;12;20;7;3;6;7;2;0;1;1;0;0;0;0;792545,2938;5833150,309;13,31743065;52,56957
2020;12;23;2;3;1;1;2;0;1;0;0;0;1;1;784316,2743;5830601,037;13,19416022;52,55107406
2020;12;17;3;3;2;6;2;0;1;0;0;1;0;1;797006,4055;5815657,072;13,36747007;52,41034514
2020;12;11;2;3;0;2;0;0;1;0;0;0;1;0;800757,2204;5824338,452;13,43026401;52,48611251
2020;12;11;5;3;6;2;0;0;1;1;0;0;0;0;791756,0414;5825179,925;13,29882182;52,49854083
2020;12;9;7;3;0;7;0;1;0;0;0;0;0;2;785967,8654;5827981,213;13,21619771;52,52672072
2020;12;17;3;3;5;2;2;1;1;0;0;0;0;0;797774,4993;5827360,366;13,38917016;52,51483533
2020;12;3;3;3;1;7;2;0;1;0;0;0;1;1;784201,7221;5830726,083;13,19258234;52,55225501
2020;12;10;5;3;0;3;0;0;1;0;1;0;0;1;799663,401;5829002,209;13,41840193;52,52851736
2020;12;17;4;2;5;3;1;1;1;0;0;0;0;0;798084,7542;5827089,182;13,39348577;52,51223504
2020;12;13;7;3;5;3;0;0;1;0;1;0;0;0;800676,9549;5831558,812;13,4356113;52,55087462
2020;12;20;1;3;2;6;2;0;1;0;0;0;0;1;803393,7921;5826856,2;13,47126694;52,50721998
2020;12;9;5;3;5;3;0;0;1;0;0;0;0;0;801199,9885;5822630,823;13,43522254;52,4705625
2020;12;10;5;3;2;6;0;0;1;0;0;0;0;0;796647,1643;5823971,27;13,36958718;52,48506973
2020;12;14;6;3;5;2;0;0;1;0;0;0;0;0;792354,2132;5834072,217;13,31543218;52,57793717
2020;12;11;4;3;1;5;0;1;1;0;0;0;0;1;799176,2641;5833211,959;13,41503479;52,56651876
2020;12;21;3;2;9;1;2;0;1;0;0;0;0;1;782512,5806;5831711,515;13,1685746;52,5619695
2020;12;12;5;3;5;3;0;1;1;0;0;0;0;0;795649,3546;5816052,469;13,3479264;52,4146242
2020;12;15;5;2;0;7;1;0;1;0;0;0;0;0;795759,172;5819912,352;13,35295054;52,44916625
2020;12;19;7;3;2;7;2;0;1;0;0;0;0;0;798320,5052;5825154,293;13,39521587;52,49476236
2020;12;13;1;3;5;2;0;1;0;0;0;0;1;0;795367,089;5818451,713;13,34590686;52,43628448
2020;12;17;3;3;2;6;2;0;1;0;0;0;0;0;793923,5846;5823380,325;13,32907303;52,48124518
2020;12;19;2;3;2;6;2;0;1;0;0;0;0;1;795880,3285;5835412,334;13,368514;52,58804415
2020;12;7;5;3;5;3;0;1;1;0;0;0;0;0;806095,7342;5823425,66;13,50780221;52,47496511
2020;12;22;6;3;1;5;2;0;1;0;0;0;0;1;805388,8225;5826063,808;13,49984378;52,49900517
2020;12;16;7;3;5;3;2;0;1;0;0;0;0;0;795160,0796;5827088,833;13,35051424;52,51382237
2020;12;14;4;3;6;3;0;0;1;1;0;0;0;0;795839,2629;5819911,242;13,35412463;52,44911297
2020;12;15;5;3;6;7;1;0;1;1;0;0;0;0;791013,9139;5822618,202;13,2856835;52,47597115
2020;12;12;6;3;0;1;0;1;0;0;0;0;0;0;799382,328;5826176,774;13,41172873;52,50334603
2020;12;15;7;3;2;7;0;1;1;0;0;0;1;0;800665,6235;5824349,31;13,42892893;52,48626028
2020;12;16;2;3;6;4;2;0;1;1;0;0;0;0;797551,5877;5824997,79;13,38378354;52,49377921
2020;12;12;7;3;5;3;0;0;1;0;0;0;0;1;813230,8994;5826100,407;13,6150275;52,49488899
2020;12;18;4;3;5;2;2;1;1;0;0;0;0;0;793922,8437;5823115,454;13,32882866;52,47887113
2020;12;0;7;3;2;6;2;0;1;0;0;0;0;0;790388,6314;5827325,538;13,28060706;52,51850579
2020;12;17;5;3;1;5;2;1;1;0;0;0;0;1;798250,5221;5829362,096;13,3979594;52,53251808
2020;12;7;6;3;6;4;1;0;1;1;0;0;0;0;784751,9007;5830479,639;13,2004636;52,54975805
2020;12;19;7;3;5;3;2;0;1;0;0;0;0;0;803003,6507;5819367,044;13,45873305;52,44031181
2020;12;22;2;3;5;3;2;0;1;0;1;0;0;1;806132,5315;5826846,749;13,51148509;52,50560547
2020;12;18;3;3;2;6;2;0;1;0;0;0;0;0;793927,4108;5826070,959;13,33150298;52,50536335
2020;12;15;4;3;6;4;1;0;1;1;0;0;0;0;809586,2396;5826508,407;13,56189363;52,50062473
2020;12;7;4;3;5;3;0;1;1;0;0;0;0;0;813013,9905;5826282,433;13,61201393;52,49664457
2020;12;19;7;2;5;3;2;0;1;0;1;0;0;0;790820,6681;5833708,88;13,2925461;52,57550167
2020;12;13;7;3;0;1;0;1;0;0;0;0;0;1;814192,5001;5820825,924;13,62417814;52,44707216
2020;12;17;2;3;6;2;2;0;1;1;0;0;0;0;802334,7234;5829185,551;13,45782711;52,52868577
2020;12;23;4;3;2;6;2;0;1;0;0;0;0;0;791824,8364;5825187,372;13,29983889;52,49857082
2020;12;11;6;3;2;2;0;0;1;0;0;1;0;1;811369,701;5824542,335;13,58624542;52,48199139
2020;12;13;7;3;2;6;0;0;1;0;0;0;0;0;788124,0606;5827856,551;13,2477852;52,52446778
2020;12;13;5;3;5;2;0;1;1;0;0;0;0;0;799461,8408;5828801,812;13,41525913;52,52683188
2020;12;22;5;3;5;3;2;1;1;0;0;0;0;0;794931,754;5823924,024;13,34435666;52,48557552
2020;12;18;7;3;5;3;2;0;1;0;0;0;0;0;795330,3841;5826165,094;13,35219695;52,50544958
2020;12;13;2;3;5;2;0;0;1;0;0;0;1;1;808204,3587;5829233,906;13,54412481;52,52583258
2020;12;14;3;3;0;6;0;0;0;0;0;0;1;0;802037,0272;5817642,632;13,44299788;52,42539018
2020;12;20;4;3;5;2;2;0;1;0;0;0;0;0;792212,6263;5833127,776;13,31251636;52,56954668
2020;12;7;4;2;6;4;1;0;0;1;0;0;1;1;785398,7099;5830322,82;13,20984214;52,54801353
2020;12;12;7;2;5;2;0;1;1;0;0;0;0;1;805482,5842;5840992,987;13,51496736;52,63275178
2020;12;19;7;3;5;3;2;0;1;0;0;0;1;0;807712,8946;5818737,603;13,52721764;52,43204138
2020;12;8;2;3;5;3;0;0;1;0;0;0;0;1;797288,8942;5821215,686;13,37655403;52,46001969
2020;12;15;3;3;8;1;0;0;1;0;0;0;0;0;805719,518;5833795,062;13,51181096;52,56810984
2020;12;18;4;3;2;2;2;1;1;0;0;0;0;0;787085,5622;5837212,123;13,24061715;52,60889301
2020;12;11;4;3;5;2;0;1;1;0;0;0;0;0;800362,0902;5824329,109;13,42445404;52,48624628
2020;12;12;7;3;5;7;0;0;1;0;0;0;1;0;806616,1448;5815495,815;13,50816597;52,40360278
2020;12;11;7;3;2;6;0;0;1;0;0;0;0;0;792418,9722;5827202,468;13,31033634;52,51631759
2020;12;12;2;3;6;7;0;0;1;1;0;0;0;0;790187,4706;5835164,028;13,28450258;52,58888497
2020;12;17;4;3;2;6;2;0;1;0;0;0;0;0;787987,6338;5829752,198;13,24742236;52,54153516
2020;12;6;6;3;5;2;2;0;1;0;0;0;1;1;799234,9583;5828467,659;13,41162407;52,52396127
2020;12;11;7;3;2;6;0;0;1;0;0;0;0;1;805659,8188;5818709,445;13,49708743;52,43293999
2020;12;9;4;3;5;3;0;1;0;0;1;0;0;1;800427,2514;5825787,811;13,42672608;52,49928531
2020;12;16;5;3;1;5;2;0;1;0;0;0;0;0;812209,9764;5827781,577;13,60161456;52,51053918
2020;12;17;7;3;5;2;2;1;0;0;0;0;1;0;785661,2618;5828039,288;13,21174045;52,52740216
2020;12;11;2;3;2;6;0;0;1;0;0;0;0;1;804624,2579;5829928,227;13,49215378;52,53406751
2020;12;9;3;3;6;3;1;0;1;1;0;0;0;0;801501,8032;5820457,821;13,43768966;52,45091882
2020;12;13;4;3;8;1;0;0;1;1;0;0;0;0;785360,5939;5833317,092;13,21185661;52,57487957
2020;12;21;4;2;5;3;2;0;1;0;0;0;1;0;809672,9005;5833230,187;13,56942736;52,56081336
2020;12;17;7;3;2;6;1;0;1;0;0;0;0;0;802085,0285;5832801,782;13,45744631;52,5612362
2020;12;14;7;2;6;7;0;0;1;1;0;0;0;0;802254,8308;5828498,497;13,45602852;52,52257204
2020;12;14;1;3;2;6;0;0;1;0;0;0;0;0;793597,853;5825768,375;13,32639464;52,50282827
2020;12;16;4;2;5;2;0;0;1;0;1;0;0;0;816634,736;5817412,387;13,65676168;52,41507616
2020;12;15;5;3;5;2;1;1;1;0;0;0;0;0;793975,216;5824716,009;13,33100928;52,49319115
2020;12;15;6;3;5;3;1;1;1;0;0;0;0;0;794938,5393;5824465,559;13,34493555;52,49042637
2020;12;1;4;2;9;1;2;0;1;0;0;0;0;0;794048,8321;5828476,113;13,3354124;52,52685877
2020;12;17;4;3;5;2;2;1;1;0;0;0;0;0;796575,9464;5827796,889;13,37194872;52,51940137
2020;12;16;6;3;5;3;2;0;1;0;0;0;1;1;785001,4476;5829895,208;13,20363243;52,54438758
2020;12;15;6;3;5;3;0;0;1;0;1;0;0;0;790028,3938;5825234,439;13,27349077;52,49995048
2020;12;19;4;3;0;2;2;1;1;0;0;0;0;0;797795,9821;5825296,093;13,38763937;52,49631987
2020;12;19;5;3;5;2;2;1;1;0;0;0;0;0;798616,7825;5826998,242;13,40122065;52,51112889
2020;12;11;7;3;5;3;0;0;1;0;0;0;0;0;787304,545;5837833,92;13,24438213;52,61435194
2020;12;10;2;3;0;1;0;0;0;0;1;0;0;1;801257,4025;5829571,575;13,44234416;52,53274215
2020;12;18;3;3;0;3;2;1;1;0;0;0;0;0;808511,952;5815228,26;13,53569903;52,4001402
2020;12;0;3;2;0;1;2;1;0;0;0;0;0;0;801461,3745;5828783,111;13,44462718;52,52556231
2020;12;7;4;3;6;2;1;0;1;1;0;0;0;0;795806,4565;5816015,023;13,35019648;52,41420364
2020;12;15;4;2;5;2;1;1;1;0;0;0;0;1;800615,0303;5831415,04;13,43457061;52,54962015
2020;12;12;7;3;6;2;0;0;1;1;0;0;0;1;793858,6787;5835438,969;13,33878244;52,58937879
2020;12;13;3;2;2;3;0;0;1;0;1;0;0;0;809677,1172;5833230,141;13,56948932;52,56081055
2020;12;16;1;3;8;1;2;0;0;0;1;0;0;0;783894,3714;5822814,544;13,18131014;52,48147904
2020;12;14;4;2;3;6;0;0;1;0;0;0;0;0;782234,0273;5830523,089;13,16346567;52,55145812
2020;12;13;5;3;6;7;0;0;1;1;0;0;0;0;800650,2768;5831499,547;13,43516537;52,55035815
2020;12;15;3;2;2;6;0;0;0;0;1;1;0;0;790504,102;5827326,2;13,28230462;52,51845022
2020;12;14;6;3;5;3;0;0;1;0;0;0;0;0;800070,7613;5831265,936;13,42643307;52,54858377
2020;12;20;3;3;5;3;2;0;1;0;0;0;0;1;786318,0495;5829496,437;13,22265076;52,540122
2020;12;11;4;3;6;4;0;0;1;1;0;0;0;0;812567,5989;5830322,302;13,60925443;52,53310202
2020;12;16;5;3;0;3;2;0;1;0;0;0;1;0;807039,2428;5823521,97;13,52173878;52,47529872
2020;12;11;7;3;6;4;0;0;1;1;0;0;0;0;794944,9566;5832817,846;13,352439;52,56529483
2020;12;13;1;3;2;6;1;0;1;0;0;0;0;0;784484,8455;5828670,842;13,19498668;52,53367989
2020;12;17;2;3;0;6;2;0;0;0;0;0;1;1;794824,5075;5819798,296;13,33913649;52,44864865
2020;12;13;4;2;6;7;0;0;1;1;0;0;0;0;786483,0404;5818173,784;13,21534257;52,43851852
2020;12;19;1;3;9;1;2;0;1;0;0;0;0;0;799098,0658;5819840,188;13,40187079;52,44670297
2020;12;14;3;3;3;6;0;0;1;0;0;0;0;0;793350,3564;5816259,202;13,31440216;52,41771446
2020;12;6;4;3;5;2;2;1;0;0;0;0;0;0;795500,4556;5817584,375;13,34709649;52,42843727
2020;12;19;1;3;5;3;2;0;1;0;0;0;0;0;804353,8052;5818309,826;13,47757253;52,43008645
2020;12;18;1;3;0;1;2;0;0;0;1;0;0;0;801729,3324;5828375,256;13,44819489;52,52175847
2020;12;13;5;3;5;3;0;0;1;0;0;0;0;0;794896,4267;5820032,21;13,3403982;52,45070677
2020;12;15;1;3;0;1;0;0;0;0;1;0;0;1;797463,448;5838530,435;13,39461511;52,61513018
2020;12;12;1;2;0;1;0;1;0;0;0;0;0;0;788917,1573;5826085,154;13,25790443;52,50816693
2020;12;13;5;3;5;3;0;0;1;0;0;0;0;0;802850,7517;5818980,689;13,45614045;52,43693357
2020;12;11;1;3;1;5;0;1;1;0;0;0;0;0;798809,4545;5833196,655;13,40962533;52,56658304
2020;12;11;7;2;5;2;0;0;1;0;0;0;0;1;803034,586;5817411,378;13,45741447;52,4227659
2020;12;14;3;2;5;2;0;1;1;0;0;0;0;1;815996,6953;5813251,822;13,64348804;52,3781629
2020;12;11;4;3;2;6;0;0;1;0;0;0;1;1;800794,8243;5822672,362;13,42931325;52,47115806
2020;12;19;7;3;1;7;2;0;1;0;0;0;0;1;795601,4637;5825465,727;13,35555839;52,49903352
2020;12;16;7;2;4;6;2;0;1;0;0;0;0;1;804236,3383;5840172,313;13,49585453;52,62609618
2020;12;14;4;3;2;6;0;0;1;0;0;0;0;1;801271,6114;5825962,695;13,43928521;52,50038736
2020;12;17;7;3;0;2;2;0;1;0;1;0;0;1;797749,969;5824024,579;13,38582741;52,48494731
2020;12;11;7;2;5;3;0;1;1;0;0;0;0;0;806764,1912;5823073,38;13,51728927;52,47143288
2020;12;8;3;3;0;1;0;1;0;0;0;0;0;1;792744,4945;5823121,994;13,31153342;52,47956269
2020;12;16;4;3;5;7;1;0;1;0;1;0;0;1;800513,6125;5824244,442;13,42660246;52,485404
2020;12;21;6;3;2;6;2;0;1;0;0;0;1;0;795637,7202;5835644,041;13,3651501;52,59025306
2020;12;13;6;3;5;3;0;0;1;0;0;0;0;1;795248,999;5836596,015;13,36027732;52,5989977
2020;12;11;3;3;2;6;0;0;1;0;0;0;0;1;798923,384;5817260,717;13,39700176;52,42367666
2020;12;17;4;3;5;3;2;0;1;0;0;0;0;1;804391,9703;5821738,482;13,48125577;52,46079553
2020;12;13;6;3;5;3;0;0;1;0;0;0;0;1;797120,6329;5819637,384;13,37268059;52,4459632
2020;12;20;5;3;6;7;2;0;1;0;0;0;1;1;789705,9823;5830100,372;13,27299291;52,54374567
2020;12;14;5;2;5;3;0;0;1;0;1;0;0;0;796228,537;5828214,785;13,36721577;52,52333622
2020;12;23;5;3;6;2;2;0;1;1;0;0;0;1;798302,9792;5825320,416;13,39510724;52,49626102
2020;12;15;5;3;5;2;1;0;1;0;0;0;0;1;795897,9289;5831964,787;13,36569682;52,55713092
2020;12;19;5;2;6;4;2;0;1;1;0;0;0;1;794016,9967;5817439,526;13,32521372;52,42793798
2020;12;14;5;3;2;6;1;0;1;0;0;0;0;1;793736,8238;5820562,811;13,32385031;52,45608775
2020;12;12;4;2;0;7;0;0;1;0;0;0;1;0;793957,4385;5816401,216;13,32342791;52,41866185
2020;12;11;5;3;2;6;0;1;1;0;0;0;0;1;806453,6447;5822230,835;13,5119579;52,46405599
2020;12;11;5;3;5;3;0;0;1;0;0;0;0;1;798538,4278;5825338,883;13,39858172;52,49629782
2020;12;10;5;3;6;7;0;0;1;1;0;0;0;0;801371,2677;5819263,224;13,43469707;52,44028323
2020;12;9;5;3;5;2;1;0;1;0;0;0;0;1;785968,252;5829213,246;13,21726337;52,53776666
2020;12;11;4;3;5;3;0;0;1;0;0;0;0;1;804467,0339;5816947,678;13,47799309;52,41781475
2020;12;6;5;3;2;6;2;0;1;0;0;0;1;1;794510,8682;5830653,491;13,344133;52,54612803
2020;12;14;4;3;1;5;0;0;1;0;0;0;1;1;790263,5947;5835404,192;13,28583354;52,59099739
2020;12;8;3;2;0;1;0;1;0;0;0;0;0;1;794643,761;5824206,043;13,34037706;52,48825915
2020;12;17;4;3;6;2;2;0;1;1;0;0;0;1;805730,7368;5816804,39;13,4963863;52,41582611
2020;12;18;2;3;2;3;2;1;1;0;0;0;0;1;799458,8188;5825113,187;13,41189601;52,49377058
2020;12;9;4;3;1;5;0;1;1;0;0;0;0;0;791472,1311;5825768,337;13,2951664;52,50396761
2020;12;9;3;3;6;2;0;0;1;1;0;0;0;1;805021,8125;5822711,57;13,49138676;52,46916577
2020;12;17;4;2;6;4;2;0;0;1;0;0;1;1;793511,1939;5826497,053;13,32576404;52,50940716
2020;12;17;2;3;2;7;2;1;1;0;0;0;0;1;800809,9786;5824318,934;13,43102102;52,4859085
2020;12;14;4;3;5;3;0;1;1;0;0;0;0;0;806408,9744;5822969,563;13,51198076;52,47070179
2020;12;8;3;3;0;1;0;1;0;0;0;0;0;2;795501,9004;5816531,304;13,34618746;52,41899631
2020;12;16;4;3;5;3;2;1;1;0;0;0;0;1;792655,7978;5828265,291;13,3147516;52,5257184
2020;12;9;3;2;0;1;0;1;0;0;0;0;0;2;805526,1532;5825987,617;13,50179065;52,49824545
2020;12;17;4;3;0;7;2;1;0;0;0;0;0;1;793567,4892;5832349,22;13,33176068;52,56183841
2020;12;17;4;3;1;5;2;1;1;0;0;0;0;1;797249,348;5824832,5;13,37919736;52,49246224
2020;12;19;5;3;4;6;2;0;1;0;0;0;0;1;809943,5709;5831844,705;13,57211398;52,54824342
2020;12;12;4;3;1;5;0;0;1;0;1;0;0;0;791762,7223;5827894,626;13,30129978;52,52287414
2020;12;9;3;3;1;1;0;1;1;0;0;0;0;2;811638,7711;5822308,428;13,58810804;52,461819
2020;12;12;4;3;6;7;0;0;0;1;0;0;1;0;804252,1735;5817467,482;13,47531611;52,42259316
2020;12;13;4;3;5;3;0;0;1;0;0;0;0;0;811518,2663;5821159,216;13,58526792;52,45158909
2020;12;13;5;3;0;5;0;0;1;0;1;0;0;1;790504,654;5829527,295;13,28423599;52,53818279
2020;12;20;4;3;6;4;2;0;1;1;0;0;0;1;796684,2246;5831671,121;13,37699866;52,55407075
2020;12;8;3;3;0;1;0;1;0;0;0;0;0;2;793375,724;5820359,478;13,31837262;52,45445887
2020;12;11;4;3;2;6;0;0;1;0;0;0;1;0;799743,3863;5834151,605;13,42422611;52,57462912
2020;12;14;2;3;2;6;0;0;1;0;0;0;0;0;803837,7289;5828352,135;13,4791536;52,52038054
2020;12;11;4;2;5;2;0;1;1;0;0;0;0;0;784285,3293;5830350,934;13,19349093;52,54884779
2020;12;19;4;3;6;2;2;0;1;1;0;0;0;1;794233,808;5822022,497;13,3324301;52,46890585
2020;12;0;5;2;1;5;2;0;1;0;0;0;1;1;801646,1581;5823520,055;13,44257522;52,47828668
2020;12;11;4;3;0;3;0;1;0;0;1;0;0;0;799629,7976;5834276,921;13,42266821;52,57581491
2020;12;19;4;3;5;3;2;1;1;0;0;0;0;1;793425,588;5820368,851;13,31911257;52,45451613
2020;12;10;2;3;3;6;0;1;1;0;0;0;0;1;816999,1231;5817100,618;13,66180627;52,41207166
2020;12;15;4;2;6;7;0;0;1;1;0;0;0;0;804303,8422;5824057,772;13,4820782;52,48163178
2020;12;8;3;3;5;2;0;1;1;0;0;0;0;1;801363,9553;5836890,258;13,45055834;52,5982806
2020;12;1;3;3;0;7;2;0;1;0;0;0;0;1;798349,6728;5815901,221;13,38737764;52,41180332
2020;12;9;4;3;3;6;0;1;0;0;0;0;0;0;796617,6077;5831922,593;13,37624367;52,55636119
2020;12;19;2;3;6;2;2;0;1;1;0;0;0;1;794702,9028;5829216,857;13,34568246;52,53314583
2020;12;17;4;3;6;4;2;0;1;1;0;0;0;1;801155,7301;5820603,345;13,43274373;52,45241395
2020;12;18;4;3;6;2;2;0;1;1;0;0;0;1;803576,3762;5829742,95;13,47658328;52,53299157
2020;12;17;4;3;6;4;2;0;1;1;0;0;0;1;798452,9178;5824235,011;13,39633713;52,48644978
2020;12;18;5;3;5;2;2;0;1;0;0;0;0;0;797450,7306;5823742,589;13,38118205;52,48258267
2020;12;17;4;3;2;6;2;0;1;0;0;0;0;1;803095,2354;5829557,71;13,46934288;52,53159906
2020;12;22;3;3;0;2;2;0;1;0;1;0;0;0;795511,2352;5825415,455;13,35418848;52,49863174
2020;12;17;4;3;5;2;2;0;1;0;0;0;0;1;794969,3992;5824905,594;13,34577832;52,49435431
2020;12;13;4;3;5;3;0;0;1;0;1;0;0;0;809468,2081;5819065,976;13,55325828;52,43399411
2020;12;16;3;2;7;7;2;0;0;0;1;0;0;1;801660,7978;5826093,283;13,44511949;52,50134284
2020;12;12;5;3;5;3;0;0;1;0;0;0;0;0;793809,2657;5831756,838;13,3347927;52,55639768
2020;12;13;3;3;3;2;0;0;1;0;0;0;0;1;809784,2851;5834074,505;13,57185353;52,56831634
2020;12;14;3;3;5;2;0;1;1;0;0;0;0;0;789455,2251;5826669,203;13,26631828;52,51311784
2020;12;11;3;3;2;6;0;0;1;0;0;0;0;1;785229,961;5828878,427;13,2061201;52,53515164
2020;12;16;4;3;6;4;2;0;1;1;0;0;0;0;794112,7067;5836506,825;13,34346971;52,59881398
2020;12;11;3;3;2;2;0;0;1;0;0;0;1;1;805463,4595;5820482,313;13,4958285;52,44893919
2020;12;18;3;3;6;2;2;0;1;1;0;0;0;1;803180,4583;5822713,374;13,46436448;52,4702069
2020;12;10;3;3;5;3;0;0;1;0;1;0;0;1;797385,4375;5826186,394;13,38240477;52,50452427
2020;12;17;2;3;0;7;2;0;1;0;0;0;0;1;821466,8666;5819424,84;13,72950078;52,43029103
2020;12;16;4;3;5;3;2;1;1;0;0;0;0;1;798854,8129;5826652,628;13,40440734;52,50790059
2020;12;13;2;3;0;1;0;1;0;0;0;0;0;0;810592,7372;5825381,067;13,57562252;52,48995017
2020;12;11;4;2;5;3;0;1;1;0;0;0;0;1;796933,117;5830174,072;13,37932044;52,5405158
2020;12;9;3;3;2;6;0;0;1;0;0;0;0;1;796668,4697;5831665,994;13,37676238;52,55403337
2020;12;1;2;3;9;1;2;0;1;0;0;0;0;1;806810,4659;5818190,466;13,51348352;52,42764457
2020;12;17;4;3;5;2;2;1;0;0;0;0;1;0;790367,8814;5818263,246;13,27241086;52,43727181
2020;12;8;3;2;6;2;2;0;1;1;0;0;0;1;790147,5761;5819783,746;13,27049951;52,45102048
2020;12;2;3;3;0;1;2;0;0;0;1;0;0;1;804724,8286;5818425,36;13,48311808;52,43091543
2020;12;19;3;3;6;4;2;0;1;1;0;0;0;1;801168,4233;5833191,38;13,44431917;52,56523593
2020;12;22;5;3;1;5;2;1;0;0;0;0;1;1;797834,2306;5827734,085;13,39038233;52,51815265
2020;12;19;3;2;2;6;2;0;1;0;0;0;0;1;804119,3983;5829830,712;13,48464443;52,53347544
2020;12;11;3;3;2;6;0;1;1;0;0;0;0;1;793305,2281;5825667,39;13,32200696;52,50208035
2020;12;17;3;3;0;6;2;0;1;0;1;0;0;0;796359,4812;5816732,163;13,35893893;52,42033316
2020;12;9;5;3;5;2;0;1;1;0;0;0;0;1;803228,7908;5838050,196;13,47906961;52,60763999
2020;12;17;3;3;5;3;2;0;1;0;0;0;0;1;796358,6572;5825091,38;13,36634709;52,49526718
2020;12;13;5;3;5;3;0;1;1;0;0;0;0;0;803555,86;5832303,912;13,47862205;52,55595603
2020;12;17;3;3;6;2;2;0;1;1;0;0;0;1;799228,7592;5837644,425;13,41980974;52,60621955
2020;12;16;3;2;0;7;2;0;1;0;0;0;0;1;812061,3221;5831698,35;13,60310714;52,54572302
2020;12;11;4;3;5;2;0;0;1;0;0;0;1;1;797358,5219;5821998,958;13,37827367;52,46700306
2020;12;16;3;3;2;6;2;0;1;0;0;0;0;1;799079,6971;5829018,851;13,40983818;52,52898708
2020;12;16;3;3;6;4;2;0;1;1;0;0;0;1;799823,1555;5825723,82;13,41779604;52,49904396
2020;12;3;1;3;5;2;2;0;1;0;0;0;0;0;797507,6146;5824015,479;13,38226078;52,48499784
2020;12;7;4;3;6;2;1;0;1;1;0;0;0;1;797339,7447;5821935,194;13,37794126;52,46644169
2020;12;17;3;3;5;3;2;0;1;0;0;0;0;1;791814,8333;5837953,171;13,31091476;52,61301792
2020;12;14;3;3;5;3;0;0;1;0;0;0;1;0;799900,8048;5826514,725;13,41964879;52,50609051
2020;12;16;3;3;6;2;2;0;1;1;0;0;0;1;797982,8966;5826897,222;13,39181741;52,51057
2020;12;14;4;3;2;2;0;0;1;0;0;1;0;0;797307,1285;5832290,574;13,38671399;52,5592837